condition,seed,tick,collective_phi,joules_per_phi,alive,avg_energy,clustering
FULL,42,0,0.0980,0.104905,12,200.00,12.04
FULL,42,100,0.1023,453.493594,12,167.08,7.88
FULL,42,200,0.1085,1235.060898,12,168.18,7.72
FULL,42,300,0.1090,2290.697689,12,168.42,7.65
FULL,42,400,0.1093,2467.362880,12,168.66,7.71
FULL,42,500,0.1096,2687.922548,12,168.89,7.75
FULL,42,600,0.1098,2955.972868,12,169.12,7.75
FULL,42,700,0.1104,3959.038044,12,169.40,7.42
FULL,42,800,0.1107,4527.987537,12,169.69,7.05
FULL,42,900,0.1106,5039.948271,12,169.98,10.15
FULL,42,1000,0.0981,38.495291,12,138.54,8.32
FULL,42,1100,0.0993,823.951138,12,135.89,8.22
FULL,42,1200,0.0998,2900.200730,12,136.43,8.11
FULL,42,1300,0.1001,3305.875620,12,136.96,8.05
FULL,42,1400,0.1004,3756.027866,12,137.49,8.03
FULL,42,1500,0.1007,4307.614707,12,138.02,8.02
FULL,42,1600,0.1009,4972.048412,12,138.54,8.01
FULL,42,1700,0.1011,5757.804050,12,139.06,8.01
FULL,42,1800,0.1013,6668.900893,12,139.58,8.01
FULL,42,1900,0.1014,7702.984841,12,140.10,8.01
FULL,42,2000,0.1016,8849.606562,12,140.62,8.01
FULL,42,2100,0.1017,10088.983509,12,141.13,8.01
FULL,42,2200,0.1018,11391.610936,12,141.65,8.01
FULL,42,2300,0.1019,12719.173442,12,142.16,8.01
FULL,42,2400,0.1020,14027.169229,12,142.68,8.01
FULL,42,2500,0.1020,15269.319890,12,143.19,8.01
FULL,42,2600,0.1021,16403.181481,12,143.70,8.01
FULL,42,2700,0.1022,17395.683759,12,144.21,8.01
FULL,42,2800,0.1022,18227.072240,12,144.72,8.01
FULL,42,2900,0.1023,18892.186458,12,145.23,8.01
FULL,42,3000,0.1023,19398.971636,12,145.74,8.01
FULL,42,3100,0.1024,19765.040323,12,146.25,8.01
FULL,42,3200,0.1024,20013.517757,12,146.76,8.01
FULL,42,3300,0.1025,20169.253504,12,147.26,8.01
FULL,42,3400,0.1025,20256.015244,12,147.77,8.01
FULL,42,3500,0.1026,20294.806047,12,148.28,8.01
FULL,42,3600,0.1027,20303.138190,12,148.78,8.01
FULL,42,3700,0.1009,123.061084,12,148.80,7.91
FULL,42,3800,0.0990,29.362074,12,148.98,9.16
FULL,42,3900,0.0910,2.705997,12,144.00,9.23
FULL,42,4000,0.0947,2.831437,12,137.72,9.13
FULL,42,4100,0.0949,33.991591,10,133.37,8.93
FULL,42,4200,0.0974,1269.170006,12,133.80,8.95
FULL,42,4300,0.0979,2190.370683,12,134.35,8.96
FULL,42,4400,0.0980,2357.041534,11,134.64,8.97
FULL,42,4500,0.0982,763.341275,12,134.95,8.99
FULL,42,4600,0.0983,658.847382,12,135.13,8.99
FULL,42,4700,0.0988,1145.553730,12,135.58,8.99
FULL,42,4800,0.0992,1225.921304,12,136.03,8.99
FULL,42,4900,0.0994,1188.573287,12,136.46,8.99
FULL,42,5000,0.0989,320.741251,12,136.49,9.01
FULL,42,5100,0.0998,1757.430214,12,136.87,8.98
FULL,42,5200,0.0996,523.633260,12,137.06,9.00
FULL,42,5300,0.0998,737.314397,12,137.17,8.99
FULL,42,5400,0.1001,1429.519503,12,137.60,8.99
FULL,42,5500,0.1001,661.599863,12,137.80,8.98
FULL,42,5600,0.0998,365.484666,12,137.91,8.98
FULL,42,5700,0.0997,307.186103,12,137.99,9.00
FULL,42,5800,0.1003,731.426577,12,138.24,8.98
FULL,42,5900,0.1004,650.178401,12,138.51,8.99
FULL,42,6000,0.1005,1056.805886,12,138.55,8.98
FULL,42,6100,0.1003,538.305477,12,138.64,9.01
FULL,42,6200,0.1004,547.343559,12,138.79,8.98
FULL,42,6300,0.1008,2124.928310,12,139.14,8.98
FULL,42,6400,0.0958,1.942372,12,139.54,9.00
FULL,42,6500,0.1009,908.399134,12,139.96,9.00
FULL,42,6600,0.1011,1194.100903,12,140.36,8.99
FULL,42,6700,0.1012,1599.637574,12,140.73,8.99
FULL,42,6800,0.1012,1333.532916,12,140.99,8.99
FULL,42,6900,0.1008,135.516346,11,140.60,8.98
FULL,42,7000,0.1009,476.136393,12,140.91,9.01
FULL,42,7100,0.1005,247.838751,12,140.92,9.01
FULL,42,7200,0.1013,1626.637587,12,141.21,8.98
FULL,42,7300,0.1011,663.496363,12,141.22,8.99
FULL,42,7400,0.1008,317.194935,12,141.27,9.02
FULL,42,7500,0.1010,436.522303,12,141.53,9.01
FULL,42,7600,0.1013,826.751496,12,141.67,8.99
FULL,42,7700,0.1013,778.154696,12,142.00,9.00
FULL,42,7800,0.1016,2608.130351,12,142.35,8.98
FULL,42,7900,0.1015,1315.436406,12,142.58,8.99
FULL,42,8000,0.1015,919.271536,12,142.74,8.99
FULL,42,8100,0.1012,434.671014,12,143.05,9.00
FULL,42,8200,0.1016,1191.985469,12,143.31,8.98
FULL,42,8300,0.1016,993.417827,12,143.47,8.98
FULL,42,8400,0.1016,953.223621,12,143.73,8.98
FULL,42,8500,0.1013,379.172793,12,143.85,8.99
FULL,42,8600,0.1017,1449.822114,12,144.11,8.99
FULL,42,8700,0.1016,874.986496,12,144.08,8.98
FULL,42,8800,0.1015,593.859162,12,144.29,8.98
FULL,42,8900,0.1018,1234.682887,12,144.60,8.99
FULL,42,9000,0.1014,430.098297,12,144.48,9.01
FULL,42,9100,0.1015,505.593725,12,144.47,9.00
FULL,42,9200,0.1009,219.982219,12,144.59,9.04
FULL,42,9300,0.1014,434.337524,12,144.78,9.01
FULL,42,9400,0.0967,1.983198,12,144.96,8.99
FULL,42,9500,0.1018,7512.179403,11,145.13,8.98
FULL,42,9600,0.1019,2401.565802,12,145.47,8.98
FULL,42,9700,0.1020,2219.470941,12,145.73,8.99
FULL,42,9800,0.1020,2040.732430,12,146.14,8.98
FULL,42,9900,0.1017,502.713749,11,146.13,8.98
FULL,1039,0,0.0968,0.104850,12,200.00,11.97
FULL,1039,100,0.1142,99521.788402,12,199.88,10.82
FULL,1039,200,0.1142,48162.753385,12,199.84,10.85
FULL,1039,300,0.1141,32501.294608,12,199.54,10.86
FULL,1039,400,0.1141,32590.525601,12,199.18,10.88
FULL,1039,500,0.1141,32681.524269,12,198.82,10.90
FULL,1039,600,0.1140,32774.233014,12,198.46,10.93
FULL,1039,700,0.1140,32868.585761,12,198.10,10.95
FULL,1039,800,0.1140,32964.507181,12,197.74,10.99
FULL,1039,900,0.1139,33061.911883,12,197.39,11.03
FULL,1039,1000,0.1038,287.449243,12,165.82,11.76
FULL,1039,1100,0.1046,28022.148797,12,165.72,12.34
FULL,1039,1200,0.1046,89845.127452,12,165.60,12.45
FULL,1039,1300,0.1046,91329.694618,12,165.48,12.83
FULL,1039,1400,0.1046,91620.666143,12,165.36,13.12
FULL,1039,1500,0.1045,91913.904359,12,165.24,13.29
FULL,1039,1600,0.1045,92208.970120,12,165.12,13.38
FULL,1039,1700,0.1045,92505.379617,12,165.00,13.43
FULL,1039,1800,0.1045,92802.601383,12,164.88,13.46
FULL,1039,1900,0.1045,93100.053140,12,164.77,13.47
FULL,1039,2000,0.1045,93397.098668,12,164.65,13.47
FULL,1039,2100,0.1045,93693.044560,12,164.53,13.48
FULL,1039,2200,0.1045,93987.137020,12,164.41,13.48
FULL,1039,2300,0.1044,94278.558652,12,164.29,13.48
FULL,1039,2400,0.1044,94566.425270,12,164.18,13.48
FULL,1039,2500,0.1044,94849.782883,12,164.06,13.48
FULL,1039,2600,0.1044,95127.604738,12,163.94,13.48
FULL,1039,2700,0.1044,95398.788634,12,163.82,13.48
FULL,1039,2800,0.1044,95662.154449,12,163.71,13.48
FULL,1039,2900,0.1044,95916.442035,12,163.59,13.48
FULL,1039,3000,0.1044,96160.309475,12,163.47,13.48
FULL,1039,3100,0.1044,96392.331941,12,163.36,13.48
FULL,1039,3200,0.1043,96611.001011,12,163.24,13.48
FULL,1039,3300,0.1043,96814.724779,12,163.12,13.48
FULL,1039,3400,0.1043,97001.828733,12,163.01,13.48
FULL,1039,3500,0.1043,97170.557509,12,162.89,13.48
FULL,1039,3600,0.1043,97319.077741,12,162.77,13.48
FULL,1039,3700,0.1043,97445.481942,12,162.66,13.48
FULL,1039,3800,0.1043,97547.793744,12,162.54,13.48
FULL,1039,3900,0.1043,97623.974421,12,162.42,13.48
FULL,1039,4000,0.1043,97671.930922,12,162.31,13.48
FULL,1039,4100,0.1042,97689.525385,12,162.19,13.48
FULL,1039,4200,0.1042,97674.586339,12,162.08,13.48
FULL,1039,4300,0.1042,97624.921542,12,161.96,13.48
FULL,1039,4400,0.1042,97538.332476,12,161.85,13.48
FULL,1039,4500,0.1042,97412.630564,12,161.73,13.48
FULL,1039,4600,0.1042,97245.655012,12,161.61,13.48
FULL,1039,4700,0.1042,97035.292115,12,161.50,13.48
FULL,1039,4800,0.1042,96779.496082,12,161.38,13.48
FULL,1039,4900,0.1042,96476.310947,12,161.27,13.48
FULL,1039,5000,0.1041,96123.893520,12,161.16,13.48
FULL,1039,5100,0.1041,95720.537002,12,161.04,13.48
FULL,1039,5200,0.1041,95264.694898,12,160.93,13.48
FULL,1039,5300,0.1041,94755.004895,12,160.81,13.48
FULL,1039,5400,0.1041,94190.312226,12,160.70,13.48
FULL,1039,5500,0.1041,93569.692074,12,160.58,13.48
FULL,1039,5600,0.1041,92892.470535,12,160.47,13.48
FULL,1039,5700,0.1041,92158.243580,12,160.35,13.48
FULL,1039,5800,0.1041,91366.893662,12,160.24,13.48
FULL,1039,5900,0.1040,90518.603303,12,160.13,13.48
FULL,1039,6000,0.1040,89613.865432,12,160.01,13.48
FULL,1039,6100,0.1040,88653.489933,12,159.90,13.48
FULL,1039,6200,0.1040,87638.606263,12,159.79,13.48
FULL,1039,6300,0.1040,86570.661738,12,159.67,13.48
FULL,1039,6400,0.1040,85451.415585,12,159.56,13.48
FULL,1039,6500,0.1040,84282.928548,12,159.45,13.48
FULL,1039,6600,0.1040,83067.548314,12,159.33,13.48
FULL,1039,6700,0.1039,81807.890892,12,159.22,13.48
FULL,1039,6800,0.1039,80506.818258,12,159.11,13.48
FULL,1039,6900,0.1039,79167.412732,12,159.00,13.48
FULL,1039,7000,0.1039,77792.948548,12,158.88,13.48
FULL,1039,7100,0.1039,76386.861206,12,158.77,13.48
FULL,1039,7200,0.1039,74952.715189,12,158.66,13.48
FULL,1039,7300,0.1039,73494.170748,12,158.55,13.48
FULL,1039,7400,0.1038,72014.950313,12,158.44,13.48
FULL,1039,7500,0.1038,70518.805244,12,158.32,13.48
FULL,1039,7600,0.1038,69009.483471,12,158.21,13.48
FULL,1039,7700,0.1038,67490.698560,12,158.10,13.48
FULL,1039,7800,0.1038,65966.100730,12,157.99,13.48
FULL,1039,7900,0.1038,64439.250160,12,157.88,13.48
FULL,1039,8000,0.1037,62913.592966,12,157.77,13.48
FULL,1039,8100,0.1037,61392.440027,12,157.66,13.48
FULL,1039,8200,0.1037,59878.948847,12,157.55,13.48
FULL,1039,8300,0.1037,58376.108506,12,157.44,13.48
FULL,1039,8400,0.1037,56886.727674,12,157.33,13.48
FULL,1039,8500,0.1036,55413.425638,12,157.22,13.48
FULL,1039,8600,0.1036,53958.626185,12,157.11,13.48
FULL,1039,8700,0.1036,52524.554174,12,157.00,13.48
FULL,1039,8800,0.1036,51113.234549,12,156.89,13.48
FULL,1039,8900,0.1036,49726.493596,12,156.78,13.48
FULL,1039,9000,0.1035,48365.962120,12,156.67,13.48
FULL,1039,9100,0.1035,47033.080335,12,156.56,13.48
FULL,1039,9200,0.1035,45729.104148,12,156.45,13.48
FULL,1039,9300,0.1035,44455.112603,12,156.35,13.48
FULL,1039,9400,0.1034,43212.016240,12,156.24,13.48
FULL,1039,9500,0.1034,42000.566123,12,156.13,13.48
FULL,1039,9600,0.1034,40821.363341,12,156.02,13.48
FULL,1039,9700,0.1034,39674.868792,12,155.92,13.48
FULL,1039,9800,0.1033,38561.413077,12,155.81,13.48
FULL,1039,9900,0.1033,37481.206389,12,155.70,13.48
FULL,2036,0,0.0961,0.104830,12,200.00,12.52
FULL,2036,100,0.1190,34304.125376,12,199.85,9.82
FULL,2036,200,0.1189,34389.177813,12,199.50,9.84
FULL,2036,300,0.1189,34475.856077,12,199.14,9.88
FULL,2036,400,0.1189,34564.117289,12,198.79,9.96
FULL,2036,500,0.1188,34653.902704,12,198.43,10.05
FULL,2036,600,0.1188,34745.145778,12,198.08,10.17
FULL,2036,700,0.1187,34837.771497,12,197.73,10.31
FULL,2036,800,0.1192,33640.964998,12,197.37,10.45
FULL,2036,900,0.1183,34619.365752,12,197.02,11.88
FULL,2036,1000,0.1076,1007.629652,12,165.49,13.60
FULL,2036,1100,0.1064,7871.062705,12,165.32,11.71
FULL,2036,1200,0.1053,213.849388,12,164.94,11.44
FULL,2036,1300,0.0951,129.313092,12,133.74,10.91
FULL,2036,1400,0.0972,1854.665397,12,134.30,10.77
FULL,2036,1500,0.0976,2275.224069,12,134.85,10.78
FULL,2036,1600,0.0981,2435.919151,12,135.39,10.79
FULL,2036,1700,0.0985,2652.450441,12,135.93,10.79
FULL,2036,1800,0.0989,2936.327041,12,136.46,10.79
FULL,2036,1900,0.0992,3298.142563,12,137.00,10.79
FULL,2036,2000,0.0995,3749.569876,12,137.52,10.79
FULL,2036,2100,0.0997,4302.496891,12,138.05,10.79
FULL,2036,2200,0.1000,4967.762585,12,138.57,10.79
FULL,2036,2300,0.1002,5753.531687,12,139.10,10.79
FULL,2036,2400,0.1003,6663.435514,12,139.62,10.79
FULL,2036,2500,0.1005,7694.678726,12,140.13,10.79
FULL,2036,2600,0.1006,8836.356671,12,140.65,10.79
FULL,2036,2700,0.1007,10068.272172,12,141.17,10.79
FULL,2036,2800,0.1008,11360.619107,12,141.68,10.79
FULL,2036,2900,0.1009,12674.982808,12,142.19,10.79
FULL,2036,3000,0.1010,13967.053928,12,142.71,10.79
FULL,2036,3100,0.1011,15191.094326,12,143.22,10.79
FULL,2036,3200,0.1011,16305.529478,12,143.73,10.79
FULL,2036,3300,0.1012,17278.373896,12,144.24,10.79
FULL,2036,3400,0.1012,18090.987497,12,144.75,10.79
FULL,2036,3500,0.1013,18739.158079,12,145.26,10.79
FULL,2036,3600,0.1014,19231.473751,12,145.77,10.79
FULL,2036,3700,0.1014,19585.837409,12,146.28,10.79
FULL,2036,3800,0.1015,19825.349962,12,146.79,10.79
FULL,2036,3900,0.1015,19974.610035,12,147.29,10.79
FULL,2036,4000,0.1016,20057.007312,12,147.80,10.79
FULL,2036,4100,0.1016,20093.124227,12,148.31,10.79
FULL,2036,4200,0.1017,20100.068104,12,148.81,10.79
FULL,2036,4300,0.1017,20091.446924,12,149.32,10.76
FULL,2036,4400,0.1018,20077.715367,12,149.82,10.84
FULL,2036,4500,0.1018,N/A,12,150.05,10.90
FULL,2036,4600,0.1018,N/A,12,150.05,10.88
FULL,2036,4700,0.1018,N/A,12,150.05,10.88
FULL,2036,4800,0.1018,N/A,12,150.05,10.87
FULL,2036,4900,0.1018,N/A,12,150.05,10.87
FULL,2036,5000,0.1018,N/A,12,150.05,10.87
FULL,2036,5100,0.1018,N/A,12,150.05,10.87
FULL,2036,5200,0.1018,N/A,12,150.05,10.87
FULL,2036,5300,0.1018,N/A,12,150.05,10.87
FULL,2036,5400,0.1018,N/A,12,150.05,10.87
FULL,2036,5500,0.1018,N/A,12,150.05,10.87
FULL,2036,5600,0.1018,N/A,12,150.05,10.87
FULL,2036,5700,0.1018,N/A,12,150.05,10.87
FULL,2036,5800,0.1018,N/A,12,150.05,10.87
FULL,2036,5900,0.1018,N/A,12,150.05,10.87
FULL,2036,6000,0.1018,N/A,12,150.05,10.87
FULL,2036,6100,0.1018,N/A,12,150.05,10.87
FULL,2036,6200,0.1018,N/A,12,150.05,10.87
FULL,2036,6300,0.1018,N/A,12,150.05,10.87
FULL,2036,6400,0.1018,N/A,12,150.05,10.87
FULL,2036,6500,0.1018,N/A,12,150.05,10.87
FULL,2036,6600,0.1018,N/A,12,150.05,10.87
FULL,2036,6700,0.1018,N/A,12,150.05,10.87
FULL,2036,6800,0.1018,N/A,12,150.05,10.87
FULL,2036,6900,0.1018,N/A,12,150.05,10.87
FULL,2036,7000,0.1018,N/A,12,150.05,10.87
FULL,2036,7100,0.1018,N/A,12,150.05,10.87
FULL,2036,7200,0.1018,N/A,12,150.05,10.87
FULL,2036,7300,0.1018,N/A,12,150.05,10.87
FULL,2036,7400,0.1018,N/A,12,150.05,10.87
FULL,2036,7500,0.1018,N/A,12,150.05,10.87
FULL,2036,7600,0.1018,N/A,12,150.05,10.87
FULL,2036,7700,0.1018,N/A,12,150.05,10.87
FULL,2036,7800,0.1018,N/A,12,150.05,10.87
FULL,2036,7900,0.1018,N/A,12,150.05,10.87
FULL,2036,8000,0.1018,N/A,12,150.05,10.87
FULL,2036,8100,0.1018,N/A,12,150.05,10.87
FULL,2036,8200,0.1018,N/A,12,150.05,10.87
FULL,2036,8300,0.1018,N/A,12,150.05,10.87
FULL,2036,8400,0.1018,N/A,12,150.05,10.87
FULL,2036,8500,0.1018,N/A,12,150.05,10.87
FULL,2036,8600,0.1018,N/A,12,150.05,10.87
FULL,2036,8700,0.1018,N/A,12,150.05,10.87
FULL,2036,8800,0.1018,N/A,12,150.05,10.87
FULL,2036,8900,0.1018,N/A,12,150.05,10.87
FULL,2036,9000,0.1018,N/A,12,150.05,10.87
FULL,2036,9100,0.1018,N/A,12,150.05,10.87
FULL,2036,9200,0.1018,N/A,12,150.05,10.87
FULL,2036,9300,0.1018,N/A,12,150.05,10.87
FULL,2036,9400,0.1018,N/A,12,150.05,10.87
FULL,2036,9500,0.1018,N/A,12,150.05,10.87
FULL,2036,9600,0.1018,N/A,12,150.05,10.87
FULL,2036,9700,0.1018,N/A,12,150.05,10.87
FULL,2036,9800,0.1018,N/A,12,150.05,10.87
FULL,2036,9900,0.1018,N/A,12,150.05,10.87
FULL,3033,0,0.0963,0.104830,12,200.00,10.87
FULL,3033,100,0.1115,101109.462678,12,199.92,13.63
FULL,3033,200,0.1114,49152.063057,12,199.71,13.65
FULL,3033,300,0.1114,35087.867051,12,199.42,13.67
FULL,3033,400,0.1114,35176.977429,12,199.09,13.72
FULL,3033,500,0.1114,35267.636942,12,198.75,13.77
FULL,3033,600,0.1113,35359.817183,12,198.42,13.84
FULL,3033,700,0.1120,35185.701848,12,198.08,13.24
FULL,3033,800,0.1120,35281.082765,12,197.75,13.42
FULL,3033,900,0.1120,35377.835357,12,197.41,13.54
FULL,3033,1000,0.1011,785.682900,12,165.93,15.39
FULL,3033,1100,0.1051,2573.545044,12,165.81,14.96
FULL,3033,1200,0.1055,74140.245854,12,165.69,16.59
FULL,3033,1300,0.1050,83657.440156,12,165.57,17.13
FULL,3033,1400,0.1035,90429.062598,12,165.45,16.72
FULL,3033,1500,0.1035,90717.468773,12,165.33,16.47
FULL,3033,1600,0.1035,91008.034857,12,165.22,16.37
FULL,3033,1700,0.1035,91300.316798,12,165.10,16.33
FULL,3033,1800,0.1034,91593.825658,12,164.98,16.31
FULL,3033,1900,0.1034,91888.024585,12,164.86,16.31
FULL,3033,2000,0.1034,92182.325718,12,164.74,16.30
FULL,3033,2100,0.1034,92476.087043,12,164.62,16.30
FULL,3033,2200,0.1034,92768.609174,12,164.50,16.30
FULL,3033,2300,0.1034,93059.132173,12,164.39,16.30
FULL,3033,2400,0.1034,93346.832366,12,164.27,16.30
FULL,3033,2500,0.1034,93630.819218,12,164.15,16.30
FULL,3033,2600,0.1034,93910.132338,12,164.03,16.30
FULL,3033,2700,0.1033,94183.738606,12,163.92,16.30
FULL,3033,2800,0.1033,94450.529528,12,163.80,16.30
FULL,3033,2900,0.1033,94709.318880,12,163.68,16.30
FULL,3033,3000,0.1033,94958.840664,12,163.56,16.30
FULL,3033,3100,0.1033,95197.747515,12,163.45,16.30
FULL,3033,3200,0.1033,95424.609638,12,163.33,16.30
FULL,3033,3300,0.1033,95637.914315,12,163.21,16.30
FULL,3033,3400,0.1033,95836.066140,12,163.10,16.30
FULL,3033,3500,0.1033,96017.388076,12,162.98,16.30
FULL,3033,3600,0.1032,96180.123436,12,162.86,16.30
FULL,3033,3700,0.1032,96322.438886,12,162.75,16.30
FULL,3033,3800,0.1032,96442.428605,12,162.63,16.30
FULL,3033,3900,0.1032,96538.119753,12,162.51,16.30
FULL,3033,4000,0.1032,96607.479249,12,162.40,16.30
FULL,3033,4100,0.1032,96648.422024,12,162.28,16.30
FULL,3033,4200,0.1032,96658.820901,12,162.17,16.30
FULL,3033,4300,0.1032,96636.517971,12,162.05,16.30
FULL,3033,4400,0.1032,96579.337754,12,161.94,16.30
FULL,3033,4500,0.1031,96485.101934,12,161.82,16.30
FULL,3033,4600,0.1031,96351.645823,12,161.70,16.30
FULL,3033,4700,0.1031,96176.836360,12,161.59,16.30
FULL,3033,4800,0.1031,95958.591679,12,161.47,16.30
FULL,3033,4900,0.1031,95694.901975,12,161.36,16.30
FULL,3033,5000,0.1031,95383.851519,12,161.24,16.30
FULL,3033,5100,0.1031,95023.641621,12,161.13,16.30
FULL,3033,5200,0.1031,94612.614125,12,161.01,16.30
FULL,3033,5300,0.1030,94149.275201,12,160.90,16.30
FULL,3033,5400,0.1030,93632.318958,12,160.79,16.30
FULL,3033,5500,0.1030,93060.650430,12,160.67,16.30
FULL,3033,5600,0.1030,92433.407565,12,160.56,16.30
FULL,3033,5700,0.1030,91749.981577,12,160.44,16.30
FULL,3033,5800,0.1030,91010.035342,12,160.33,16.30
FULL,3033,5900,0.1030,90213.519149,12,160.21,16.30
FULL,3033,6000,0.1030,89360.683567,12,160.10,16.30
FULL,3033,6100,0.1030,88452.088812,12,159.99,16.30
FULL,3033,6200,0.1029,87488.610418,12,159.87,16.30
FULL,3033,6300,0.1029,86471.440834,12,159.76,16.30
FULL,3033,6400,0.1029,85402.086769,12,159.65,16.30
FULL,3033,6500,0.1029,84282.362273,12,159.53,16.30
FULL,3033,6600,0.1029,83114.377450,12,159.42,16.30
FULL,3033,6700,0.1029,81900.523041,12,159.31,16.30
FULL,3033,6800,0.1029,80643.451035,12,159.20,16.30
FULL,3033,6900,0.1029,79346.051704,12,159.08,16.30
FULL,3033,7000,0.1028,78011.427478,12,158.97,16.30
FULL,3033,7100,0.1028,76642.864156,12,158.86,16.30
FULL,3033,7200,0.1028,75243.800053,12,158.75,16.30
FULL,3033,7300,0.1028,73817.793710,12,158.63,16.30
FULL,3033,7400,0.1028,72368.490749,12,158.52,16.30
FULL,3033,7500,0.1028,70899.590599,12,158.41,16.30
FULL,3033,7600,0.1027,69414.813644,12,158.30,16.30
FULL,3033,7700,0.1027,67917.869397,12,158.19,16.30
FULL,3033,7800,0.1027,66412.426236,12,158.08,16.30
FULL,3033,7900,0.1027,64902.083136,12,157.96,16.30
FULL,3033,8000,0.1027,63390.343807,12,157.85,16.30
FULL,3033,8100,0.1027,61880.593501,12,157.74,16.30
FULL,3033,8200,0.1026,60376.078721,12,157.63,16.30
FULL,3033,8300,0.1026,58879.889969,12,157.52,16.30
FULL,3033,8400,0.1026,57394.947524,12,157.41,16.30
FULL,3033,8500,0.1026,55923.990316,12,157.30,16.30
FULL,3033,8600,0.1026,54469.567703,12,157.19,16.30
FULL,3033,8700,0.1026,53034.034075,12,157.08,16.30
FULL,3033,8800,0.1025,51619.546070,12,156.97,16.30
FULL,3033,8900,0.1025,50228.062158,12,156.86,16.30
FULL,3033,9000,0.1025,48861.344390,12,156.75,16.30
FULL,3033,9100,0.1025,47520.961982,12,156.64,16.30
FULL,3033,9200,0.1024,46208.296547,12,156.54,16.30
FULL,3033,9300,0.1024,44924.548626,12,156.43,16.30
FULL,3033,9400,0.1024,43670.745338,12,156.32,16.30
FULL,3033,9500,0.1024,42447.748848,12,156.21,16.30
FULL,3033,9600,0.1023,41256.265471,12,156.10,16.30
FULL,3033,9700,0.1023,40096.855182,12,156.00,16.30
FULL,3033,9800,0.1023,38969.941368,12,155.89,16.30
FULL,3033,9900,0.1023,37875.820662,12,155.78,16.30
FULL,4030,0,0.0980,0.104910,12,200.00,12.74
FULL,4030,100,0.1099,92.479678,12,167.91,9.30
FULL,4030,200,0.1133,974.022323,12,169.87,8.99
FULL,4030,300,0.1137,2572.031312,12,170.13,9.12
FULL,4030,400,0.1139,2799.623282,12,170.34,9.12
FULL,4030,500,0.1142,3074.411223,12,170.55,9.11
FULL,4030,600,0.1143,3396.409116,12,170.76,8.69
FULL,4030,700,0.1145,3762.971682,12,170.97,7.26
FULL,4030,800,0.1149,4175.919327,12,171.17,6.47
FULL,4030,900,0.1146,4489.764353,12,171.37,5.68
FULL,4030,1000,0.1031,254.163613,12,138.35,4.91
FULL,4030,1100,0.1041,4531.846803,12,138.88,4.58
FULL,4030,1200,0.1043,6520.445282,12,139.40,4.51
FULL,4030,1300,0.1045,7554.013134,12,139.92,4.49
FULL,4030,1400,0.1046,8697.659505,12,140.43,4.49
FULL,4030,1500,0.1047,9945.416975,12,140.95,4.49
FULL,4030,1600,0.1048,11270.338714,12,141.47,4.49
FULL,4030,1700,0.1049,12635.859437,12,141.98,4.49
FULL,4030,1800,0.1050,13997.847365,12,142.49,4.49
FULL,4030,1900,0.1051,15308.539186,12,143.01,4.49
FULL,4030,2000,0.1052,16522.019512,12,143.52,4.49
FULL,4030,2100,0.1052,17600.152929,12,144.03,4.49
FULL,4030,2200,0.1053,18517.404482,12,144.54,4.49
FULL,4030,2300,0.1053,19263.196721,12,145.05,4.49
FULL,4030,2400,0.1054,19841.319808,12,145.56,4.49
FULL,4030,2500,0.1055,20266.947398,12,146.07,4.49
FULL,4030,2600,0.1055,20562.455925,12,146.58,4.49
FULL,4030,2700,0.1056,20753.276463,12,147.09,4.49
FULL,4030,2800,0.1056,20864.600533,12,147.59,4.49
FULL,4030,2900,0.1057,20919.243480,12,148.10,4.49
FULL,4030,3000,0.1057,20936.580382,12,148.61,4.49
FULL,4030,3100,0.1058,20932.281665,12,149.11,4.49
FULL,4030,3200,0.1058,20918.546339,12,149.62,4.40
FULL,4030,3300,0.1059,14208006530.377918,12,150.05,4.41
FULL,4030,3400,0.1059,N/A,12,150.05,4.38
FULL,4030,3500,0.1059,N/A,12,150.05,4.37
FULL,4030,3600,0.1059,N/A,12,150.05,4.37
FULL,4030,3700,0.1059,N/A,12,150.05,4.37
FULL,4030,3800,0.1059,N/A,12,150.05,4.37
FULL,4030,3900,0.1059,N/A,12,150.05,4.37
FULL,4030,4000,0.1059,N/A,12,150.05,4.37
FULL,4030,4100,0.1059,N/A,12,150.05,4.37
FULL,4030,4200,0.1059,N/A,12,150.05,4.37
FULL,4030,4300,0.1059,N/A,12,150.05,4.37
FULL,4030,4400,0.1059,N/A,12,150.05,4.37
FULL,4030,4500,0.1059,N/A,12,150.05,4.37
FULL,4030,4600,0.1059,N/A,12,150.05,4.37
FULL,4030,4700,0.1059,N/A,12,150.05,4.37
FULL,4030,4800,0.1059,N/A,12,150.05,4.37
FULL,4030,4900,0.1059,N/A,12,150.05,4.37
FULL,4030,5000,0.1059,N/A,12,150.05,4.37
FULL,4030,5100,0.1059,N/A,12,150.05,4.37
FULL,4030,5200,0.1059,N/A,12,150.05,4.37
FULL,4030,5300,0.1059,N/A,12,150.05,4.37
FULL,4030,5400,0.1059,N/A,12,150.05,4.37
FULL,4030,5500,0.1059,N/A,12,150.05,4.37
FULL,4030,5600,0.1059,N/A,12,150.05,4.37
FULL,4030,5700,0.1059,N/A,12,150.05,4.37
FULL,4030,5800,0.1059,N/A,12,150.05,4.37
FULL,4030,5900,0.1059,N/A,12,150.05,4.37
FULL,4030,6000,0.1059,N/A,12,150.05,4.37
FULL,4030,6100,0.1059,N/A,12,150.05,4.37
FULL,4030,6200,0.1059,N/A,12,150.05,4.37
FULL,4030,6300,0.1059,N/A,12,150.05,4.37
FULL,4030,6400,0.1059,N/A,12,150.05,4.37
FULL,4030,6500,0.1059,N/A,12,150.05,4.37
FULL,4030,6600,0.1059,N/A,12,150.05,4.37
FULL,4030,6700,0.1059,N/A,12,150.05,4.37
FULL,4030,6800,0.1059,N/A,12,150.05,4.37
FULL,4030,6900,0.1059,N/A,12,150.05,4.37
FULL,4030,7000,0.1059,N/A,12,150.05,4.37
FULL,4030,7100,0.1059,N/A,12,150.05,4.37
FULL,4030,7200,0.1059,N/A,12,150.05,4.37
FULL,4030,7300,0.1059,N/A,12,150.05,4.37
FULL,4030,7400,0.1059,N/A,12,150.05,4.37
FULL,4030,7500,0.1059,N/A,12,150.05,4.37
FULL,4030,7600,0.1059,N/A,12,150.05,4.37
FULL,4030,7700,0.1059,N/A,12,150.05,4.37
FULL,4030,7800,0.1059,N/A,12,150.05,4.37
FULL,4030,7900,0.1059,N/A,12,150.05,4.37
FULL,4030,8000,0.1059,N/A,12,150.05,4.37
FULL,4030,8100,0.1059,N/A,12,150.05,4.37
FULL,4030,8200,0.1059,N/A,12,150.05,4.37
FULL,4030,8300,0.1059,N/A,12,150.05,4.37
FULL,4030,8400,0.1059,N/A,12,150.05,4.37
FULL,4030,8500,0.1059,N/A,12,150.05,4.37
FULL,4030,8600,0.1059,N/A,12,150.05,4.37
FULL,4030,8700,0.1059,N/A,12,150.05,4.37
FULL,4030,8800,0.1059,N/A,12,150.05,4.37
FULL,4030,8900,0.1059,N/A,12,150.05,4.37
FULL,4030,9000,0.1059,N/A,12,150.05,4.37
FULL,4030,9100,0.1059,N/A,12,150.05,4.37
FULL,4030,9200,0.1059,N/A,12,150.05,4.37
FULL,4030,9300,0.1059,N/A,12,150.05,4.37
FULL,4030,9400,0.1059,N/A,12,150.05,4.37
FULL,4030,9500,0.1059,N/A,12,150.05,4.37
FULL,4030,9600,0.1059,N/A,12,150.05,4.37
FULL,4030,9700,0.1059,N/A,12,150.05,4.37
FULL,4030,9800,0.1059,N/A,12,150.05,4.37
FULL,4030,9900,0.1059,N/A,12,150.05,4.37
FULL,5027,0,0.0926,0.104673,12,200.00,12.19
FULL,5027,100,0.1173,51265.119451,12,199.81,9.72
FULL,5027,200,0.1173,34699.268847,12,199.52,9.66
FULL,5027,300,0.1173,34776.935492,12,199.17,9.67
FULL,5027,400,0.1172,34855.890332,12,198.83,9.71
FULL,5027,500,0.1172,34936.086123,12,198.48,9.76
FULL,5027,600,0.1172,35017.469787,12,198.14,9.82
FULL,5027,700,0.1049,789.063390,12,166.08,12.22
FULL,5027,800,0.1082,1459.689653,12,165.97,12.09
FULL,5027,900,0.1069,66286.427171,12,165.85,12.42
FULL,5027,1000,0.1071,91742.153052,12,165.73,14.11
FULL,5027,1100,0.1043,1207.233140,12,165.60,13.60
FULL,5027,1200,0.1041,17022.682432,12,165.48,12.85
FULL,5027,1300,0.1041,61312.012253,12,165.36,12.75
FULL,5027,1400,0.1041,90138.597653,12,165.24,12.73
FULL,5027,1500,0.1041,90717.194616,12,165.12,12.73
FULL,5027,1600,0.1041,91046.735066,12,165.00,12.73
FULL,5027,1700,0.1041,91377.795936,12,164.88,12.73
FULL,5027,1800,0.1040,91709.724623,12,164.75,12.73
FULL,5027,1900,0.1040,92041.803018,12,164.63,12.73
FULL,5027,2000,0.1040,92373.243287,12,164.51,12.73
FULL,5027,2100,0.1040,92703.183644,12,164.39,12.73
FULL,5027,2200,0.1040,93030.684093,12,164.27,12.73
FULL,5027,2300,0.1040,93354.722284,12,164.15,12.73
FULL,5027,2400,0.1040,93674.189439,12,164.03,12.73
FULL,5027,2500,0.1040,93987.886474,12,163.91,12.73
FULL,5027,2600,0.1040,94294.520416,12,163.79,12.73
FULL,5027,2700,0.1039,94592.701115,12,163.67,12.73
FULL,5027,2800,0.1039,94880.938480,12,163.55,12.73
FULL,5027,2900,0.1039,95157.640269,12,163.43,12.73
FULL,5027,3000,0.1039,95421.110554,12,163.31,12.73
FULL,5027,3100,0.1039,95669.549021,12,163.19,12.73
FULL,5027,3200,0.1039,95901.051330,12,163.07,12.73
FULL,5027,3300,0.1039,96113.610494,12,162.96,12.73
FULL,5027,3400,0.1039,96305.119674,12,162.84,12.73
FULL,5027,3500,0.1039,96473.376358,12,162.72,12.73
FULL,5027,3600,0.1038,96616.088218,12,162.60,12.73
FULL,5027,3700,0.1038,96730.880761,12,162.48,12.73
FULL,5027,3800,0.1038,96815.306920,12,162.36,12.73
FULL,5027,3900,0.1038,96866.858718,12,162.24,12.73
FULL,5027,4000,0.1038,96882.981156,12,162.12,12.73
FULL,5027,4100,0.1038,96861.088382,12,162.01,12.73
FULL,5027,4200,0.1038,96798.582127,12,161.89,12.73
FULL,5027,4300,0.1038,96692.872550,12,161.77,12.73
FULL,5027,4400,0.1037,96541.401256,12,161.65,12.73
FULL,5027,4500,0.1037,96341.666488,12,161.53,12.73
FULL,5027,4600,0.1037,96091.250264,12,161.42,12.73
FULL,5027,4700,0.1037,95787.847109,12,161.30,12.73
FULL,5027,4800,0.1037,95429.294191,12,161.18,12.73
FULL,5027,4900,0.1037,95013.602229,12,161.06,12.73
FULL,5027,5000,0.1037,94538.986828,12,160.95,12.73
FULL,5027,5100,0.1037,94003.899596,12,160.83,12.73
FULL,5027,5200,0.1037,93407.058302,12,160.71,12.73
FULL,5027,5300,0.1036,92747.475615,12,160.60,12.73
FULL,5027,5400,0.1036,92024.485450,12,160.48,12.73
FULL,5027,5500,0.1036,91237.766405,12,160.36,12.73
FULL,5027,5600,0.1036,90387.361442,12,160.25,12.73
FULL,5027,5700,0.1036,89473.693273,12,160.13,12.73
FULL,5027,5800,0.1036,88497.574779,12,160.01,12.73
FULL,5027,5900,0.1036,87460.214051,12,159.90,12.73
FULL,5027,6000,0.1036,86363.213679,12,159.78,12.73
FULL,5027,6100,0.1035,85208.564100,12,159.66,12.73
FULL,5027,6200,0.1035,83998.630909,12,159.55,12.73
FULL,5027,6300,0.1035,82736.136344,12,159.43,12.73
FULL,5027,6400,0.1035,81424.135176,12,159.32,12.73
FULL,5027,6500,0.1035,80065.985496,12,159.20,12.73
FULL,5027,6600,0.1035,78665.314966,12,159.09,12.73
FULL,5027,6700,0.1035,77225.983315,12,158.97,12.73
FULL,5027,6800,0.1035,75752.041900,12,158.86,12.73
FULL,5027,6900,0.1034,74247.691158,12,158.74,12.73
FULL,5027,7000,0.1034,72717.237036,12,158.63,12.73
FULL,5027,7100,0.1034,71165.047161,12,158.51,12.73
FULL,5027,7200,0.1034,69595.507776,12,158.40,12.73
FULL,5027,7300,0.1034,68012.982214,12,158.28,12.73
FULL,5027,7400,0.1034,66421.771695,12,158.17,12.73
FULL,5027,7500,0.1033,64826.079052,12,158.06,12.73
FULL,5027,7600,0.1033,63229.975955,12,157.94,12.73
FULL,5027,7700,0.1033,61637.373967,12,157.83,12.73
FULL,5027,7800,0.1033,60051.999734,12,157.72,12.73
FULL,5027,7900,0.1033,58477.374424,12,157.60,12.73
FULL,5027,8000,0.1033,56916.797423,12,157.49,12.73
FULL,5027,8100,0.1032,55373.334207,12,157.38,12.73
FULL,5027,8200,0.1032,53849.808189,12,157.26,12.73
FULL,5027,8300,0.1032,52348.796298,12,157.15,12.73
FULL,5027,8400,0.1032,50872.627958,12,157.04,12.73
FULL,5027,8500,0.1032,49423.387129,12,156.93,12.73
FULL,5027,8600,0.1031,48002.916982,12,156.81,12.73
FULL,5027,8700,0.1031,46612.826885,12,156.70,12.73
FULL,5027,8800,0.1031,45254.501239,12,156.59,12.73
FULL,5027,8900,0.1031,43929.109835,12,156.48,12.73
FULL,5027,9000,0.1030,42637.619345,12,156.37,12.73
FULL,5027,9100,0.1030,41380.805655,12,156.26,12.73
FULL,5027,9200,0.1030,40159.266697,12,156.15,12.73
FULL,5027,9300,0.1030,38973.435561,12,156.04,12.73
FULL,5027,9400,0.1029,37823.593639,12,155.93,12.73
FULL,5027,9500,0.1029,36709.883615,12,155.82,12.73
FULL,5027,9600,0.1029,35632.322153,12,155.71,12.73
FULL,5027,9700,0.1028,34590.812146,12,155.60,12.73
FULL,5027,9800,0.1028,33585.154437,12,155.49,12.73
FULL,5027,9900,0.1028,32615.058950,12,155.38,12.73
FULL,6024,0,0.0946,0.104747,12,200.00,10.67
FULL,6024,100,0.1078,155.548650,12,167.83,11.22
FULL,6024,200,0.1088,376.148700,12,167.50,11.49
FULL,6024,300,0.1095,6198.618075,12,167.30,11.44
FULL,6024,400,0.1095,6275.830103,12,167.11,11.38
FULL,6024,500,0.1095,6343.991775,12,166.91,11.44
FULL,6024,600,0.1095,6416.306157,12,166.72,11.49
FULL,6024,700,0.1095,6492.881325,12,166.52,11.62
FULL,6024,800,0.1096,10242.206752,12,166.40,11.73
FULL,6024,900,0.1108,10375.295266,12,166.28,10.74
FULL,6024,1000,0.1118,10693.694686,12,166.14,11.08
FULL,6024,1100,0.1066,163.902831,12,158.38,10.60
FULL,6024,1200,0.1060,369.139609,12,157.04,9.94
FULL,6024,1300,0.1049,1681.969069,12,156.29,9.37
FULL,6024,1400,0.1051,6723.958727,12,156.03,9.18
FULL,6024,1500,0.1051,8265.574280,12,155.92,9.11
FULL,6024,1600,0.1052,8323.485670,12,155.80,9.08
FULL,6024,1700,0.1053,8374.095132,12,155.69,9.07
FULL,6024,1800,0.1053,8428.305393,12,155.57,9.07
FULL,6024,1900,0.1054,8485.819176,12,155.45,9.07
FULL,6024,2000,0.1055,8546.328903,12,155.34,9.07
FULL,6024,2100,0.1055,8609.517123,12,155.22,9.07
FULL,6024,2200,0.1056,8675.057183,12,155.10,9.07
FULL,6024,2300,0.1056,8742.614141,12,154.98,9.07
FULL,6024,2400,0.1057,8811.845950,12,154.86,9.07
FULL,6024,2500,0.1057,8882.404892,12,154.74,9.07
FULL,6024,2600,0.1058,8953.939299,12,154.62,9.07
FULL,6024,2700,0.1058,9026.095517,12,154.50,9.07
FULL,6024,2800,0.1059,9098.520126,12,154.38,9.07
FULL,6024,2900,0.1059,9170.862377,12,154.26,9.07
FULL,6024,3000,0.1059,9242.776829,12,154.14,9.07
FULL,6024,3100,0.1060,9313.926129,12,154.01,9.07
FULL,6024,3200,0.1060,9383.983907,12,153.89,9.07
FULL,6024,3300,0.1060,9452.637721,12,153.77,9.07
FULL,6024,3400,0.1061,9519.591987,12,153.65,9.07
FULL,6024,3500,0.1061,9584.570847,12,153.52,9.07
FULL,6024,3600,0.1061,9647.320891,12,153.40,9.07
FULL,6024,3700,0.1061,9707.613671,12,153.28,9.07
FULL,6024,3800,0.1061,9765.247947,12,153.15,9.07
FULL,6024,3900,0.1061,9820.051603,12,153.03,9.07
FULL,6024,4000,0.1062,9871.883170,12,152.90,9.07
FULL,6024,4100,0.1062,9920.632929,12,152.78,9.07
FULL,6024,4200,0.1062,9966.223547,12,152.66,9.07
FULL,6024,4300,0.1062,10008.610229,12,152.53,9.07
FULL,6024,4400,0.1062,10047.780265,12,152.41,9.07
FULL,6024,4500,0.1062,10083.752570,12,152.28,9.07
FULL,6024,4600,0.1062,10116.576046,12,152.16,9.07
FULL,6024,4700,0.1061,10146.327982,12,152.03,9.07
FULL,6024,4800,0.1061,10173.111947,12,151.91,9.07
FULL,6024,4900,0.1061,10197.055355,12,151.79,9.07
FULL,6024,5000,0.1061,10218.306738,12,151.66,9.07
FULL,6024,5100,0.1061,10237.032814,12,151.54,9.07
FULL,6024,5200,0.1061,10253.415399,12,151.42,9.07
FULL,6024,5300,0.1060,10267.648240,12,151.29,9.07
FULL,6024,5400,0.1060,10279.933816,12,151.17,9.07
FULL,6024,5500,0.1060,10290.480187,12,151.05,9.07
FULL,6024,5600,0.1060,10299.497927,12,150.92,9.07
FULL,6024,5700,0.1059,10307.197199,12,150.80,9.07
FULL,6024,5800,0.1059,10313.784995,12,150.68,9.07
FULL,6024,5900,0.1059,10319.462599,12,150.56,9.07
FULL,6024,6000,0.1058,10324.423267,12,150.44,9.07
FULL,6024,6100,0.1058,10328.850164,12,150.32,9.07
FULL,6024,6200,0.1057,10332.914549,12,150.20,9.07
FULL,6024,6300,0.1057,10336.774223,12,150.08,9.07
FULL,6024,6400,0.1056,10340.572237,12,149.96,9.07
FULL,6024,6500,0.1056,10344.435844,12,149.84,9.07
FULL,6024,6600,0.1055,10348.475699,12,149.72,9.07
FULL,6024,6700,0.1055,10352.785279,12,149.60,9.07
FULL,6024,6800,0.1054,10357.440523,12,149.49,9.07
FULL,6024,6900,0.1054,10362.499665,12,149.37,9.07
FULL,6024,7000,0.1053,10368.003259,12,149.25,9.07
FULL,6024,7100,0.1053,10373.974362,12,149.14,9.07
FULL,6024,7200,0.1052,10380.418873,12,149.02,9.07
FULL,6024,7300,0.1052,10387.326022,12,148.91,9.07
FULL,6024,7400,0.1051,10394.668971,12,148.79,9.07
FULL,6024,7500,0.1050,10402.405545,12,148.68,9.07
FULL,6024,7600,0.1050,10410.479065,12,148.57,9.07
FULL,6024,7700,0.1049,10418.819279,12,148.45,9.07
FULL,6024,7800,0.1049,10427.343392,12,148.34,9.07
FULL,6024,7900,0.1048,10435.957173,12,148.23,9.07
FULL,6024,8000,0.1047,10444.556152,12,148.12,9.07
FULL,6024,8100,0.1047,10453.026884,12,148.01,9.07
FULL,6024,8200,0.1046,10461.248292,12,147.90,9.07
FULL,6024,8300,0.1045,10469.093070,12,147.79,9.07
FULL,6024,8400,0.1045,10476.429151,12,147.68,9.07
FULL,6024,8500,0.1044,10483.121226,12,147.58,9.07
FULL,6024,8600,0.1043,10489.032316,12,147.47,9.07
FULL,6024,8700,0.1042,10494.025377,12,147.37,9.07
FULL,6024,8800,0.1042,10497.964938,12,147.26,9.07
FULL,6024,8900,0.1041,27098.606095,12,147.17,9.07
FULL,6024,9000,0.1041,26845.214392,12,147.14,9.07
FULL,6024,9100,0.1041,26572.175358,12,147.11,9.07
FULL,6024,9200,0.1041,26281.181161,12,147.08,9.07
FULL,6024,9300,0.1041,25973.929623,12,147.05,9.07
FULL,6024,9400,0.1040,25652.150821,12,147.03,9.07
FULL,6024,9500,0.1040,25317.589876,12,147.00,9.07
FULL,6024,9600,0.1040,24971.990670,12,146.97,9.07
FULL,6024,9700,0.1040,24617.080685,12,146.94,9.07
FULL,6024,9800,0.1040,24254.557149,12,146.92,9.07
FULL,6024,9900,0.1040,23886.074614,12,146.89,9.07
FULL,7021,0,0.0944,0.104746,12,200.00,12.70
FULL,7021,100,0.0966,130.982472,12,167.09,16.22
FULL,7021,200,0.0978,6008.530726,12,167.71,15.04
FULL,7021,300,0.0979,6010.058378,12,167.64,14.40
FULL,7021,400,0.1005,5978.203970,12,167.48,14.28
FULL,7021,500,0.1003,6147.812567,12,167.31,14.24
FULL,7021,600,0.1003,6221.894659,12,167.14,14.16
FULL,7021,700,0.1003,6300.214038,12,166.98,14.06
FULL,7021,800,0.1004,10064.182887,12,166.86,14.01
FULL,7021,900,0.1005,10243.097961,12,166.77,14.00
FULL,7021,1000,0.1005,10430.570138,12,166.67,14.02
FULL,7021,1100,0.1006,10626.629936,12,166.58,14.66
FULL,7021,1200,0.1018,10348.862172,12,166.46,15.93
FULL,7021,1300,0.1025,10560.792118,12,166.33,14.98
FULL,7021,1400,0.1055,11039.277611,12,166.19,12.49
FULL,7021,1500,0.0926,560.825180,12,134.27,13.62
FULL,7021,1600,0.0977,1694.309589,12,134.38,11.89
FULL,7021,1700,0.0979,5510.201101,12,134.48,11.88
FULL,7021,1800,0.0981,5688.938327,12,134.58,11.88
FULL,7021,1900,0.0982,5795.661254,12,134.68,11.89
FULL,7021,2000,0.0984,5907.755556,12,134.77,11.89
FULL,7021,2100,0.0985,6025.314562,12,134.87,11.89
FULL,7021,2200,0.0987,6148.432418,12,134.96,11.89
FULL,7021,2300,0.0988,6277.203649,12,135.05,11.89
FULL,7021,2400,0.0989,6411.722693,12,135.14,11.89
FULL,7021,2500,0.0991,6552.083396,12,135.23,11.89
FULL,7021,2600,0.0992,6698.378488,12,135.31,11.89
FULL,7021,2700,0.0993,6850.699005,12,135.40,11.89
FULL,7021,2800,0.0995,7009.133675,12,135.49,11.89
FULL,7021,2900,0.0996,7173.768260,12,135.57,11.89
FULL,7021,3000,0.0997,7344.684842,12,135.65,11.89
FULL,7021,3100,0.0998,7521.961058,12,135.73,11.89
FULL,7021,3200,0.0999,7705.669275,12,135.81,11.89
FULL,7021,3300,0.1001,7895.875706,12,135.89,11.89
FULL,7021,3400,0.1002,8092.639454,12,135.97,11.89
FULL,7021,3500,0.1003,8296.011485,12,136.05,11.89
FULL,7021,3600,0.1004,8506.033534,12,136.12,11.89
FULL,7021,3700,0.1005,8722.736922,12,136.20,11.89
FULL,7021,3800,0.1006,8946.141298,12,136.27,11.89
FULL,7021,3900,0.1007,9176.253295,12,136.34,11.89
FULL,7021,4000,0.1008,9413.065100,12,136.41,11.89
FULL,7021,4100,0.1008,9656.552931,12,136.48,11.89
FULL,7021,4200,0.1009,9906.675433,12,136.55,11.89
FULL,7021,4300,0.1010,10163.371982,12,136.62,11.89
FULL,7021,4400,0.1011,10426.560905,12,136.69,11.89
FULL,7021,4500,0.1012,10696.137616,12,136.76,11.89
FULL,7021,4600,0.1012,10971.972682,12,136.83,11.89
FULL,7021,4700,0.1013,11253.909823,12,136.89,11.89
FULL,7021,4800,0.1014,11541.763849,12,136.96,11.89
FULL,7021,4900,0.1015,11835.318569,12,137.02,11.89
FULL,7021,5000,0.1015,12134.324671,12,137.09,11.89
FULL,7021,5100,0.1016,12438.497599,12,137.15,11.89
FULL,7021,5200,0.1017,12747.515464,12,137.21,11.89
FULL,7021,5300,0.1017,13061.017010,12,137.28,11.89
FULL,7021,5400,0.1018,13378.599664,12,137.34,11.89
FULL,7021,5500,0.1018,13699.817732,12,137.40,11.89
FULL,7021,5600,0.1019,14024.180760,12,137.46,11.89
FULL,7021,5700,0.1019,14351.152132,12,137.52,11.89
FULL,7021,5800,0.1020,14680.147944,12,137.58,11.89
FULL,7021,5900,0.1020,15010.536219,12,137.64,11.89
FULL,7021,6000,0.1021,15341.636528,12,137.70,11.89
FULL,7021,6100,0.1021,15672.720070,12,137.76,11.89
FULL,7021,6200,0.1022,16003.010290,12,137.81,11.89
FULL,7021,6300,0.1022,16331.684085,12,137.87,11.89
FULL,7021,6400,0.1022,16657.873667,12,137.93,11.89
FULL,7021,6500,0.1023,16980.669147,12,137.99,11.89
FULL,7021,6600,0.1023,17299.121872,12,138.04,11.89
FULL,7021,6700,0.1023,17612.248569,12,138.10,11.89
FULL,7021,6800,0.1024,17919.036324,12,138.15,11.89
FULL,7021,6900,0.1024,18218.448403,12,138.21,11.89
FULL,7021,7000,0.1024,18509.430910,12,138.26,11.89
FULL,7021,7100,0.1025,18790.920266,12,138.32,11.89
FULL,7021,7200,0.1025,19061.851448,12,138.37,11.89
FULL,7021,7300,0.1025,19321.166934,12,138.43,11.89
FULL,7021,7400,0.1026,19567.826246,12,138.48,11.89
FULL,7021,7500,0.1026,19800.815975,12,138.53,11.89
FULL,7021,7600,0.1026,20019.160153,12,138.59,11.89
FULL,7021,7700,0.1026,20221.930800,12,138.64,11.89
FULL,7021,7800,0.1026,20408.258466,12,138.69,11.89
FULL,7021,7900,0.1027,20577.342580,12,138.75,11.89
FULL,7021,8000,0.1027,20728.461391,12,138.80,11.89
FULL,7021,8100,0.1027,20860.981300,12,138.85,11.89
FULL,7021,8200,0.1027,20974.365383,12,138.90,11.89
FULL,7021,8300,0.1027,21068.180897,12,138.96,11.89
FULL,7021,8400,0.1027,21142.105611,12,139.01,11.89
FULL,7021,8500,0.1027,21195.932788,12,139.06,11.89
FULL,7021,8600,0.1027,21229.574714,12,139.11,11.89
FULL,7021,8700,0.1028,21243.064660,12,139.16,11.89
FULL,7021,8800,0.1028,21236.557238,12,139.22,11.89
FULL,7021,8900,0.1028,21210.327133,12,139.27,11.89
FULL,7021,9000,0.1028,21164.766226,12,139.32,11.89
FULL,7021,9100,0.1028,21100.379181,12,139.37,11.89
FULL,7021,9200,0.1028,21017.777595,12,139.42,11.89
FULL,7021,9300,0.1028,20917.672736,12,139.47,11.89
FULL,7021,9400,0.1028,20800.867071,12,139.53,11.89
FULL,7021,9500,0.1028,20668.246051,12,139.58,11.89
FULL,7021,9600,0.1028,20520.766799,12,139.63,11.89
FULL,7021,9700,0.1028,20359.447953,12,139.68,11.89
FULL,7021,9800,0.1028,20185.358701,12,139.73,11.89
FULL,7021,9900,0.1027,19999.607663,12,139.78,11.89
FULL,8018,0,0.0964,0.104830,12,200.00,12.46
FULL,8018,100,0.1007,433.278689,12,167.72,11.12
FULL,8018,200,0.1070,680.568905,12,170.80,10.43
FULL,8018,300,0.1082,1179.218106,12,172.37,10.56
FULL,8018,400,0.1089,1774.812935,12,173.92,10.47
FULL,8018,500,0.1094,2529.889651,12,175.47,10.40
FULL,8018,600,0.1097,3227.841500,12,177.01,10.37
FULL,8018,700,0.1027,561.893812,12,146.52,11.41
FULL,8018,800,0.1048,754.002718,12,148.26,8.68
FULL,8018,900,0.1050,2356.269038,12,147.63,9.05
FULL,8018,1000,0.1053,4101.505353,12,149.37,9.06
FULL,8018,1100,0.1054,13368.344944,12,150.04,9.10
FULL,8018,1200,0.1055,13670.897229,12,150.03,9.10
FULL,8018,1300,0.1056,13984.176262,12,150.01,9.10
FULL,8018,1400,0.1056,14308.205103,12,149.99,9.10
FULL,8018,1500,0.1057,14642.992837,12,149.97,9.10
FULL,8018,1600,0.1057,14988.532726,12,149.95,9.10
FULL,8018,1700,0.1058,15344.800241,12,149.93,9.10
FULL,8018,1800,0.1058,15711.750971,12,149.91,9.10
FULL,8018,1900,0.1059,16089.318412,12,149.89,9.10
FULL,8018,2000,0.1059,16477.411612,12,149.87,9.10
FULL,8018,2100,0.1060,16875.912697,12,149.84,9.10
FULL,8018,2200,0.1060,17284.674248,12,149.82,9.10
FULL,8018,2300,0.1060,17703.516552,12,149.80,9.10
FULL,8018,2400,0.1061,18132.224710,12,149.77,9.10
FULL,8018,2500,0.1061,18570.545623,12,149.75,9.10
FULL,8018,2600,0.1062,19018.184854,12,149.73,9.10
FULL,8018,2700,0.1062,19474.803378,12,149.70,9.10
FULL,8018,2800,0.1062,19940.014247,12,149.68,9.10
FULL,8018,2900,0.1063,20413.379172,12,149.65,9.10
FULL,8018,3000,0.1063,20894.405079,12,149.63,9.10
FULL,8018,3100,0.1063,21382.540636,12,149.60,9.10
FULL,8018,3200,0.1064,21877.172831,12,149.57,9.10
FULL,8018,3300,0.1064,22377.623624,12,149.55,9.10
FULL,8018,3400,0.1064,22883.146743,12,149.52,9.10
FULL,8018,3500,0.1064,23392.924692,12,149.49,9.10
FULL,8018,3600,0.1065,23906.066046,12,149.47,9.10
FULL,8018,3700,0.1065,24421.603118,12,149.44,9.10
FULL,8018,3800,0.1065,24938.490104,12,149.41,9.10
FULL,8018,3900,0.1065,25455.601801,12,149.38,9.10
FULL,8018,4000,0.1065,25971.733010,12,149.36,9.10
FULL,8018,4100,0.1066,26485.598751,12,149.33,9.10
FULL,8018,4200,0.1066,26995.835405,12,149.30,9.10
FULL,8018,4300,0.1066,27501.002906,12,149.27,9.10
FULL,8018,4400,0.1066,27999.588101,12,149.24,9.10
FULL,8018,4500,0.1066,28490.009403,12,149.21,9.10
FULL,8018,4600,0.1067,28970.622809,12,149.18,9.10
FULL,8018,4700,0.1067,29439.729405,12,149.15,9.10
FULL,8018,4800,0.1067,29895.584385,12,149.12,9.10
FULL,8018,4900,0.1067,30336.407630,12,149.09,9.10
FULL,8018,5000,0.1067,30760.395857,12,149.06,9.10
FULL,8018,5100,0.1067,31165.736264,12,149.04,9.10
FULL,8018,5200,0.1067,31550.621618,12,149.01,9.10
FULL,8018,5300,0.1067,31913.266625,12,148.98,9.10
FULL,8018,5400,0.1067,32251.925418,12,148.94,9.10
FULL,8018,5500,0.1067,32564.909906,12,148.91,9.10
FULL,8018,5600,0.1068,32850.608716,12,148.88,9.10
FULL,8018,5700,0.1068,33107.506391,12,148.85,9.10
FULL,8018,5800,0.1068,33334.202476,12,148.82,9.10
FULL,8018,5900,0.1068,33529.430111,12,148.79,9.10
FULL,8018,6000,0.1068,33692.073687,12,148.76,9.10
FULL,8018,6100,0.1068,33821.185191,12,148.73,9.10
FULL,8018,6200,0.1068,33915.998795,12,148.70,9.10
FULL,8018,6300,0.1068,33975.943336,12,148.67,9.10
FULL,8018,6400,0.1068,34000.652335,12,148.64,9.10
FULL,8018,6500,0.1068,33989.970780,12,148.61,9.10
FULL,8018,6600,0.1068,33943.960576,12,148.58,9.10
FULL,8018,6700,0.1068,33862.901367,12,148.55,9.10
FULL,8018,6800,0.1068,33747.288015,12,148.52,9.10
FULL,8018,6900,0.1068,33597.825912,12,148.49,9.10
FULL,8018,7000,0.1068,33415.422916,12,148.46,9.10
FULL,8018,7100,0.1068,33201.178481,12,148.43,9.10
FULL,8018,7200,0.1068,32956.370238,12,148.40,9.10
FULL,8018,7300,0.1068,32682.438362,12,148.37,9.10
FULL,8018,7400,0.1067,32380.968100,12,148.34,9.10
FULL,8018,7500,0.1067,32053.670869,12,148.31,9.10
FULL,8018,7600,0.1067,31702.364351,12,148.28,9.10
FULL,8018,7700,0.1067,31328.952018,12,148.25,9.10
FULL,8018,7800,0.1067,30935.402489,12,148.22,9.10
FULL,8018,7900,0.1067,30523.729134,12,148.19,9.10
FULL,8018,8000,0.1067,30095.970262,12,148.16,9.10
FULL,8018,8100,0.1067,29654.170217,12,148.13,9.10
FULL,8018,8200,0.1067,29200.361642,12,148.10,9.10
FULL,8018,8300,0.1066,28736.549130,12,148.07,9.10
FULL,8018,8400,0.1066,28264.694411,12,148.04,9.10
FULL,8018,8500,0.1066,27786.703206,12,148.01,9.10
FULL,8018,8600,0.1066,27304.413777,12,147.98,9.10
FULL,8018,8700,0.1066,26819.587227,12,147.95,9.10
FULL,8018,8800,0.1065,26333.899499,12,147.92,9.10
FULL,8018,8900,0.1065,25848.935038,12,147.90,9.10
FULL,8018,9000,0.1065,25366.182027,12,147.87,9.10
FULL,8018,9100,0.1065,24887.029105,12,147.84,9.10
FULL,8018,9200,0.1064,24412.763439,12,147.81,9.10
FULL,8018,9300,0.1064,23944.570029,12,147.79,9.10
FULL,8018,9400,0.1064,23483.532121,12,147.76,9.10
FULL,8018,9500,0.1064,23030.632575,12,147.73,9.10
FULL,8018,9600,0.1063,22586.756086,12,147.71,9.10
FULL,8018,9700,0.1063,22152.692096,12,147.68,9.10
FULL,8018,9800,0.1063,21729.138304,12,147.66,9.10
FULL,8018,9900,0.1062,21316.704640,12,147.63,9.10
FULL,9015,0,0.0946,0.104741,12,200.00,10.81
FULL,9015,100,0.0910,30.243069,12,133.99,15.93
FULL,9015,200,0.0896,75.109369,12,132.53,16.43
FULL,9015,300,0.0795,1.651872,12,132.49,18.27
FULL,9015,400,0.0929,338.990627,12,135.56,15.71
FULL,9015,500,0.0952,472.084066,12,138.24,15.70
FULL,9015,600,0.0971,598.629601,12,140.91,15.68
FULL,9015,700,0.0986,743.682390,12,143.55,15.57
FULL,9015,800,0.0998,883.974759,12,146.19,15.50
FULL,9015,900,0.1002,1006.855994,12,148.81,15.45
FULL,9015,1000,0.0826,2.238739,11,117.40,14.27
FULL,9015,1100,0.0770,1.705244,10,104.90,15.23
FULL,9015,1200,0.0755,88.635303,11,99.59,16.62
FULL,9015,1300,0.0759,89.822266,11,100.08,14.95
FULL,9015,1400,0.0746,1.053124,12,99.35,13.60
FULL,9015,1500,0.0720,83.642116,12,99.52,12.79
FULL,9015,1600,0.0650,0.939615,12,83.67,13.06
FULL,9015,1700,0.0531,0.598101,12,83.54,15.93
FULL,9015,1800,0.0663,27.808333,9,83.78,13.67
FULL,9015,1900,0.0566,0.393378,12,83.52,12.66
FULL,9015,2000,0.0608,1.420575,12,84.04,12.61
FULL,9015,2100,0.0598,1.708831,10,83.76,12.79
FULL,9015,2200,0.0638,0.635117,10,83.65,14.62
FULL,9015,2300,0.0639,0.975735,12,83.71,13.54
FULL,9015,2400,0.0632,0.863731,10,83.78,14.00
FULL,9015,2500,0.0655,0.892798,12,83.57,12.76
FULL,9015,2600,0.0583,0.695234,12,84.26,12.30
FULL,9015,2700,0.0646,0.950592,12,83.94,14.33
FULL,9015,2800,0.0644,20.647182,12,84.01,12.97
FULL,9015,2900,0.0647,44.865458,12,84.31,13.19
FULL,9015,3000,0.0597,1.524788,12,83.80,13.24
FULL,9015,3100,0.0472,0.460946,12,84.35,17.01
FULL,9015,3200,0.0667,60.136907,12,84.45,12.16
FULL,9015,3300,0.0661,106.442050,12,84.35,13.11
FULL,9015,3400,0.0644,107.678705,12,84.07,12.63
FULL,9015,3500,0.0636,28.816743,12,83.75,13.97
FULL,9015,3600,0.0562,0.822214,12,83.99,12.72
FULL,9015,3700,0.0675,23.484041,12,84.12,12.83
FULL,9015,3800,0.0652,0.935720,10,83.84,13.04
FULL,9015,3900,0.0654,75.703676,12,84.01,13.35
FULL,9015,4000,0.0636,0.977248,12,83.69,15.00
FULL,9015,4100,0.0661,34.988165,12,84.05,13.99
FULL,9015,4200,0.0559,0.798308,12,83.59,15.36
FULL,9015,4300,0.0593,1.691173,12,83.71,14.08
FULL,9015,4400,0.0659,68.179696,12,83.61,14.75
FULL,9015,4500,0.0647,67.540970,12,83.77,13.00
FULL,9015,4600,0.0661,17.380475,12,84.00,13.54
FULL,9015,4700,0.0661,0.788586,12,83.82,12.73
FULL,9015,4800,0.0658,67.952560,12,83.70,13.27
FULL,9015,4900,0.0636,92.902047,12,83.92,14.55
FULL,9015,5000,0.0648,43.098075,12,83.95,14.52
FULL,9015,5100,0.0537,0.475743,12,84.11,13.35
FULL,9015,5200,0.0642,24.296704,12,83.61,14.11
FULL,9015,5300,0.0574,0.397264,12,83.55,11.95
FULL,9015,5400,0.0661,61.494673,12,84.20,12.20
FULL,9015,5500,0.0638,0.833299,12,83.83,13.75
FULL,9015,5600,0.0578,0.729711,10,83.49,13.59
FULL,9015,5700,0.0648,77.888769,12,83.67,12.92
FULL,9015,5800,0.0636,0.930597,12,83.90,13.11
FULL,9015,5900,0.0640,0.824160,12,83.94,13.42
FULL,9015,6000,0.0534,1.525459,9,83.86,11.90
FULL,9015,6100,0.0639,81.023046,12,83.98,14.75
FULL,9015,6200,0.0659,24.168893,12,83.55,13.98
FULL,9015,6300,0.0647,16.193957,12,84.00,13.17
FULL,9015,6400,0.0600,1.729714,10,83.43,14.34
FULL,9015,6500,0.0565,0.639232,12,83.89,14.19
FULL,9015,6600,0.0626,110.312049,12,83.79,15.60
FULL,9015,6700,0.0653,24.835883,11,83.75,14.45
FULL,9015,6800,0.0646,0.761723,10,83.65,12.06
FULL,9015,6900,0.0530,0.445654,12,83.77,14.09
FULL,9015,7000,0.0600,1.669158,10,83.50,13.87
FULL,9015,7100,0.0672,32.387083,12,83.89,12.77
FULL,9015,7200,0.0520,0.471917,10,83.48,13.61
FULL,9015,7300,0.0647,22.665046,12,83.71,14.28
FULL,9015,7400,0.0578,0.814564,12,83.89,14.26
FULL,9015,7500,0.0633,0.967265,12,84.15,15.18
FULL,9015,7600,0.0644,33.395660,12,84.15,13.03
FULL,9015,7700,0.0624,0.463032,12,83.65,13.20
FULL,9015,7800,0.0665,14.970327,12,83.80,12.69
FULL,9015,7900,0.0625,1.377796,10,83.71,13.28
FULL,9015,8000,0.0641,26.267548,12,83.60,12.67
FULL,9015,8100,0.0639,32.059357,9,83.76,13.48
FULL,9015,8200,0.0637,21.826160,12,83.61,13.97
FULL,9015,8300,0.0624,112.899904,12,83.96,14.05
FULL,9015,8400,0.0638,21.884418,10,83.66,12.12
FULL,9015,8500,0.0658,20.869115,10,83.59,12.68
FULL,9015,8600,0.0643,17.268215,11,83.58,14.32
FULL,9015,8700,0.0642,77.403294,12,83.83,14.63
FULL,9015,8800,0.0625,115.713232,12,83.75,12.41
FULL,9015,8900,0.0620,0.955569,12,83.68,14.04
FULL,9015,9000,0.0537,0.693487,12,83.61,12.47
FULL,9015,9100,0.0633,24.806523,12,83.72,13.54
FULL,9015,9200,0.0626,31.699432,12,83.59,14.49
FULL,9015,9300,0.0624,1.696183,10,84.41,12.26
FULL,9015,9400,0.0625,36.816421,12,83.80,14.46
FULL,9015,9500,0.0630,63.123729,12,83.85,13.17
FULL,9015,9600,0.0553,0.394598,12,83.73,12.97
FULL,9015,9700,0.0607,1.389252,9,83.96,12.56
FULL,9015,9800,0.0633,0.630395,10,83.68,13.10
FULL,9015,9900,0.0654,36.403856,12,83.71,13.53
ENERGY_ONLY,42,0,0.0980,0.104905,12,199.87,12.03
ENERGY_ONLY,42,100,0.1212,963.286416,12,187.01,12.03
ENERGY_ONLY,42,200,0.1198,955.268356,12,174.14,12.03
ENERGY_ONLY,42,300,0.1185,917.334611,12,161.29,12.03
ENERGY_ONLY,42,400,0.1171,819.557494,12,148.45,12.03
ENERGY_ONLY,42,500,0.1154,654.540299,12,135.62,12.03
ENERGY_ONLY,42,600,0.1132,464.877667,12,122.82,12.03
ENERGY_ONLY,42,700,0.1101,310.035149,12,110.03,12.03
ENERGY_ONLY,42,800,0.1056,213.914469,12,97.29,12.03
ENERGY_ONLY,42,900,0.0998,166.516092,12,84.58,12.03
ENERGY_ONLY,42,1000,0.0953,1002.068128,12,74.35,12.03
ENERGY_ONLY,42,1100,0.0944,867.421518,12,68.48,12.03
ENERGY_ONLY,42,1200,0.0935,730.178049,12,62.62,12.03
ENERGY_ONLY,42,1300,0.0923,600.283278,12,56.78,12.03
ENERGY_ONLY,42,1400,0.0909,484.773134,12,50.94,12.03
ENERGY_ONLY,42,1500,0.0892,387.153519,12,45.12,12.03
ENERGY_ONLY,42,1600,0.0871,307.940731,12,39.32,12.03
ENERGY_ONLY,42,1700,0.0846,245.661444,12,33.54,12.03
ENERGY_ONLY,42,1800,0.0816,197.830876,12,27.79,12.03
ENERGY_ONLY,42,1900,0.0781,161.687085,12,22.06,12.03
ENERGY_ONLY,42,2000,0.0741,134.643304,12,16.38,12.03
ENERGY_ONLY,42,2100,0.0697,114.502627,12,10.73,12.03
ENERGY_ONLY,42,2200,0.0651,99.511530,12,5.12,12.03
ENERGY_ONLY,42,2300,0.0608,478.086701,12,0.08,12.03
ENERGY_ONLY,42,2400,0.0608,N/A,12,0.08,12.03
ENERGY_ONLY,42,2500,0.0608,N/A,12,0.08,12.03
ENERGY_ONLY,42,2600,0.0608,N/A,12,0.08,12.03
ENERGY_ONLY,42,2700,0.0608,N/A,12,0.08,12.03
ENERGY_ONLY,42,2800,0.0608,N/A,12,0.08,12.03
ENERGY_ONLY,42,2900,0.0608,N/A,12,0.08,12.03
ENERGY_ONLY,42,3000,0.0608,N/A,12,0.08,12.03
ENERGY_ONLY,42,3100,0.0608,N/A,12,0.08,12.03
ENERGY_ONLY,42,3200,0.0608,N/A,12,0.08,12.03
ENERGY_ONLY,42,3300,0.0608,N/A,12,0.08,12.03
ENERGY_ONLY,42,3400,0.0608,N/A,12,0.08,12.03
ENERGY_ONLY,42,3500,0.0608,N/A,12,0.08,12.03
ENERGY_ONLY,42,3600,0.0608,N/A,12,0.08,12.03
ENERGY_ONLY,42,3700,0.0608,N/A,12,0.08,12.03
ENERGY_ONLY,42,3800,0.0608,N/A,12,0.08,12.03
ENERGY_ONLY,42,3900,0.0608,N/A,12,0.08,12.03
ENERGY_ONLY,42,4000,0.0608,N/A,12,0.08,12.03
ENERGY_ONLY,42,4100,0.0608,N/A,12,0.08,12.03
ENERGY_ONLY,42,4200,0.0607,N/A,12,0.02,12.03
ENERGY_ONLY,42,4300,0.0607,N/A,12,0.02,12.03
ENERGY_ONLY,42,4400,0.0607,N/A,12,0.02,12.03
ENERGY_ONLY,42,4500,0.0607,N/A,12,0.02,12.03
ENERGY_ONLY,42,4600,0.0607,N/A,12,0.02,12.03
ENERGY_ONLY,42,4700,0.0607,N/A,12,0.02,12.03
ENERGY_ONLY,42,4800,0.0607,N/A,12,0.02,12.03
ENERGY_ONLY,42,4900,0.0607,N/A,12,0.02,12.03
ENERGY_ONLY,42,5000,0.0607,N/A,12,0.02,12.03
ENERGY_ONLY,42,5100,0.0607,N/A,12,0.02,12.03
ENERGY_ONLY,42,5200,0.0607,N/A,12,0.02,12.03
ENERGY_ONLY,42,5300,0.0607,N/A,12,0.02,12.03
ENERGY_ONLY,42,5400,0.0607,N/A,12,0.02,12.03
ENERGY_ONLY,42,5500,0.0607,N/A,12,0.02,12.03
ENERGY_ONLY,42,5600,0.0607,N/A,12,0.02,12.03
ENERGY_ONLY,42,5700,0.0607,N/A,12,0.02,12.03
ENERGY_ONLY,42,5800,0.0607,N/A,12,0.02,12.03
ENERGY_ONLY,42,5900,0.0607,N/A,12,0.02,12.03
ENERGY_ONLY,42,6000,0.0607,N/A,12,0.02,12.03
ENERGY_ONLY,42,6100,0.0607,N/A,12,0.02,12.03
ENERGY_ONLY,42,6200,0.0607,N/A,12,0.02,12.03
ENERGY_ONLY,42,6300,0.0607,N/A,12,0.02,12.03
ENERGY_ONLY,42,6400,0.0607,N/A,12,0.02,12.03
ENERGY_ONLY,42,6500,0.0607,N/A,12,0.02,12.03
ENERGY_ONLY,42,6600,0.0607,N/A,12,0.02,12.03
ENERGY_ONLY,42,6700,0.0607,N/A,12,0.02,12.03
ENERGY_ONLY,42,6800,0.0607,N/A,12,0.02,12.03
ENERGY_ONLY,42,6900,0.0607,N/A,12,0.02,12.03
ENERGY_ONLY,42,7000,0.0607,N/A,12,0.02,12.03
ENERGY_ONLY,42,7100,0.0607,N/A,12,0.02,12.03
ENERGY_ONLY,42,7200,0.0607,N/A,12,0.02,12.03
ENERGY_ONLY,42,7300,0.0607,N/A,12,0.02,12.03
ENERGY_ONLY,42,7400,0.0607,N/A,12,0.02,12.03
ENERGY_ONLY,42,7500,0.0607,N/A,12,0.02,12.03
ENERGY_ONLY,42,7600,0.0607,N/A,12,0.02,12.03
ENERGY_ONLY,42,7700,0.0607,N/A,12,0.02,12.03
ENERGY_ONLY,42,7800,0.0607,N/A,12,0.02,12.03
ENERGY_ONLY,42,7900,0.0607,N/A,12,0.02,12.03
ENERGY_ONLY,42,8000,0.0607,N/A,12,0.02,12.03
ENERGY_ONLY,42,8100,0.0607,N/A,12,0.02,12.03
ENERGY_ONLY,42,8200,0.0607,N/A,12,0.02,12.03
ENERGY_ONLY,42,8300,0.0607,N/A,12,0.02,12.03
ENERGY_ONLY,42,8400,0.0607,N/A,12,0.02,12.03
ENERGY_ONLY,42,8500,0.0607,N/A,12,0.02,12.03
ENERGY_ONLY,42,8600,0.0607,N/A,12,0.02,12.03
ENERGY_ONLY,42,8700,0.0607,N/A,12,0.02,12.03
ENERGY_ONLY,42,8800,0.0607,N/A,12,0.02,12.03
ENERGY_ONLY,42,8900,0.0607,N/A,12,0.02,12.03
ENERGY_ONLY,42,9000,0.0607,N/A,12,0.02,12.03
ENERGY_ONLY,42,9100,0.0607,N/A,12,0.02,12.03
ENERGY_ONLY,42,9200,0.0607,N/A,12,0.02,12.03
ENERGY_ONLY,42,9300,0.0607,N/A,12,0.02,12.03
ENERGY_ONLY,42,9400,0.0607,N/A,12,0.02,12.03
ENERGY_ONLY,42,9500,0.0607,N/A,12,0.02,12.03
ENERGY_ONLY,42,9600,0.0607,N/A,12,0.02,12.03
ENERGY_ONLY,42,9700,0.0607,N/A,12,0.02,12.03
ENERGY_ONLY,42,9800,0.0607,N/A,12,0.02,12.03
ENERGY_ONLY,42,9900,0.0607,N/A,12,0.02,12.03
ENERGY_ONLY,1039,0,0.0968,0.104850,12,199.85,12.00
ENERGY_ONLY,1039,100,0.1194,826.898813,12,185.00,12.00
ENERGY_ONLY,1039,200,0.1179,823.169918,12,170.15,12.00
ENERGY_ONLY,1039,300,0.1164,792.287103,12,155.32,12.00
ENERGY_ONLY,1039,400,0.1147,703.223370,12,140.50,12.00
ENERGY_ONLY,1039,500,0.1128,549.066505,12,125.70,12.00
ENERGY_ONLY,1039,600,0.1102,375.700330,12,110.92,12.00
ENERGY_ONLY,1039,700,0.1064,238.806244,12,96.16,12.00
ENERGY_ONLY,1039,800,0.1006,155.238530,12,81.46,12.00
ENERGY_ONLY,1039,900,0.0928,113.230669,12,66.81,12.00
ENERGY_ONLY,1039,1000,0.0867,983.568524,12,55.69,12.00
ENERGY_ONLY,1039,1100,0.0860,848.384156,12,51.29,12.00
ENERGY_ONLY,1039,1200,0.0853,712.177273,12,46.88,12.00
ENERGY_ONLY,1039,1300,0.0844,584.400257,12,42.49,12.00
ENERGY_ONLY,1039,1400,0.0833,471.562411,12,38.11,12.00
ENERGY_ONLY,1039,1500,0.0819,376.741503,12,33.74,12.00
ENERGY_ONLY,1039,1600,0.0803,300.151001,12,29.38,12.00
ENERGY_ONLY,1039,1700,0.0784,240.135972,12,25.04,12.00
ENERGY_ONLY,1039,1800,0.0760,194.131679,12,20.72,12.00
ENERGY_ONLY,1039,1900,0.0733,159.379245,12,16.43,12.00
ENERGY_ONLY,1039,2000,0.0703,133.347719,12,12.16,12.00
ENERGY_ONLY,1039,2100,0.0670,113.918554,12,7.92,12.00
ENERGY_ONLY,1039,2200,0.0635,99.416866,12,3.72,12.00
ENERGY_ONLY,1039,2300,0.0604,3724362.310064,12,0.06,12.00
ENERGY_ONLY,1039,2400,0.0604,N/A,12,0.06,12.00
ENERGY_ONLY,1039,2500,0.0604,N/A,12,0.06,12.00
ENERGY_ONLY,1039,2600,0.0604,N/A,12,0.06,12.00
ENERGY_ONLY,1039,2700,0.0604,N/A,12,0.06,12.00
ENERGY_ONLY,1039,2800,0.0604,N/A,12,0.06,12.00
ENERGY_ONLY,1039,2900,0.0604,N/A,12,0.06,12.00
ENERGY_ONLY,1039,3000,0.0604,N/A,12,0.06,12.00
ENERGY_ONLY,1039,3100,0.0604,N/A,12,0.06,12.00
ENERGY_ONLY,1039,3200,0.0604,N/A,12,0.06,12.00
ENERGY_ONLY,1039,3300,0.0604,N/A,12,0.06,12.00
ENERGY_ONLY,1039,3400,0.0604,N/A,12,0.06,12.00
ENERGY_ONLY,1039,3500,0.0604,N/A,12,0.06,12.00
ENERGY_ONLY,1039,3600,0.0604,N/A,12,0.06,12.00
ENERGY_ONLY,1039,3700,0.0604,N/A,12,0.06,12.00
ENERGY_ONLY,1039,3800,0.0604,N/A,12,0.06,12.00
ENERGY_ONLY,1039,3900,0.0604,N/A,12,0.06,12.00
ENERGY_ONLY,1039,4000,0.0604,N/A,12,0.06,12.00
ENERGY_ONLY,1039,4100,0.0604,N/A,12,0.06,12.00
ENERGY_ONLY,1039,4200,0.0604,N/A,12,0.06,12.00
ENERGY_ONLY,1039,4300,0.0604,N/A,12,0.06,12.00
ENERGY_ONLY,1039,4400,0.0604,N/A,12,0.06,12.00
ENERGY_ONLY,1039,4500,0.0604,N/A,12,0.06,12.00
ENERGY_ONLY,1039,4600,0.0604,N/A,12,0.06,12.00
ENERGY_ONLY,1039,4700,0.0604,N/A,12,0.06,12.00
ENERGY_ONLY,1039,4800,0.0604,N/A,12,0.06,12.00
ENERGY_ONLY,1039,4900,0.0604,N/A,12,0.06,12.00
ENERGY_ONLY,1039,5000,0.0604,N/A,12,0.06,12.00
ENERGY_ONLY,1039,5100,0.0604,N/A,12,0.06,12.00
ENERGY_ONLY,1039,5200,0.0604,N/A,12,0.06,12.00
ENERGY_ONLY,1039,5300,0.0604,N/A,12,0.06,12.00
ENERGY_ONLY,1039,5400,0.0604,N/A,12,0.06,12.00
ENERGY_ONLY,1039,5500,0.0604,N/A,12,0.06,12.00
ENERGY_ONLY,1039,5600,0.0604,N/A,12,0.06,12.00
ENERGY_ONLY,1039,5700,0.0604,N/A,12,0.06,12.00
ENERGY_ONLY,1039,5800,0.0604,N/A,12,0.06,12.00
ENERGY_ONLY,1039,5900,0.0604,N/A,12,0.06,12.00
ENERGY_ONLY,1039,6000,0.0604,N/A,12,0.06,12.00
ENERGY_ONLY,1039,6100,0.0604,N/A,12,0.06,12.00
ENERGY_ONLY,1039,6200,0.0604,N/A,12,0.06,12.00
ENERGY_ONLY,1039,6300,0.0604,N/A,12,0.06,12.00
ENERGY_ONLY,1039,6400,0.0604,N/A,12,0.06,12.00
ENERGY_ONLY,1039,6500,0.0604,N/A,12,0.06,12.00
ENERGY_ONLY,1039,6600,0.0604,N/A,12,0.06,12.00
ENERGY_ONLY,1039,6700,0.0604,N/A,12,0.06,12.00
ENERGY_ONLY,1039,6800,0.0604,N/A,12,0.06,12.00
ENERGY_ONLY,1039,6900,0.0604,N/A,12,0.06,12.00
ENERGY_ONLY,1039,7000,0.0604,N/A,12,0.06,12.00
ENERGY_ONLY,1039,7100,0.0604,N/A,12,0.06,12.00
ENERGY_ONLY,1039,7200,0.0604,N/A,12,0.06,12.00
ENERGY_ONLY,1039,7300,0.0604,N/A,12,0.06,12.00
ENERGY_ONLY,1039,7400,0.0604,N/A,12,0.06,12.00
ENERGY_ONLY,1039,7500,0.0604,N/A,12,0.06,12.00
ENERGY_ONLY,1039,7600,0.0604,N/A,12,0.06,12.00
ENERGY_ONLY,1039,7700,0.0604,N/A,12,0.06,12.00
ENERGY_ONLY,1039,7800,0.0604,N/A,12,0.06,12.00
ENERGY_ONLY,1039,7900,0.0604,N/A,12,0.06,12.00
ENERGY_ONLY,1039,8000,0.0604,N/A,12,0.06,12.00
ENERGY_ONLY,1039,8100,0.0604,N/A,12,0.06,12.00
ENERGY_ONLY,1039,8200,0.0604,N/A,12,0.06,12.00
ENERGY_ONLY,1039,8300,0.0604,N/A,12,0.06,12.00
ENERGY_ONLY,1039,8400,0.0603,N/A,12,0.00,12.00
ENERGY_ONLY,1039,8500,0.0603,N/A,12,0.00,12.00
ENERGY_ONLY,1039,8600,0.0603,N/A,12,0.00,12.00
ENERGY_ONLY,1039,8700,0.0603,N/A,12,0.00,12.00
ENERGY_ONLY,1039,8800,0.0603,N/A,12,0.00,12.00
ENERGY_ONLY,1039,8900,0.0603,N/A,12,0.00,12.00
ENERGY_ONLY,1039,9000,0.0603,N/A,12,0.00,12.00
ENERGY_ONLY,1039,9100,0.0603,N/A,12,0.00,12.00
ENERGY_ONLY,1039,9200,0.0603,N/A,12,0.00,12.00
ENERGY_ONLY,1039,9300,0.0603,N/A,12,0.00,12.00
ENERGY_ONLY,1039,9400,0.0603,N/A,12,0.00,12.00
ENERGY_ONLY,1039,9500,0.0603,N/A,12,0.00,12.00
ENERGY_ONLY,1039,9600,0.0603,N/A,12,0.00,12.00
ENERGY_ONLY,1039,9700,0.0603,N/A,12,0.00,12.00
ENERGY_ONLY,1039,9800,0.0603,N/A,12,0.00,12.00
ENERGY_ONLY,1039,9900,0.0603,N/A,12,0.00,12.00
ENERGY_ONLY,2036,0,0.0961,0.104830,12,199.89,12.58
ENERGY_ONLY,2036,100,0.1190,1150.349206,12,189.05,12.58
ENERGY_ONLY,2036,200,0.1179,1163.222588,12,178.20,12.58
ENERGY_ONLY,2036,300,0.1169,1167.992153,12,167.36,12.58
ENERGY_ONLY,2036,400,0.1158,1139.441211,12,156.54,12.58
ENERGY_ONLY,2036,500,0.1147,1041.068570,12,145.72,12.58
ENERGY_ONLY,2036,600,0.1134,859.742877,12,134.92,12.58
ENERGY_ONLY,2036,700,0.1118,642.094253,12,124.12,12.58
ENERGY_ONLY,2036,800,0.1097,459.801009,12,113.35,12.58
ENERGY_ONLY,2036,900,0.1068,347.172021,12,102.60,12.58
ENERGY_ONLY,2036,1000,0.1041,987.357831,12,92.89,12.58
ENERGY_ONLY,2036,1100,0.1030,853.197304,12,85.56,12.58
ENERGY_ONLY,2036,1200,0.1017,717.379037,12,78.24,12.58
ENERGY_ONLY,2036,1300,0.1002,589.446498,12,70.93,12.58
ENERGY_ONLY,2036,1400,0.0985,476.062977,12,63.64,12.58
ENERGY_ONLY,2036,1500,0.0963,380.470242,12,56.37,12.58
ENERGY_ONLY,2036,1600,0.0936,303.026152,12,49.12,12.58
ENERGY_ONLY,2036,1700,0.0904,242.183417,12,41.89,12.58
ENERGY_ONLY,2036,1800,0.0866,195.445280,12,34.70,12.58
ENERGY_ONLY,2036,1900,0.0822,160.082175,12,27.55,12.58
ENERGY_ONLY,2036,2000,0.0772,133.564308,12,20.44,12.58
ENERGY_ONLY,2036,2100,0.0717,113.757858,12,13.38,12.58
ENERGY_ONLY,2036,2200,0.0659,98.965698,12,6.38,12.58
ENERGY_ONLY,2036,2300,0.0606,595.510254,12,0.16,12.58
ENERGY_ONLY,2036,2400,0.0605,N/A,12,0.10,12.58
ENERGY_ONLY,2036,2500,0.0605,N/A,12,0.10,12.58
ENERGY_ONLY,2036,2600,0.0605,N/A,12,0.10,12.58
ENERGY_ONLY,2036,2700,0.0605,N/A,12,0.10,12.58
ENERGY_ONLY,2036,2800,0.0605,N/A,12,0.10,12.58
ENERGY_ONLY,2036,2900,0.0605,N/A,12,0.10,12.58
ENERGY_ONLY,2036,3000,0.0605,N/A,12,0.10,12.58
ENERGY_ONLY,2036,3100,0.0605,N/A,12,0.10,12.58
ENERGY_ONLY,2036,3200,0.0605,N/A,12,0.10,12.58
ENERGY_ONLY,2036,3300,0.0605,N/A,12,0.10,12.58
ENERGY_ONLY,2036,3400,0.0605,N/A,12,0.10,12.58
ENERGY_ONLY,2036,3500,0.0605,N/A,12,0.10,12.58
ENERGY_ONLY,2036,3600,0.0605,N/A,12,0.10,12.58
ENERGY_ONLY,2036,3700,0.0605,N/A,12,0.10,12.58
ENERGY_ONLY,2036,3800,0.0605,N/A,12,0.10,12.58
ENERGY_ONLY,2036,3900,0.0605,N/A,12,0.10,12.58
ENERGY_ONLY,2036,4000,0.0605,N/A,12,0.10,12.58
ENERGY_ONLY,2036,4100,0.0605,N/A,12,0.10,12.58
ENERGY_ONLY,2036,4200,0.0605,N/A,12,0.10,12.58
ENERGY_ONLY,2036,4300,0.0605,N/A,12,0.10,12.58
ENERGY_ONLY,2036,4400,0.0605,N/A,12,0.10,12.58
ENERGY_ONLY,2036,4500,0.0605,N/A,12,0.10,12.58
ENERGY_ONLY,2036,4600,0.0605,N/A,12,0.10,12.58
ENERGY_ONLY,2036,4700,0.0605,N/A,12,0.10,12.58
ENERGY_ONLY,2036,4800,0.0605,N/A,12,0.10,12.58
ENERGY_ONLY,2036,4900,0.0605,N/A,12,0.10,12.58
ENERGY_ONLY,2036,5000,0.0605,N/A,12,0.00,12.58
ENERGY_ONLY,2036,5100,0.0605,N/A,12,0.00,12.58
ENERGY_ONLY,2036,5200,0.0605,N/A,12,0.00,12.58
ENERGY_ONLY,2036,5300,0.0605,N/A,12,0.00,12.58
ENERGY_ONLY,2036,5400,0.0605,N/A,12,0.00,12.58
ENERGY_ONLY,2036,5500,0.0605,N/A,12,0.00,12.58
ENERGY_ONLY,2036,5600,0.0605,N/A,12,0.00,12.58
ENERGY_ONLY,2036,5700,0.0605,N/A,12,0.00,12.58
ENERGY_ONLY,2036,5800,0.0605,N/A,12,0.00,12.58
ENERGY_ONLY,2036,5900,0.0605,N/A,12,0.00,12.58
ENERGY_ONLY,2036,6000,0.0605,N/A,12,0.00,12.58
ENERGY_ONLY,2036,6100,0.0605,N/A,12,0.00,12.58
ENERGY_ONLY,2036,6200,0.0605,N/A,12,0.00,12.58
ENERGY_ONLY,2036,6300,0.0605,N/A,12,0.00,12.58
ENERGY_ONLY,2036,6400,0.0605,N/A,12,0.00,12.58
ENERGY_ONLY,2036,6500,0.0605,N/A,12,0.00,12.58
ENERGY_ONLY,2036,6600,0.0605,N/A,12,0.00,12.58
ENERGY_ONLY,2036,6700,0.0605,N/A,12,0.00,12.58
ENERGY_ONLY,2036,6800,0.0605,N/A,12,0.00,12.58
ENERGY_ONLY,2036,6900,0.0605,N/A,12,0.00,12.58
ENERGY_ONLY,2036,7000,0.0605,N/A,12,0.00,12.58
ENERGY_ONLY,2036,7100,0.0605,N/A,12,0.00,12.58
ENERGY_ONLY,2036,7200,0.0605,N/A,12,0.00,12.58
ENERGY_ONLY,2036,7300,0.0605,N/A,12,0.00,12.58
ENERGY_ONLY,2036,7400,0.0605,N/A,12,0.00,12.58
ENERGY_ONLY,2036,7500,0.0605,N/A,12,0.00,12.58
ENERGY_ONLY,2036,7600,0.0605,N/A,12,0.00,12.58
ENERGY_ONLY,2036,7700,0.0605,N/A,12,0.00,12.58
ENERGY_ONLY,2036,7800,0.0605,N/A,12,0.00,12.58
ENERGY_ONLY,2036,7900,0.0605,N/A,12,0.00,12.58
ENERGY_ONLY,2036,8000,0.0605,N/A,12,0.00,12.58
ENERGY_ONLY,2036,8100,0.0605,N/A,12,0.00,12.58
ENERGY_ONLY,2036,8200,0.0605,N/A,12,0.00,12.58
ENERGY_ONLY,2036,8300,0.0605,N/A,12,0.00,12.58
ENERGY_ONLY,2036,8400,0.0605,N/A,12,0.00,12.58
ENERGY_ONLY,2036,8500,0.0605,N/A,12,0.00,12.58
ENERGY_ONLY,2036,8600,0.0605,N/A,12,0.00,12.58
ENERGY_ONLY,2036,8700,0.0605,N/A,12,0.00,12.58
ENERGY_ONLY,2036,8800,0.0605,N/A,12,0.00,12.58
ENERGY_ONLY,2036,8900,0.0605,N/A,12,0.00,12.58
ENERGY_ONLY,2036,9000,0.0605,N/A,12,0.00,12.58
ENERGY_ONLY,2036,9100,0.0605,N/A,12,0.00,12.58
ENERGY_ONLY,2036,9200,0.0605,N/A,12,0.00,12.58
ENERGY_ONLY,2036,9300,0.0605,N/A,12,0.00,12.58
ENERGY_ONLY,2036,9400,0.0605,N/A,12,0.00,12.58
ENERGY_ONLY,2036,9500,0.0605,N/A,12,0.00,12.58
ENERGY_ONLY,2036,9600,0.0605,N/A,12,0.00,12.58
ENERGY_ONLY,2036,9700,0.0605,N/A,12,0.00,12.58
ENERGY_ONLY,2036,9800,0.0605,N/A,12,0.00,12.58
ENERGY_ONLY,2036,9900,0.0605,N/A,12,0.00,12.58
ENERGY_ONLY,3033,0,0.0963,0.104830,12,199.88,10.87
ENERGY_ONLY,3033,100,0.1191,1028.508831,12,188.04,10.87
ENERGY_ONLY,3033,200,0.1179,1023.915819,12,176.19,10.87
ENERGY_ONLY,3033,300,0.1167,994.549509,12,164.35,10.87
ENERGY_ONLY,3033,400,0.1154,911.045360,12,152.53,10.87
ENERGY_ONLY,3033,500,0.1139,757.383450,12,140.72,10.87
ENERGY_ONLY,3033,600,0.1121,563.624117,12,128.92,10.87
ENERGY_ONLY,3033,700,0.1096,390.564965,12,117.15,10.87
ENERGY_ONLY,3033,800,0.1061,275.259456,12,105.40,10.87
ENERGY_ONLY,3033,900,0.1015,216.083420,12,93.69,10.87
ENERGY_ONLY,3033,1000,0.0979,974.825409,12,83.80,10.87
ENERGY_ONLY,3033,1100,0.0969,848.691640,12,77.22,10.87
ENERGY_ONLY,3033,1200,0.0958,718.997162,12,70.65,10.87
ENERGY_ONLY,3033,1300,0.0945,594.837899,12,64.09,10.87
ENERGY_ONLY,3033,1400,0.0930,483.145484,12,57.54,10.87
ENERGY_ONLY,3033,1500,0.0911,387.789694,12,51.01,10.87
ENERGY_ONLY,3033,1600,0.0888,309.760633,12,44.50,10.87
ENERGY_ONLY,3033,1700,0.0861,247.971468,12,38.02,10.87
ENERGY_ONLY,3033,1800,0.0828,200.195699,12,31.56,10.87
ENERGY_ONLY,3033,1900,0.0790,163.838493,12,25.13,10.87
ENERGY_ONLY,3033,2000,0.0747,136.429892,12,18.75,10.87
ENERGY_ONLY,3033,2100,0.0699,115.861108,12,12.40,10.87
ENERGY_ONLY,3033,2200,0.0649,100.444106,12,6.11,10.87
ENERGY_ONLY,3033,2300,0.0601,297.878081,12,0.39,10.87
ENERGY_ONLY,3033,2400,0.0599,N/A,12,0.09,10.87
ENERGY_ONLY,3033,2500,0.0599,N/A,12,0.09,10.87
ENERGY_ONLY,3033,2600,0.0599,N/A,12,0.09,10.87
ENERGY_ONLY,3033,2700,0.0599,N/A,12,0.09,10.87
ENERGY_ONLY,3033,2800,0.0599,N/A,12,0.09,10.87
ENERGY_ONLY,3033,2900,0.0599,N/A,12,0.09,10.87
ENERGY_ONLY,3033,3000,0.0599,N/A,12,0.09,10.87
ENERGY_ONLY,3033,3100,0.0599,N/A,12,0.09,10.87
ENERGY_ONLY,3033,3200,0.0599,N/A,12,0.09,10.87
ENERGY_ONLY,3033,3300,0.0599,N/A,12,0.09,10.87
ENERGY_ONLY,3033,3400,0.0599,N/A,12,0.09,10.87
ENERGY_ONLY,3033,3500,0.0599,N/A,12,0.09,10.87
ENERGY_ONLY,3033,3600,0.0599,N/A,12,0.09,10.87
ENERGY_ONLY,3033,3700,0.0599,N/A,12,0.09,10.87
ENERGY_ONLY,3033,3800,0.0599,N/A,12,0.09,10.87
ENERGY_ONLY,3033,3900,0.0599,N/A,12,0.09,10.87
ENERGY_ONLY,3033,4000,0.0599,N/A,12,0.09,10.87
ENERGY_ONLY,3033,4100,0.0599,N/A,12,0.09,10.87
ENERGY_ONLY,3033,4200,0.0599,N/A,12,0.09,10.87
ENERGY_ONLY,3033,4300,0.0599,N/A,12,0.09,10.87
ENERGY_ONLY,3033,4400,0.0599,N/A,12,0.09,10.87
ENERGY_ONLY,3033,4500,0.0599,N/A,12,0.09,10.87
ENERGY_ONLY,3033,4600,0.0599,N/A,12,0.09,10.87
ENERGY_ONLY,3033,4700,0.0599,N/A,12,0.09,10.87
ENERGY_ONLY,3033,4800,0.0599,N/A,12,0.09,10.87
ENERGY_ONLY,3033,4900,0.0599,N/A,12,0.09,10.87
ENERGY_ONLY,3033,5000,0.0599,N/A,12,0.04,10.87
ENERGY_ONLY,3033,5100,0.0598,N/A,12,0.04,10.87
ENERGY_ONLY,3033,5200,0.0598,N/A,12,0.04,10.87
ENERGY_ONLY,3033,5300,0.0598,N/A,12,0.04,10.87
ENERGY_ONLY,3033,5400,0.0598,N/A,12,0.04,10.87
ENERGY_ONLY,3033,5500,0.0598,N/A,12,0.04,10.87
ENERGY_ONLY,3033,5600,0.0598,N/A,12,0.04,10.87
ENERGY_ONLY,3033,5700,0.0598,N/A,12,0.04,10.87
ENERGY_ONLY,3033,5800,0.0598,N/A,12,0.04,10.87
ENERGY_ONLY,3033,5900,0.0598,N/A,12,0.04,10.87
ENERGY_ONLY,3033,6000,0.0598,N/A,12,0.04,10.87
ENERGY_ONLY,3033,6100,0.0598,N/A,12,0.04,10.87
ENERGY_ONLY,3033,6200,0.0598,N/A,12,0.04,10.87
ENERGY_ONLY,3033,6300,0.0598,N/A,12,0.00,10.87
ENERGY_ONLY,3033,6400,0.0598,N/A,12,0.00,10.87
ENERGY_ONLY,3033,6500,0.0598,N/A,12,0.00,10.87
ENERGY_ONLY,3033,6600,0.0598,N/A,12,0.00,10.87
ENERGY_ONLY,3033,6700,0.0598,N/A,12,0.00,10.87
ENERGY_ONLY,3033,6800,0.0598,N/A,12,0.00,10.87
ENERGY_ONLY,3033,6900,0.0598,N/A,12,0.00,10.87
ENERGY_ONLY,3033,7000,0.0598,N/A,12,0.00,10.87
ENERGY_ONLY,3033,7100,0.0598,N/A,12,0.00,10.87
ENERGY_ONLY,3033,7200,0.0598,N/A,12,0.00,10.87
ENERGY_ONLY,3033,7300,0.0598,N/A,12,0.00,10.87
ENERGY_ONLY,3033,7400,0.0598,N/A,12,0.00,10.87
ENERGY_ONLY,3033,7500,0.0598,N/A,12,0.00,10.87
ENERGY_ONLY,3033,7600,0.0598,N/A,12,0.00,10.87
ENERGY_ONLY,3033,7700,0.0598,N/A,12,0.00,10.87
ENERGY_ONLY,3033,7800,0.0598,N/A,12,0.00,10.87
ENERGY_ONLY,3033,7900,0.0598,N/A,12,0.00,10.87
ENERGY_ONLY,3033,8000,0.0598,N/A,12,0.00,10.87
ENERGY_ONLY,3033,8100,0.0598,N/A,12,0.00,10.87
ENERGY_ONLY,3033,8200,0.0598,N/A,12,0.00,10.87
ENERGY_ONLY,3033,8300,0.0598,N/A,12,0.00,10.87
ENERGY_ONLY,3033,8400,0.0598,N/A,12,0.00,10.87
ENERGY_ONLY,3033,8500,0.0598,N/A,12,0.00,10.87
ENERGY_ONLY,3033,8600,0.0598,N/A,12,0.00,10.87
ENERGY_ONLY,3033,8700,0.0598,N/A,12,0.00,10.87
ENERGY_ONLY,3033,8800,0.0598,N/A,12,0.00,10.87
ENERGY_ONLY,3033,8900,0.0598,N/A,12,0.00,10.87
ENERGY_ONLY,3033,9000,0.0598,N/A,12,0.00,10.87
ENERGY_ONLY,3033,9100,0.0598,N/A,12,0.00,10.87
ENERGY_ONLY,3033,9200,0.0598,N/A,12,0.00,10.87
ENERGY_ONLY,3033,9300,0.0598,N/A,12,0.00,10.87
ENERGY_ONLY,3033,9400,0.0598,N/A,12,0.00,10.87
ENERGY_ONLY,3033,9500,0.0598,N/A,12,0.00,10.87
ENERGY_ONLY,3033,9600,0.0598,N/A,12,0.00,10.87
ENERGY_ONLY,3033,9700,0.0598,N/A,12,0.00,10.87
ENERGY_ONLY,3033,9800,0.0598,N/A,12,0.00,10.87
ENERGY_ONLY,3033,9900,0.0598,N/A,12,0.00,10.87
ENERGY_ONLY,4030,0,0.0980,0.104910,12,199.87,12.84
ENERGY_ONLY,4030,100,0.1212,961.850733,12,187.01,12.84
ENERGY_ONLY,4030,200,0.1199,951.919612,12,174.14,12.84
ENERGY_ONLY,4030,300,0.1185,911.326329,12,161.29,12.84
ENERGY_ONLY,4030,400,0.1171,811.331396,12,148.45,12.84
ENERGY_ONLY,4030,500,0.1154,646.472749,12,135.62,12.84
ENERGY_ONLY,4030,600,0.1132,458.837844,12,122.81,12.84
ENERGY_ONLY,4030,700,0.1100,306.031472,12,110.03,12.84
ENERGY_ONLY,4030,800,0.1055,211.585855,12,97.28,12.84
ENERGY_ONLY,4030,900,0.0996,165.459523,12,84.58,12.84
ENERGY_ONLY,4030,1000,0.0951,1003.644371,12,74.36,12.84
ENERGY_ONLY,4030,1100,0.0943,868.700599,12,68.50,12.84
ENERGY_ONLY,4030,1200,0.0933,731.150410,12,62.64,12.84
ENERGY_ONLY,4030,1300,0.0922,601.042669,12,56.79,12.84
ENERGY_ONLY,4030,1400,0.0908,485.462596,12,50.96,12.84
ENERGY_ONLY,4030,1500,0.0891,387.887711,12,45.14,12.84
ENERGY_ONLY,4030,1600,0.0870,308.757766,12,39.34,12.84
ENERGY_ONLY,4030,1700,0.0845,246.525958,12,33.56,12.84
ENERGY_ONLY,4030,1800,0.0815,198.671066,12,27.81,12.84
ENERGY_ONLY,4030,1900,0.0780,162.434658,12,22.09,12.84
ENERGY_ONLY,4030,2000,0.0740,135.256497,12,16.40,12.84
ENERGY_ONLY,4030,2100,0.0697,114.970013,12,10.75,12.84
ENERGY_ONLY,4030,2200,0.0651,99.844294,12,5.15,12.84
ENERGY_ONLY,4030,2300,0.0608,486.542007,12,0.14,12.84
ENERGY_ONLY,4030,2400,0.0608,N/A,12,0.08,12.84
ENERGY_ONLY,4030,2500,0.0608,N/A,12,0.08,12.84
ENERGY_ONLY,4030,2600,0.0608,N/A,12,0.08,12.84
ENERGY_ONLY,4030,2700,0.0608,N/A,12,0.08,12.84
ENERGY_ONLY,4030,2800,0.0608,N/A,12,0.08,12.84
ENERGY_ONLY,4030,2900,0.0608,N/A,12,0.08,12.84
ENERGY_ONLY,4030,3000,0.0608,N/A,12,0.08,12.84
ENERGY_ONLY,4030,3100,0.0608,N/A,12,0.08,12.84
ENERGY_ONLY,4030,3200,0.0608,N/A,12,0.08,12.84
ENERGY_ONLY,4030,3300,0.0608,N/A,12,0.08,12.84
ENERGY_ONLY,4030,3400,0.0608,N/A,12,0.08,12.84
ENERGY_ONLY,4030,3500,0.0608,N/A,12,0.08,12.84
ENERGY_ONLY,4030,3600,0.0608,N/A,12,0.08,12.84
ENERGY_ONLY,4030,3700,0.0608,N/A,12,0.08,12.84
ENERGY_ONLY,4030,3800,0.0608,N/A,12,0.08,12.84
ENERGY_ONLY,4030,3900,0.0608,N/A,12,0.08,12.84
ENERGY_ONLY,4030,4000,0.0608,N/A,12,0.08,12.84
ENERGY_ONLY,4030,4100,0.0608,N/A,12,0.08,12.84
ENERGY_ONLY,4030,4200,0.0608,N/A,12,0.08,12.84
ENERGY_ONLY,4030,4300,0.0608,N/A,12,0.08,12.84
ENERGY_ONLY,4030,4400,0.0608,N/A,12,0.08,12.84
ENERGY_ONLY,4030,4500,0.0608,N/A,12,0.08,12.84
ENERGY_ONLY,4030,4600,0.0608,N/A,12,0.08,12.84
ENERGY_ONLY,4030,4700,0.0608,N/A,12,0.08,12.84
ENERGY_ONLY,4030,4800,0.0608,N/A,12,0.08,12.84
ENERGY_ONLY,4030,4900,0.0608,N/A,12,0.08,12.84
ENERGY_ONLY,4030,5000,0.0608,N/A,12,0.03,12.84
ENERGY_ONLY,4030,5100,0.0607,N/A,12,0.03,12.84
ENERGY_ONLY,4030,5200,0.0607,N/A,12,0.03,12.84
ENERGY_ONLY,4030,5300,0.0607,N/A,12,0.03,12.84
ENERGY_ONLY,4030,5400,0.0607,N/A,12,0.03,12.84
ENERGY_ONLY,4030,5500,0.0607,N/A,12,0.03,12.84
ENERGY_ONLY,4030,5600,0.0607,N/A,12,0.03,12.84
ENERGY_ONLY,4030,5700,0.0607,N/A,12,0.03,12.84
ENERGY_ONLY,4030,5800,0.0607,N/A,12,0.03,12.84
ENERGY_ONLY,4030,5900,0.0607,N/A,12,0.03,12.84
ENERGY_ONLY,4030,6000,0.0607,N/A,12,0.03,12.84
ENERGY_ONLY,4030,6100,0.0607,N/A,12,0.03,12.84
ENERGY_ONLY,4030,6200,0.0607,N/A,12,0.03,12.84
ENERGY_ONLY,4030,6300,0.0607,N/A,12,0.03,12.84
ENERGY_ONLY,4030,6400,0.0607,N/A,12,0.03,12.84
ENERGY_ONLY,4030,6500,0.0607,N/A,12,0.03,12.84
ENERGY_ONLY,4030,6600,0.0607,N/A,12,0.03,12.84
ENERGY_ONLY,4030,6700,0.0607,N/A,12,0.03,12.84
ENERGY_ONLY,4030,6800,0.0607,N/A,12,0.03,12.84
ENERGY_ONLY,4030,6900,0.0607,N/A,12,0.03,12.84
ENERGY_ONLY,4030,7000,0.0607,N/A,12,0.03,12.84
ENERGY_ONLY,4030,7100,0.0607,N/A,12,0.03,12.84
ENERGY_ONLY,4030,7200,0.0607,N/A,12,0.03,12.84
ENERGY_ONLY,4030,7300,0.0607,N/A,12,0.03,12.84
ENERGY_ONLY,4030,7400,0.0607,N/A,12,0.03,12.84
ENERGY_ONLY,4030,7500,0.0607,N/A,12,0.03,12.84
ENERGY_ONLY,4030,7600,0.0607,N/A,12,0.03,12.84
ENERGY_ONLY,4030,7700,0.0607,N/A,12,0.03,12.84
ENERGY_ONLY,4030,7800,0.0607,N/A,12,0.03,12.84
ENERGY_ONLY,4030,7900,0.0607,N/A,12,0.03,12.84
ENERGY_ONLY,4030,8000,0.0607,N/A,12,0.03,12.84
ENERGY_ONLY,4030,8100,0.0607,N/A,12,0.03,12.84
ENERGY_ONLY,4030,8200,0.0607,N/A,12,0.03,12.84
ENERGY_ONLY,4030,8300,0.0607,N/A,12,0.03,12.84
ENERGY_ONLY,4030,8400,0.0607,N/A,12,0.00,12.84
ENERGY_ONLY,4030,8500,0.0607,N/A,12,0.00,12.84
ENERGY_ONLY,4030,8600,0.0607,N/A,12,0.00,12.84
ENERGY_ONLY,4030,8700,0.0607,N/A,12,0.00,12.84
ENERGY_ONLY,4030,8800,0.0607,N/A,12,0.00,12.84
ENERGY_ONLY,4030,8900,0.0607,N/A,12,0.00,12.84
ENERGY_ONLY,4030,9000,0.0607,N/A,12,0.00,12.84
ENERGY_ONLY,4030,9100,0.0607,N/A,12,0.00,12.84
ENERGY_ONLY,4030,9200,0.0607,N/A,12,0.00,12.84
ENERGY_ONLY,4030,9300,0.0607,N/A,12,0.00,12.84
ENERGY_ONLY,4030,9400,0.0607,N/A,12,0.00,12.84
ENERGY_ONLY,4030,9500,0.0607,N/A,12,0.00,12.84
ENERGY_ONLY,4030,9600,0.0607,N/A,12,0.00,12.84
ENERGY_ONLY,4030,9700,0.0607,N/A,12,0.00,12.84
ENERGY_ONLY,4030,9800,0.0607,N/A,12,0.00,12.84
ENERGY_ONLY,4030,9900,0.0607,N/A,12,0.00,12.84
ENERGY_ONLY,5027,0,0.0926,0.104673,12,199.85,12.12
ENERGY_ONLY,5027,100,0.1143,801.873269,12,185.05,12.12
ENERGY_ONLY,5027,200,0.1128,802.967609,12,170.25,12.12
ENERGY_ONLY,5027,300,0.1113,779.625793,12,155.46,12.12
ENERGY_ONLY,5027,400,0.1097,698.404560,12,140.69,12.12
ENERGY_ONLY,5027,500,0.1079,547.888983,12,125.93,12.12
ENERGY_ONLY,5027,600,0.1054,374.013235,12,111.20,12.12
ENERGY_ONLY,5027,700,0.1017,235.398223,12,96.49,12.12
ENERGY_ONLY,5027,800,0.0961,150.759632,12,81.82,12.12
ENERGY_ONLY,5027,900,0.0884,108.576928,12,67.22,12.12
ENERGY_ONLY,5027,1000,0.0823,1006.174335,12,56.12,12.12
ENERGY_ONLY,5027,1100,0.0817,885.904376,12,51.76,12.12
ENERGY_ONLY,5027,1200,0.0810,758.281944,12,47.40,12.12
ENERGY_ONLY,5027,1300,0.0803,632.723028,12,43.05,12.12
ENERGY_ONLY,5027,1400,0.0793,517.353908,12,38.70,12.12
ENERGY_ONLY,5027,1500,0.0782,417.407150,12,34.37,12.12
ENERGY_ONLY,5027,1600,0.0769,334.855426,12,30.04,12.12
ENERGY_ONLY,5027,1700,0.0752,269.065352,12,25.73,12.12
ENERGY_ONLY,5027,1800,0.0733,217.879977,12,21.44,12.12
ENERGY_ONLY,5027,1900,0.0710,178.597640,12,17.17,12.12
ENERGY_ONLY,5027,2000,0.0684,148.616189,12,12.92,12.12
ENERGY_ONLY,5027,2100,0.0656,125.737846,12,8.70,12.12
ENERGY_ONLY,5027,2200,0.0625,108.243975,12,4.51,12.12
ENERGY_ONLY,5027,2300,0.0597,170.571348,12,0.79,12.12
ENERGY_ONLY,5027,2400,0.0592,N/A,12,0.06,12.12
ENERGY_ONLY,5027,2500,0.0592,N/A,12,0.06,12.12
ENERGY_ONLY,5027,2600,0.0592,N/A,12,0.06,12.12
ENERGY_ONLY,5027,2700,0.0592,N/A,12,0.06,12.12
ENERGY_ONLY,5027,2800,0.0592,N/A,12,0.06,12.12
ENERGY_ONLY,5027,2900,0.0592,N/A,12,0.06,12.12
ENERGY_ONLY,5027,3000,0.0592,N/A,12,0.06,12.12
ENERGY_ONLY,5027,3100,0.0592,N/A,12,0.06,12.12
ENERGY_ONLY,5027,3200,0.0592,N/A,12,0.06,12.12
ENERGY_ONLY,5027,3300,0.0592,N/A,12,0.06,12.12
ENERGY_ONLY,5027,3400,0.0592,N/A,12,0.06,12.12
ENERGY_ONLY,5027,3500,0.0592,N/A,12,0.06,12.12
ENERGY_ONLY,5027,3600,0.0592,N/A,12,0.06,12.12
ENERGY_ONLY,5027,3700,0.0592,N/A,12,0.06,12.12
ENERGY_ONLY,5027,3800,0.0592,N/A,12,0.06,12.12
ENERGY_ONLY,5027,3900,0.0592,N/A,12,0.06,12.12
ENERGY_ONLY,5027,4000,0.0592,N/A,12,0.06,12.12
ENERGY_ONLY,5027,4100,0.0592,N/A,12,0.06,12.12
ENERGY_ONLY,5027,4200,0.0592,N/A,12,0.06,12.12
ENERGY_ONLY,5027,4300,0.0592,N/A,12,0.06,12.12
ENERGY_ONLY,5027,4400,0.0592,N/A,12,0.06,12.12
ENERGY_ONLY,5027,4500,0.0592,N/A,12,0.06,12.12
ENERGY_ONLY,5027,4600,0.0592,N/A,12,0.06,12.12
ENERGY_ONLY,5027,4700,0.0592,N/A,12,0.06,12.12
ENERGY_ONLY,5027,4800,0.0592,N/A,12,0.06,12.12
ENERGY_ONLY,5027,4900,0.0592,N/A,12,0.06,12.12
ENERGY_ONLY,5027,5000,0.0592,N/A,12,0.06,12.12
ENERGY_ONLY,5027,5100,0.0592,N/A,12,0.06,12.12
ENERGY_ONLY,5027,5200,0.0592,N/A,12,0.06,12.12
ENERGY_ONLY,5027,5300,0.0592,N/A,12,0.06,12.12
ENERGY_ONLY,5027,5400,0.0592,N/A,12,0.06,12.12
ENERGY_ONLY,5027,5500,0.0592,N/A,12,0.06,12.12
ENERGY_ONLY,5027,5600,0.0592,N/A,12,0.06,12.12
ENERGY_ONLY,5027,5700,0.0592,N/A,12,0.06,12.12
ENERGY_ONLY,5027,5800,0.0592,N/A,12,0.06,12.12
ENERGY_ONLY,5027,5900,0.0592,N/A,12,0.06,12.12
ENERGY_ONLY,5027,6000,0.0592,N/A,12,0.06,12.12
ENERGY_ONLY,5027,6100,0.0592,N/A,12,0.06,12.12
ENERGY_ONLY,5027,6200,0.0592,N/A,12,0.06,12.12
ENERGY_ONLY,5027,6300,0.0591,N/A,12,0.02,12.12
ENERGY_ONLY,5027,6400,0.0591,N/A,12,0.02,12.12
ENERGY_ONLY,5027,6500,0.0591,N/A,12,0.02,12.12
ENERGY_ONLY,5027,6600,0.0591,N/A,12,0.02,12.12
ENERGY_ONLY,5027,6700,0.0591,N/A,12,0.02,12.12
ENERGY_ONLY,5027,6800,0.0591,N/A,12,0.02,12.12
ENERGY_ONLY,5027,6900,0.0591,N/A,12,0.02,12.12
ENERGY_ONLY,5027,7000,0.0591,N/A,12,0.02,12.12
ENERGY_ONLY,5027,7100,0.0591,N/A,12,0.02,12.12
ENERGY_ONLY,5027,7200,0.0591,N/A,12,0.02,12.12
ENERGY_ONLY,5027,7300,0.0591,N/A,12,0.02,12.12
ENERGY_ONLY,5027,7400,0.0591,N/A,12,0.02,12.12
ENERGY_ONLY,5027,7500,0.0591,N/A,12,0.02,12.12
ENERGY_ONLY,5027,7600,0.0591,N/A,12,0.02,12.12
ENERGY_ONLY,5027,7700,0.0591,N/A,12,0.02,12.12
ENERGY_ONLY,5027,7800,0.0591,N/A,12,0.02,12.12
ENERGY_ONLY,5027,7900,0.0591,N/A,12,0.02,12.12
ENERGY_ONLY,5027,8000,0.0591,N/A,12,0.02,12.12
ENERGY_ONLY,5027,8100,0.0591,N/A,12,0.02,12.12
ENERGY_ONLY,5027,8200,0.0591,N/A,12,0.02,12.12
ENERGY_ONLY,5027,8300,0.0591,N/A,12,0.02,12.12
ENERGY_ONLY,5027,8400,0.0591,N/A,12,0.02,12.12
ENERGY_ONLY,5027,8500,0.0591,N/A,12,0.02,12.12
ENERGY_ONLY,5027,8600,0.0591,N/A,12,0.02,12.12
ENERGY_ONLY,5027,8700,0.0591,N/A,12,0.02,12.12
ENERGY_ONLY,5027,8800,0.0591,N/A,12,0.02,12.12
ENERGY_ONLY,5027,8900,0.0591,N/A,12,0.02,12.12
ENERGY_ONLY,5027,9000,0.0591,N/A,12,0.02,12.12
ENERGY_ONLY,5027,9100,0.0591,N/A,12,0.02,12.12
ENERGY_ONLY,5027,9200,0.0591,N/A,12,0.02,12.12
ENERGY_ONLY,5027,9300,0.0591,N/A,12,0.02,12.12
ENERGY_ONLY,5027,9400,0.0591,N/A,12,0.02,12.12
ENERGY_ONLY,5027,9500,0.0591,N/A,12,0.02,12.12
ENERGY_ONLY,5027,9600,0.0591,N/A,12,0.02,12.12
ENERGY_ONLY,5027,9700,0.0591,N/A,12,0.02,12.12
ENERGY_ONLY,5027,9800,0.0591,N/A,12,0.02,12.12
ENERGY_ONLY,5027,9900,0.0591,N/A,12,0.02,12.12
ENERGY_ONLY,6024,0,0.0946,0.104747,12,199.87,10.71
ENERGY_ONLY,6024,100,0.1169,932.254751,12,187.05,10.71
ENERGY_ONLY,6024,200,0.1156,929.878078,12,174.22,10.71
ENERGY_ONLY,6024,300,0.1143,907.046738,12,161.41,10.71
ENERGY_ONLY,6024,400,0.1129,835.815696,12,148.61,10.71
ENERGY_ONLY,6024,500,0.1113,697.075196,12,135.82,10.71
ENERGY_ONLY,6024,600,0.1094,515.056155,12,123.05,10.71
ENERGY_ONLY,6024,700,0.1067,347.826013,12,110.30,10.71
ENERGY_ONLY,6024,800,0.1028,234.103256,12,97.58,10.71
ENERGY_ONLY,6024,900,0.0975,174.385979,12,84.90,10.71
ENERGY_ONLY,6024,1000,0.0931,994.912443,12,74.47,10.71
ENERGY_ONLY,6024,1100,0.0922,865.580096,12,68.62,10.71
ENERGY_ONLY,6024,1200,0.0913,732.331427,12,62.77,10.71
ENERGY_ONLY,6024,1300,0.0901,604.889208,12,56.94,10.71
ENERGY_ONLY,6024,1400,0.0888,490.509965,12,51.11,10.71
ENERGY_ONLY,6024,1500,0.0871,393.094390,12,45.31,10.71
ENERGY_ONLY,6024,1600,0.0851,313.517534,12,39.52,10.71
ENERGY_ONLY,6024,1700,0.0827,250.559977,12,33.75,10.71
ENERGY_ONLY,6024,1800,0.0798,201.904469,12,28.00,10.71
ENERGY_ONLY,6024,1900,0.0764,164.904093,12,22.29,10.71
ENERGY_ONLY,6024,2000,0.0725,137.053030,12,16.61,10.71
ENERGY_ONLY,6024,2100,0.0683,116.206593,12,10.96,10.71
ENERGY_ONLY,6024,2200,0.0638,100.637043,12,5.36,10.71
ENERGY_ONLY,6024,2300,0.0596,186.434417,12,0.31,10.71
ENERGY_ONLY,6024,2400,0.0594,N/A,12,0.08,10.71
ENERGY_ONLY,6024,2500,0.0594,N/A,12,0.08,10.71
ENERGY_ONLY,6024,2600,0.0594,N/A,12,0.08,10.71
ENERGY_ONLY,6024,2700,0.0594,N/A,12,0.08,10.71
ENERGY_ONLY,6024,2800,0.0594,N/A,12,0.08,10.71
ENERGY_ONLY,6024,2900,0.0594,N/A,12,0.08,10.71
ENERGY_ONLY,6024,3000,0.0594,N/A,12,0.08,10.71
ENERGY_ONLY,6024,3100,0.0594,N/A,12,0.08,10.71
ENERGY_ONLY,6024,3200,0.0594,N/A,12,0.08,10.71
ENERGY_ONLY,6024,3300,0.0594,N/A,12,0.08,10.71
ENERGY_ONLY,6024,3400,0.0594,N/A,12,0.08,10.71
ENERGY_ONLY,6024,3500,0.0594,N/A,12,0.08,10.71
ENERGY_ONLY,6024,3600,0.0594,N/A,12,0.08,10.71
ENERGY_ONLY,6024,3700,0.0594,N/A,12,0.08,10.71
ENERGY_ONLY,6024,3800,0.0594,N/A,12,0.08,10.71
ENERGY_ONLY,6024,3900,0.0594,N/A,12,0.08,10.71
ENERGY_ONLY,6024,4000,0.0594,N/A,12,0.08,10.71
ENERGY_ONLY,6024,4100,0.0594,N/A,12,0.08,10.71
ENERGY_ONLY,6024,4200,0.0594,N/A,12,0.08,10.71
ENERGY_ONLY,6024,4300,0.0594,N/A,12,0.08,10.71
ENERGY_ONLY,6024,4400,0.0594,N/A,12,0.08,10.71
ENERGY_ONLY,6024,4500,0.0594,N/A,12,0.08,10.71
ENERGY_ONLY,6024,4600,0.0594,N/A,12,0.08,10.71
ENERGY_ONLY,6024,4700,0.0594,N/A,12,0.08,10.71
ENERGY_ONLY,6024,4800,0.0594,N/A,12,0.08,10.71
ENERGY_ONLY,6024,4900,0.0594,N/A,12,0.08,10.71
ENERGY_ONLY,6024,5000,0.0594,N/A,12,0.03,10.71
ENERGY_ONLY,6024,5100,0.0594,N/A,12,0.03,10.71
ENERGY_ONLY,6024,5200,0.0594,N/A,12,0.03,10.71
ENERGY_ONLY,6024,5300,0.0594,N/A,12,0.03,10.71
ENERGY_ONLY,6024,5400,0.0594,N/A,12,0.03,10.71
ENERGY_ONLY,6024,5500,0.0594,N/A,12,0.03,10.71
ENERGY_ONLY,6024,5600,0.0594,N/A,12,0.03,10.71
ENERGY_ONLY,6024,5700,0.0594,N/A,12,0.03,10.71
ENERGY_ONLY,6024,5800,0.0594,N/A,12,0.03,10.71
ENERGY_ONLY,6024,5900,0.0594,N/A,12,0.03,10.71
ENERGY_ONLY,6024,6000,0.0594,N/A,12,0.03,10.71
ENERGY_ONLY,6024,6100,0.0594,N/A,12,0.03,10.71
ENERGY_ONLY,6024,6200,0.0594,N/A,12,0.03,10.71
ENERGY_ONLY,6024,6300,0.0594,N/A,12,0.03,10.71
ENERGY_ONLY,6024,6400,0.0594,N/A,12,0.03,10.71
ENERGY_ONLY,6024,6500,0.0594,N/A,12,0.03,10.71
ENERGY_ONLY,6024,6600,0.0594,N/A,12,0.03,10.71
ENERGY_ONLY,6024,6700,0.0594,N/A,12,0.03,10.71
ENERGY_ONLY,6024,6800,0.0594,N/A,12,0.03,10.71
ENERGY_ONLY,6024,6900,0.0594,N/A,12,0.03,10.71
ENERGY_ONLY,6024,7000,0.0594,N/A,12,0.03,10.71
ENERGY_ONLY,6024,7100,0.0594,N/A,12,0.03,10.71
ENERGY_ONLY,6024,7200,0.0594,N/A,12,0.03,10.71
ENERGY_ONLY,6024,7300,0.0594,N/A,12,0.03,10.71
ENERGY_ONLY,6024,7400,0.0594,N/A,12,0.03,10.71
ENERGY_ONLY,6024,7500,0.0594,N/A,12,0.03,10.71
ENERGY_ONLY,6024,7600,0.0594,N/A,12,0.03,10.71
ENERGY_ONLY,6024,7700,0.0594,N/A,12,0.03,10.71
ENERGY_ONLY,6024,7800,0.0594,N/A,12,0.03,10.71
ENERGY_ONLY,6024,7900,0.0594,N/A,12,0.03,10.71
ENERGY_ONLY,6024,8000,0.0594,N/A,12,0.03,10.71
ENERGY_ONLY,6024,8100,0.0594,N/A,12,0.03,10.71
ENERGY_ONLY,6024,8200,0.0594,N/A,12,0.03,10.71
ENERGY_ONLY,6024,8300,0.0594,N/A,12,0.03,10.71
ENERGY_ONLY,6024,8400,0.0593,N/A,12,0.00,10.71
ENERGY_ONLY,6024,8500,0.0593,N/A,12,0.00,10.71
ENERGY_ONLY,6024,8600,0.0593,N/A,12,0.00,10.71
ENERGY_ONLY,6024,8700,0.0593,N/A,12,0.00,10.71
ENERGY_ONLY,6024,8800,0.0593,N/A,12,0.00,10.71
ENERGY_ONLY,6024,8900,0.0593,N/A,12,0.00,10.71
ENERGY_ONLY,6024,9000,0.0593,N/A,12,0.00,10.71
ENERGY_ONLY,6024,9100,0.0593,N/A,12,0.00,10.71
ENERGY_ONLY,6024,9200,0.0593,N/A,12,0.00,10.71
ENERGY_ONLY,6024,9300,0.0593,N/A,12,0.00,10.71
ENERGY_ONLY,6024,9400,0.0593,N/A,12,0.00,10.71
ENERGY_ONLY,6024,9500,0.0593,N/A,12,0.00,10.71
ENERGY_ONLY,6024,9600,0.0593,N/A,12,0.00,10.71
ENERGY_ONLY,6024,9700,0.0593,N/A,12,0.00,10.71
ENERGY_ONLY,6024,9800,0.0593,N/A,12,0.00,10.71
ENERGY_ONLY,6024,9900,0.0593,N/A,12,0.00,10.71
ENERGY_ONLY,7021,0,0.0944,0.104746,12,199.86,12.69
ENERGY_ONLY,7021,100,0.1166,868.861764,12,186.04,12.69
ENERGY_ONLY,7021,200,0.1152,865.469753,12,172.22,12.69
ENERGY_ONLY,7021,300,0.1138,836.220355,12,158.41,12.69
ENERGY_ONLY,7021,400,0.1123,750.761973,12,144.61,12.69
ENERGY_ONLY,7021,500,0.1105,598.716859,12,130.83,12.69
ENERGY_ONLY,7021,600,0.1082,420.162812,12,117.07,12.69
ENERGY_ONLY,7021,700,0.1049,272.817414,12,103.33,12.69
ENERGY_ONLY,7021,800,0.1000,180.503040,12,89.63,12.69
ENERGY_ONLY,7021,900,0.0933,134.154215,12,75.99,12.69
ENERGY_ONLY,7021,1000,0.0881,1045.170647,12,65.28,12.69
ENERGY_ONLY,7021,1100,0.0874,912.831231,12,60.17,12.69
ENERGY_ONLY,7021,1200,0.0866,773.702135,12,55.07,12.69
ENERGY_ONLY,7021,1300,0.0857,639.003843,12,49.97,12.69
ENERGY_ONLY,7021,1400,0.0846,517.384015,12,44.88,12.69
ENERGY_ONLY,7021,1500,0.0832,413.624921,12,39.81,12.69
ENERGY_ONLY,7021,1600,0.0816,328.944193,12,34.74,12.69
ENERGY_ONLY,7021,1700,0.0796,262.102262,12,29.70,12.69
ENERGY_ONLY,7021,1800,0.0772,210.582940,12,24.68,12.69
ENERGY_ONLY,7021,1900,0.0743,171.493379,12,19.68,12.69
ENERGY_ONLY,7021,2000,0.0711,142.102852,12,14.71,12.69
ENERGY_ONLY,7021,2100,0.0675,120.091243,12,9.78,12.69
ENERGY_ONLY,7021,2200,0.0637,103.610718,12,4.88,12.69
ENERGY_ONLY,7021,2300,0.0600,518.530379,12,0.38,12.69
ENERGY_ONLY,7021,2400,0.0598,N/A,12,0.07,12.69
ENERGY_ONLY,7021,2500,0.0598,N/A,12,0.07,12.69
ENERGY_ONLY,7021,2600,0.0598,N/A,12,0.07,12.69
ENERGY_ONLY,7021,2700,0.0598,N/A,12,0.07,12.69
ENERGY_ONLY,7021,2800,0.0598,N/A,12,0.07,12.69
ENERGY_ONLY,7021,2900,0.0598,N/A,12,0.07,12.69
ENERGY_ONLY,7021,3000,0.0598,N/A,12,0.07,12.69
ENERGY_ONLY,7021,3100,0.0598,N/A,12,0.07,12.69
ENERGY_ONLY,7021,3200,0.0598,N/A,12,0.07,12.69
ENERGY_ONLY,7021,3300,0.0598,N/A,12,0.07,12.69
ENERGY_ONLY,7021,3400,0.0598,N/A,12,0.07,12.69
ENERGY_ONLY,7021,3500,0.0598,N/A,12,0.07,12.69
ENERGY_ONLY,7021,3600,0.0598,N/A,12,0.07,12.69
ENERGY_ONLY,7021,3700,0.0598,N/A,12,0.07,12.69
ENERGY_ONLY,7021,3800,0.0598,N/A,12,0.07,12.69
ENERGY_ONLY,7021,3900,0.0598,N/A,12,0.07,12.69
ENERGY_ONLY,7021,4000,0.0598,N/A,12,0.07,12.69
ENERGY_ONLY,7021,4100,0.0598,N/A,12,0.07,12.69
ENERGY_ONLY,7021,4200,0.0598,N/A,12,0.07,12.69
ENERGY_ONLY,7021,4300,0.0598,N/A,12,0.07,12.69
ENERGY_ONLY,7021,4400,0.0598,N/A,12,0.07,12.69
ENERGY_ONLY,7021,4500,0.0598,N/A,12,0.07,12.69
ENERGY_ONLY,7021,4600,0.0598,N/A,12,0.07,12.69
ENERGY_ONLY,7021,4700,0.0598,N/A,12,0.07,12.69
ENERGY_ONLY,7021,4800,0.0598,N/A,12,0.07,12.69
ENERGY_ONLY,7021,4900,0.0598,N/A,12,0.07,12.69
ENERGY_ONLY,7021,5000,0.0598,N/A,12,0.02,12.69
ENERGY_ONLY,7021,5100,0.0598,N/A,12,0.02,12.69
ENERGY_ONLY,7021,5200,0.0598,N/A,12,0.02,12.69
ENERGY_ONLY,7021,5300,0.0598,N/A,12,0.02,12.69
ENERGY_ONLY,7021,5400,0.0598,N/A,12,0.02,12.69
ENERGY_ONLY,7021,5500,0.0598,N/A,12,0.02,12.69
ENERGY_ONLY,7021,5600,0.0598,N/A,12,0.02,12.69
ENERGY_ONLY,7021,5700,0.0598,N/A,12,0.02,12.69
ENERGY_ONLY,7021,5800,0.0598,N/A,12,0.02,12.69
ENERGY_ONLY,7021,5900,0.0598,N/A,12,0.02,12.69
ENERGY_ONLY,7021,6000,0.0598,N/A,12,0.02,12.69
ENERGY_ONLY,7021,6100,0.0598,N/A,12,0.02,12.69
ENERGY_ONLY,7021,6200,0.0598,N/A,12,0.02,12.69
ENERGY_ONLY,7021,6300,0.0598,N/A,12,0.02,12.69
ENERGY_ONLY,7021,6400,0.0598,N/A,12,0.02,12.69
ENERGY_ONLY,7021,6500,0.0598,N/A,12,0.02,12.69
ENERGY_ONLY,7021,6600,0.0598,N/A,12,0.02,12.69
ENERGY_ONLY,7021,6700,0.0598,N/A,12,0.02,12.69
ENERGY_ONLY,7021,6800,0.0598,N/A,12,0.02,12.69
ENERGY_ONLY,7021,6900,0.0598,N/A,12,0.02,12.69
ENERGY_ONLY,7021,7000,0.0598,N/A,12,0.02,12.69
ENERGY_ONLY,7021,7100,0.0598,N/A,12,0.02,12.69
ENERGY_ONLY,7021,7200,0.0598,N/A,12,0.02,12.69
ENERGY_ONLY,7021,7300,0.0598,N/A,12,0.02,12.69
ENERGY_ONLY,7021,7400,0.0598,N/A,12,0.02,12.69
ENERGY_ONLY,7021,7500,0.0598,N/A,12,0.02,12.69
ENERGY_ONLY,7021,7600,0.0598,N/A,12,0.02,12.69
ENERGY_ONLY,7021,7700,0.0598,N/A,12,0.02,12.69
ENERGY_ONLY,7021,7800,0.0598,N/A,12,0.02,12.69
ENERGY_ONLY,7021,7900,0.0598,N/A,12,0.02,12.69
ENERGY_ONLY,7021,8000,0.0598,N/A,12,0.02,12.69
ENERGY_ONLY,7021,8100,0.0598,N/A,12,0.02,12.69
ENERGY_ONLY,7021,8200,0.0598,N/A,12,0.02,12.69
ENERGY_ONLY,7021,8300,0.0598,N/A,12,0.02,12.69
ENERGY_ONLY,7021,8400,0.0598,N/A,12,0.02,12.69
ENERGY_ONLY,7021,8500,0.0598,N/A,12,0.02,12.69
ENERGY_ONLY,7021,8600,0.0598,N/A,12,0.02,12.69
ENERGY_ONLY,7021,8700,0.0598,N/A,12,0.02,12.69
ENERGY_ONLY,7021,8800,0.0598,N/A,12,0.02,12.69
ENERGY_ONLY,7021,8900,0.0598,N/A,12,0.02,12.69
ENERGY_ONLY,7021,9000,0.0598,N/A,12,0.02,12.69
ENERGY_ONLY,7021,9100,0.0598,N/A,12,0.02,12.69
ENERGY_ONLY,7021,9200,0.0598,N/A,12,0.02,12.69
ENERGY_ONLY,7021,9300,0.0598,N/A,12,0.02,12.69
ENERGY_ONLY,7021,9400,0.0598,N/A,12,0.02,12.69
ENERGY_ONLY,7021,9500,0.0598,N/A,12,0.02,12.69
ENERGY_ONLY,7021,9600,0.0598,N/A,12,0.02,12.69
ENERGY_ONLY,7021,9700,0.0598,N/A,12,0.02,12.69
ENERGY_ONLY,7021,9800,0.0598,N/A,12,0.02,12.69
ENERGY_ONLY,7021,9900,0.0598,N/A,12,0.02,12.69
ENERGY_ONLY,8018,0,0.0964,0.104830,12,199.84,12.51
ENERGY_ONLY,8018,100,0.1188,766.291268,12,184.00,12.51
ENERGY_ONLY,8018,200,0.1172,757.246448,12,168.15,12.51
ENERGY_ONLY,8018,300,0.1155,717.295194,12,152.33,12.51
ENERGY_ONLY,8018,400,0.1137,619.000185,12,136.52,12.51
ENERGY_ONLY,8018,500,0.1115,466.416719,12,120.72,12.51
ENERGY_ONLY,8018,600,0.1085,308.983539,12,104.96,12.51
ENERGY_ONLY,8018,700,0.1039,192.220181,12,89.22,12.51
ENERGY_ONLY,8018,800,0.0969,124.029750,12,73.54,12.51
ENERGY_ONLY,8018,900,0.0876,90.563946,12,57.94,12.51
ENERGY_ONLY,8018,1000,0.0807,1026.726039,12,46.59,12.51
ENERGY_ONLY,8018,1100,0.0801,896.400480,12,42.93,12.51
ENERGY_ONLY,8018,1200,0.0796,760.257527,12,39.28,12.51
ENERGY_ONLY,8018,1300,0.0789,628.819548,12,35.64,12.51
ENERGY_ONLY,8018,1400,0.0781,510.100807,12,32.00,12.51
ENERGY_ONLY,8018,1500,0.0771,408.523940,12,28.37,12.51
ENERGY_ONLY,8018,1600,0.0759,325.254731,12,24.75,12.51
ENERGY_ONLY,8018,1700,0.0744,259.211584,12,21.14,12.51
ENERGY_ONLY,8018,1800,0.0726,208.117554,12,17.55,12.51
ENERGY_ONLY,8018,1900,0.0706,169.294943,12,13.98,12.51
ENERGY_ONLY,8018,2000,0.0682,140.157828,12,10.43,12.51
ENERGY_ONLY,8018,2100,0.0656,118.456154,12,6.90,12.51
ENERGY_ONLY,8018,2200,0.0628,102.354929,12,3.40,12.51
ENERGY_ONLY,8018,2300,0.0601,179.360406,12,0.18,12.51
ENERGY_ONLY,8018,2400,0.0600,N/A,12,0.05,12.51
ENERGY_ONLY,8018,2500,0.0600,N/A,12,0.05,12.51
ENERGY_ONLY,8018,2600,0.0600,N/A,12,0.05,12.51
ENERGY_ONLY,8018,2700,0.0600,N/A,12,0.05,12.51
ENERGY_ONLY,8018,2800,0.0600,N/A,12,0.05,12.51
ENERGY_ONLY,8018,2900,0.0600,N/A,12,0.05,12.51
ENERGY_ONLY,8018,3000,0.0600,N/A,12,0.05,12.51
ENERGY_ONLY,8018,3100,0.0600,N/A,12,0.05,12.51
ENERGY_ONLY,8018,3200,0.0600,N/A,12,0.05,12.51
ENERGY_ONLY,8018,3300,0.0600,N/A,12,0.05,12.51
ENERGY_ONLY,8018,3400,0.0600,N/A,12,0.05,12.51
ENERGY_ONLY,8018,3500,0.0600,N/A,12,0.05,12.51
ENERGY_ONLY,8018,3600,0.0600,N/A,12,0.05,12.51
ENERGY_ONLY,8018,3700,0.0600,N/A,12,0.05,12.51
ENERGY_ONLY,8018,3800,0.0600,N/A,12,0.05,12.51
ENERGY_ONLY,8018,3900,0.0600,N/A,12,0.05,12.51
ENERGY_ONLY,8018,4000,0.0600,N/A,12,0.05,12.51
ENERGY_ONLY,8018,4100,0.0600,N/A,12,0.05,12.51
ENERGY_ONLY,8018,4200,0.0600,N/A,12,0.05,12.51
ENERGY_ONLY,8018,4300,0.0600,N/A,12,0.05,12.51
ENERGY_ONLY,8018,4400,0.0600,N/A,12,0.05,12.51
ENERGY_ONLY,8018,4500,0.0600,N/A,12,0.05,12.51
ENERGY_ONLY,8018,4600,0.0600,N/A,12,0.05,12.51
ENERGY_ONLY,8018,4700,0.0600,N/A,12,0.05,12.51
ENERGY_ONLY,8018,4800,0.0600,N/A,12,0.05,12.51
ENERGY_ONLY,8018,4900,0.0600,N/A,12,0.05,12.51
ENERGY_ONLY,8018,5000,0.0600,N/A,12,0.05,12.51
ENERGY_ONLY,8018,5100,0.0600,N/A,12,0.05,12.51
ENERGY_ONLY,8018,5200,0.0600,N/A,12,0.05,12.51
ENERGY_ONLY,8018,5300,0.0600,N/A,12,0.05,12.51
ENERGY_ONLY,8018,5400,0.0600,N/A,12,0.05,12.51
ENERGY_ONLY,8018,5500,0.0600,N/A,12,0.05,12.51
ENERGY_ONLY,8018,5600,0.0600,N/A,12,0.05,12.51
ENERGY_ONLY,8018,5700,0.0600,N/A,12,0.05,12.51
ENERGY_ONLY,8018,5800,0.0600,N/A,12,0.05,12.51
ENERGY_ONLY,8018,5900,0.0600,N/A,12,0.05,12.51
ENERGY_ONLY,8018,6000,0.0600,N/A,12,0.05,12.51
ENERGY_ONLY,8018,6100,0.0600,N/A,12,0.05,12.51
ENERGY_ONLY,8018,6200,0.0600,N/A,12,0.05,12.51
ENERGY_ONLY,8018,6300,0.0600,N/A,12,0.05,12.51
ENERGY_ONLY,8018,6400,0.0600,N/A,12,0.05,12.51
ENERGY_ONLY,8018,6500,0.0600,N/A,12,0.05,12.51
ENERGY_ONLY,8018,6600,0.0600,N/A,12,0.05,12.51
ENERGY_ONLY,8018,6700,0.0600,N/A,12,0.05,12.51
ENERGY_ONLY,8018,6800,0.0600,N/A,12,0.05,12.51
ENERGY_ONLY,8018,6900,0.0600,N/A,12,0.05,12.51
ENERGY_ONLY,8018,7000,0.0600,N/A,12,0.05,12.51
ENERGY_ONLY,8018,7100,0.0600,N/A,12,0.05,12.51
ENERGY_ONLY,8018,7200,0.0600,N/A,12,0.05,12.51
ENERGY_ONLY,8018,7300,0.0600,N/A,12,0.05,12.51
ENERGY_ONLY,8018,7400,0.0600,N/A,12,0.05,12.51
ENERGY_ONLY,8018,7500,0.0600,N/A,12,0.05,12.51
ENERGY_ONLY,8018,7600,0.0600,N/A,12,0.05,12.51
ENERGY_ONLY,8018,7700,0.0600,N/A,12,0.05,12.51
ENERGY_ONLY,8018,7800,0.0600,N/A,12,0.05,12.51
ENERGY_ONLY,8018,7900,0.0600,N/A,12,0.05,12.51
ENERGY_ONLY,8018,8000,0.0600,N/A,12,0.05,12.51
ENERGY_ONLY,8018,8100,0.0600,N/A,12,0.05,12.51
ENERGY_ONLY,8018,8200,0.0600,N/A,12,0.05,12.51
ENERGY_ONLY,8018,8300,0.0600,N/A,12,0.05,12.51
ENERGY_ONLY,8018,8400,0.0600,N/A,12,0.02,12.51
ENERGY_ONLY,8018,8500,0.0600,N/A,12,0.02,12.51
ENERGY_ONLY,8018,8600,0.0600,N/A,12,0.02,12.51
ENERGY_ONLY,8018,8700,0.0600,N/A,12,0.02,12.51
ENERGY_ONLY,8018,8800,0.0600,N/A,12,0.02,12.51
ENERGY_ONLY,8018,8900,0.0600,N/A,12,0.02,12.51
ENERGY_ONLY,8018,9000,0.0600,N/A,12,0.02,12.51
ENERGY_ONLY,8018,9100,0.0600,N/A,12,0.02,12.51
ENERGY_ONLY,8018,9200,0.0600,N/A,12,0.02,12.51
ENERGY_ONLY,8018,9300,0.0600,N/A,12,0.02,12.51
ENERGY_ONLY,8018,9400,0.0600,N/A,12,0.02,12.51
ENERGY_ONLY,8018,9500,0.0600,N/A,12,0.02,12.51
ENERGY_ONLY,8018,9600,0.0600,N/A,12,0.02,12.51
ENERGY_ONLY,8018,9700,0.0600,N/A,12,0.02,12.51
ENERGY_ONLY,8018,9800,0.0600,N/A,12,0.02,12.51
ENERGY_ONLY,8018,9900,0.0600,N/A,12,0.02,12.51
ENERGY_ONLY,9015,0,0.0946,0.104741,12,199.90,10.84
ENERGY_ONLY,9015,100,0.1172,1206.963078,12,190.07,10.84
ENERGY_ONLY,9015,200,0.1162,1204.097529,12,180.24,10.84
ENERGY_ONLY,9015,300,0.1151,1191.681654,12,170.42,10.84
ENERGY_ONLY,9015,400,0.1141,1154.701960,12,160.61,10.84
ENERGY_ONLY,9015,500,0.1130,1073.654559,12,150.81,10.84
ENERGY_ONLY,9015,600,0.1119,937.336741,12,141.02,10.84
ENERGY_ONLY,9015,700,0.1105,762.562998,12,131.25,10.84
ENERGY_ONLY,9015,800,0.1088,598.998484,12,121.48,10.84
ENERGY_ONLY,9015,900,0.1066,492.035608,12,111.74,10.84
ENERGY_ONLY,9015,1000,0.1047,965.795724,12,102.55,10.84
ENERGY_ONLY,9015,1100,0.1035,844.138404,12,94.53,10.84
ENERGY_ONLY,9015,1200,0.1022,717.942263,12,86.51,10.84
ENERGY_ONLY,9015,1300,0.1006,596.022348,12,78.51,10.84
ENERGY_ONLY,9015,1400,0.0988,485.390255,12,70.53,10.84
ENERGY_ONLY,9015,1500,0.0965,390.215091,12,62.56,10.84
ENERGY_ONLY,9015,1600,0.0938,311.844811,12,54.62,10.84
ENERGY_ONLY,9015,1700,0.0905,249.495951,12,46.70,10.84
ENERGY_ONLY,9015,1800,0.0866,201.146999,12,38.82,10.84
ENERGY_ONLY,9015,1900,0.0820,164.312009,12,30.98,10.84
ENERGY_ONLY,9015,2000,0.0768,136.557590,12,23.19,10.84
ENERGY_ONLY,9015,2100,0.0711,115.766977,12,15.44,10.84
ENERGY_ONLY,9015,2200,0.0650,100.222987,12,7.75,10.84
ENERGY_ONLY,9015,2300,0.0590,121.140879,12,0.49,10.84
ENERGY_ONLY,9015,2400,0.0587,N/A,12,0.11,10.84
ENERGY_ONLY,9015,2500,0.0587,N/A,12,0.11,10.84
ENERGY_ONLY,9015,2600,0.0587,N/A,12,0.11,10.84
ENERGY_ONLY,9015,2700,0.0587,N/A,12,0.11,10.84
ENERGY_ONLY,9015,2800,0.0587,N/A,12,0.11,10.84
ENERGY_ONLY,9015,2900,0.0587,N/A,12,0.11,10.84
ENERGY_ONLY,9015,3000,0.0587,N/A,12,0.11,10.84
ENERGY_ONLY,9015,3100,0.0587,N/A,12,0.11,10.84
ENERGY_ONLY,9015,3200,0.0587,N/A,12,0.11,10.84
ENERGY_ONLY,9015,3300,0.0587,N/A,12,0.11,10.84
ENERGY_ONLY,9015,3400,0.0587,N/A,12,0.11,10.84
ENERGY_ONLY,9015,3500,0.0587,N/A,12,0.11,10.84
ENERGY_ONLY,9015,3600,0.0587,N/A,12,0.11,10.84
ENERGY_ONLY,9015,3700,0.0587,N/A,12,0.11,10.84
ENERGY_ONLY,9015,3800,0.0587,N/A,12,0.11,10.84
ENERGY_ONLY,9015,3900,0.0587,N/A,12,0.11,10.84
ENERGY_ONLY,9015,4000,0.0587,N/A,12,0.11,10.84
ENERGY_ONLY,9015,4100,0.0587,N/A,12,0.11,10.84
ENERGY_ONLY,9015,4200,0.0586,N/A,12,0.05,10.84
ENERGY_ONLY,9015,4300,0.0586,N/A,12,0.05,10.84
ENERGY_ONLY,9015,4400,0.0586,N/A,12,0.05,10.84
ENERGY_ONLY,9015,4500,0.0586,N/A,12,0.05,10.84
ENERGY_ONLY,9015,4600,0.0586,N/A,12,0.05,10.84
ENERGY_ONLY,9015,4700,0.0586,N/A,12,0.05,10.84
ENERGY_ONLY,9015,4800,0.0586,N/A,12,0.05,10.84
ENERGY_ONLY,9015,4900,0.0586,N/A,12,0.05,10.84
ENERGY_ONLY,9015,5000,0.0586,N/A,12,0.00,10.84
ENERGY_ONLY,9015,5100,0.0586,N/A,12,0.00,10.84
ENERGY_ONLY,9015,5200,0.0586,N/A,12,0.00,10.84
ENERGY_ONLY,9015,5300,0.0586,N/A,12,0.00,10.84
ENERGY_ONLY,9015,5400,0.0586,N/A,12,0.00,10.84
ENERGY_ONLY,9015,5500,0.0586,N/A,12,0.00,10.84
ENERGY_ONLY,9015,5600,0.0586,N/A,12,0.00,10.84
ENERGY_ONLY,9015,5700,0.0586,N/A,12,0.00,10.84
ENERGY_ONLY,9015,5800,0.0586,N/A,12,0.00,10.84
ENERGY_ONLY,9015,5900,0.0586,N/A,12,0.00,10.84
ENERGY_ONLY,9015,6000,0.0586,N/A,12,0.00,10.84
ENERGY_ONLY,9015,6100,0.0586,N/A,12,0.00,10.84
ENERGY_ONLY,9015,6200,0.0586,N/A,12,0.00,10.84
ENERGY_ONLY,9015,6300,0.0586,N/A,12,0.00,10.84
ENERGY_ONLY,9015,6400,0.0586,N/A,12,0.00,10.84
ENERGY_ONLY,9015,6500,0.0586,N/A,12,0.00,10.84
ENERGY_ONLY,9015,6600,0.0586,N/A,12,0.00,10.84
ENERGY_ONLY,9015,6700,0.0586,N/A,12,0.00,10.84
ENERGY_ONLY,9015,6800,0.0586,N/A,12,0.00,10.84
ENERGY_ONLY,9015,6900,0.0586,N/A,12,0.00,10.84
ENERGY_ONLY,9015,7000,0.0586,N/A,12,0.00,10.84
ENERGY_ONLY,9015,7100,0.0586,N/A,12,0.00,10.84
ENERGY_ONLY,9015,7200,0.0586,N/A,12,0.00,10.84
ENERGY_ONLY,9015,7300,0.0586,N/A,12,0.00,10.84
ENERGY_ONLY,9015,7400,0.0586,N/A,12,0.00,10.84
ENERGY_ONLY,9015,7500,0.0586,N/A,12,0.00,10.84
ENERGY_ONLY,9015,7600,0.0586,N/A,12,0.00,10.84
ENERGY_ONLY,9015,7700,0.0586,N/A,12,0.00,10.84
ENERGY_ONLY,9015,7800,0.0586,N/A,12,0.00,10.84
ENERGY_ONLY,9015,7900,0.0586,N/A,12,0.00,10.84
ENERGY_ONLY,9015,8000,0.0586,N/A,12,0.00,10.84
ENERGY_ONLY,9015,8100,0.0586,N/A,12,0.00,10.84
ENERGY_ONLY,9015,8200,0.0586,N/A,12,0.00,10.84
ENERGY_ONLY,9015,8300,0.0586,N/A,12,0.00,10.84
ENERGY_ONLY,9015,8400,0.0586,N/A,12,0.00,10.84
ENERGY_ONLY,9015,8500,0.0586,N/A,12,0.00,10.84
ENERGY_ONLY,9015,8600,0.0586,N/A,12,0.00,10.84
ENERGY_ONLY,9015,8700,0.0586,N/A,12,0.00,10.84
ENERGY_ONLY,9015,8800,0.0586,N/A,12,0.00,10.84
ENERGY_ONLY,9015,8900,0.0586,N/A,12,0.00,10.84
ENERGY_ONLY,9015,9000,0.0586,N/A,12,0.00,10.84
ENERGY_ONLY,9015,9100,0.0586,N/A,12,0.00,10.84
ENERGY_ONLY,9015,9200,0.0586,N/A,12,0.00,10.84
ENERGY_ONLY,9015,9300,0.0586,N/A,12,0.00,10.84
ENERGY_ONLY,9015,9400,0.0586,N/A,12,0.00,10.84
ENERGY_ONLY,9015,9500,0.0586,N/A,12,0.00,10.84
ENERGY_ONLY,9015,9600,0.0586,N/A,12,0.00,10.84
ENERGY_ONLY,9015,9700,0.0586,N/A,12,0.00,10.84
ENERGY_ONLY,9015,9800,0.0586,N/A,12,0.00,10.84
ENERGY_ONLY,9015,9900,0.0586,N/A,12,0.00,10.84
FREE,42,0,0.0987,0.000000,12,1000.00,12.03
FREE,42,100,0.1234,N/A,12,1000.00,12.03
FREE,42,200,0.1234,N/A,12,1000.00,12.03
FREE,42,300,0.1234,N/A,12,1000.00,12.03
FREE,42,400,0.1234,N/A,12,1000.00,12.03
FREE,42,500,0.1234,N/A,12,1000.00,12.03
FREE,42,600,0.1234,N/A,12,1000.00,12.03
FREE,42,700,0.1234,N/A,12,1000.00,12.03
FREE,42,800,0.1234,N/A,12,1000.00,12.03
FREE,42,900,0.1234,N/A,12,1000.00,12.03
FREE,42,1000,0.1234,N/A,12,1000.00,12.03
FREE,42,1100,0.1234,N/A,12,1000.00,12.03
FREE,42,1200,0.1234,N/A,12,1000.00,12.03
FREE,42,1300,0.1234,N/A,12,1000.00,12.03
FREE,42,1400,0.1234,N/A,12,1000.00,12.03
FREE,42,1500,0.1234,N/A,12,1000.00,12.03
FREE,42,1600,0.1234,N/A,12,1000.00,12.03
FREE,42,1700,0.1234,N/A,12,1000.00,12.03
FREE,42,1800,0.1234,N/A,12,1000.00,12.03
FREE,42,1900,0.1234,N/A,12,1000.00,12.03
FREE,42,2000,0.1234,N/A,12,1000.00,12.03
FREE,42,2100,0.1234,N/A,12,1000.00,12.03
FREE,42,2200,0.1234,N/A,12,1000.00,12.03
FREE,42,2300,0.1234,N/A,12,1000.00,12.03
FREE,42,2400,0.1234,N/A,12,1000.00,12.03
FREE,42,2500,0.1234,N/A,12,1000.00,12.03
FREE,42,2600,0.1234,N/A,12,1000.00,12.03
FREE,42,2700,0.1234,N/A,12,1000.00,12.03
FREE,42,2800,0.1234,N/A,12,1000.00,12.03
FREE,42,2900,0.1234,N/A,12,1000.00,12.03
FREE,42,3000,0.1234,N/A,12,1000.00,12.03
FREE,42,3100,0.1234,N/A,12,1000.00,12.03
FREE,42,3200,0.1234,N/A,12,1000.00,12.03
FREE,42,3300,0.1234,N/A,12,1000.00,12.03
FREE,42,3400,0.1234,N/A,12,1000.00,12.03
FREE,42,3500,0.1234,N/A,12,1000.00,12.03
FREE,42,3600,0.1234,N/A,12,1000.00,12.03
FREE,42,3700,0.1234,N/A,12,1000.00,12.03
FREE,42,3800,0.1234,N/A,12,1000.00,12.03
FREE,42,3900,0.1234,N/A,12,1000.00,12.03
FREE,42,4000,0.1234,N/A,12,1000.00,12.03
FREE,42,4100,0.1234,N/A,12,1000.00,12.03
FREE,42,4200,0.1234,N/A,12,1000.00,12.03
FREE,42,4300,0.1234,N/A,12,1000.00,12.03
FREE,42,4400,0.1234,N/A,12,1000.00,12.03
FREE,42,4500,0.1234,N/A,12,1000.00,12.03
FREE,42,4600,0.1234,N/A,12,1000.00,12.03
FREE,42,4700,0.1234,N/A,12,1000.00,12.03
FREE,42,4800,0.1234,N/A,12,1000.00,12.03
FREE,42,4900,0.1234,N/A,12,1000.00,12.03
FREE,42,5000,0.1234,N/A,12,1000.00,12.03
FREE,42,5100,0.1234,N/A,12,1000.00,12.03
FREE,42,5200,0.1234,N/A,12,1000.00,12.03
FREE,42,5300,0.1234,N/A,12,1000.00,12.03
FREE,42,5400,0.1234,N/A,12,1000.00,12.03
FREE,42,5500,0.1234,N/A,12,1000.00,12.03
FREE,42,5600,0.1234,N/A,12,1000.00,12.03
FREE,42,5700,0.1234,N/A,12,1000.00,12.03
FREE,42,5800,0.1234,N/A,12,1000.00,12.03
FREE,42,5900,0.1234,N/A,12,1000.00,12.03
FREE,42,6000,0.1234,N/A,12,1000.00,12.03
FREE,42,6100,0.1234,N/A,12,1000.00,12.03
FREE,42,6200,0.1234,N/A,12,1000.00,12.03
FREE,42,6300,0.1234,N/A,12,1000.00,12.03
FREE,42,6400,0.1234,N/A,12,1000.00,12.03
FREE,42,6500,0.1234,N/A,12,1000.00,12.03
FREE,42,6600,0.1234,N/A,12,1000.00,12.03
FREE,42,6700,0.1234,N/A,12,1000.00,12.03
FREE,42,6800,0.1234,N/A,12,1000.00,12.03
FREE,42,6900,0.1234,N/A,12,1000.00,12.03
FREE,42,7000,0.1234,N/A,12,1000.00,12.03
FREE,42,7100,0.1234,N/A,12,1000.00,12.03
FREE,42,7200,0.1234,N/A,12,1000.00,12.03
FREE,42,7300,0.1234,N/A,12,1000.00,12.03
FREE,42,7400,0.1234,N/A,12,1000.00,12.03
FREE,42,7500,0.1234,N/A,12,1000.00,12.03
FREE,42,7600,0.1234,N/A,12,1000.00,12.03
FREE,42,7700,0.1234,N/A,12,1000.00,12.03
FREE,42,7800,0.1234,N/A,12,1000.00,12.03
FREE,42,7900,0.1234,N/A,12,1000.00,12.03
FREE,42,8000,0.1234,N/A,12,1000.00,12.03
FREE,42,8100,0.1234,N/A,12,1000.00,12.03
FREE,42,8200,0.1234,N/A,12,1000.00,12.03
FREE,42,8300,0.1234,N/A,12,1000.00,12.03
FREE,42,8400,0.1234,N/A,12,1000.00,12.03
FREE,42,8500,0.1234,N/A,12,1000.00,12.03
FREE,42,8600,0.1234,N/A,12,1000.00,12.03
FREE,42,8700,0.1234,N/A,12,1000.00,12.03
FREE,42,8800,0.1234,N/A,12,1000.00,12.03
FREE,42,8900,0.1234,N/A,12,1000.00,12.03
FREE,42,9000,0.1234,N/A,12,1000.00,12.03
FREE,42,9100,0.1234,N/A,12,1000.00,12.03
FREE,42,9200,0.1234,N/A,12,1000.00,12.03
FREE,42,9300,0.1234,N/A,12,1000.00,12.03
FREE,42,9400,0.1234,N/A,12,1000.00,12.03
FREE,42,9500,0.1234,N/A,12,1000.00,12.03
FREE,42,9600,0.1234,N/A,12,1000.00,12.03
FREE,42,9700,0.1234,N/A,12,1000.00,12.03
FREE,42,9800,0.1234,N/A,12,1000.00,12.03
FREE,42,9900,0.1234,N/A,12,1000.00,12.03
FREE,1039,0,0.0983,0.000000,12,1000.00,12.00
FREE,1039,100,0.1228,N/A,12,1000.00,12.00
FREE,1039,200,0.1228,N/A,12,1000.00,12.00
FREE,1039,300,0.1228,N/A,12,1000.00,12.00
FREE,1039,400,0.1228,N/A,12,1000.00,12.00
FREE,1039,500,0.1228,N/A,12,1000.00,12.00
FREE,1039,600,0.1228,N/A,12,1000.00,12.00
FREE,1039,700,0.1228,N/A,12,1000.00,12.00
FREE,1039,800,0.1228,N/A,12,1000.00,12.00
FREE,1039,900,0.1228,N/A,12,1000.00,12.00
FREE,1039,1000,0.1228,N/A,12,1000.00,12.00
FREE,1039,1100,0.1228,N/A,12,1000.00,12.00
FREE,1039,1200,0.1228,N/A,12,1000.00,12.00
FREE,1039,1300,0.1228,N/A,12,1000.00,12.00
FREE,1039,1400,0.1228,N/A,12,1000.00,12.00
FREE,1039,1500,0.1228,N/A,12,1000.00,12.00
FREE,1039,1600,0.1228,N/A,12,1000.00,12.00
FREE,1039,1700,0.1228,N/A,12,1000.00,12.00
FREE,1039,1800,0.1228,N/A,12,1000.00,12.00
FREE,1039,1900,0.1228,N/A,12,1000.00,12.00
FREE,1039,2000,0.1228,N/A,12,1000.00,12.00
FREE,1039,2100,0.1228,N/A,12,1000.00,12.00
FREE,1039,2200,0.1228,N/A,12,1000.00,12.00
FREE,1039,2300,0.1228,N/A,12,1000.00,12.00
FREE,1039,2400,0.1228,N/A,12,1000.00,12.00
FREE,1039,2500,0.1228,N/A,12,1000.00,12.00
FREE,1039,2600,0.1228,N/A,12,1000.00,12.00
FREE,1039,2700,0.1228,N/A,12,1000.00,12.00
FREE,1039,2800,0.1228,N/A,12,1000.00,12.00
FREE,1039,2900,0.1228,N/A,12,1000.00,12.00
FREE,1039,3000,0.1228,N/A,12,1000.00,12.00
FREE,1039,3100,0.1228,N/A,12,1000.00,12.00
FREE,1039,3200,0.1228,N/A,12,1000.00,12.00
FREE,1039,3300,0.1228,N/A,12,1000.00,12.00
FREE,1039,3400,0.1228,N/A,12,1000.00,12.00
FREE,1039,3500,0.1228,N/A,12,1000.00,12.00
FREE,1039,3600,0.1228,N/A,12,1000.00,12.00
FREE,1039,3700,0.1228,N/A,12,1000.00,12.00
FREE,1039,3800,0.1228,N/A,12,1000.00,12.00
FREE,1039,3900,0.1228,N/A,12,1000.00,12.00
FREE,1039,4000,0.1228,N/A,12,1000.00,12.00
FREE,1039,4100,0.1228,N/A,12,1000.00,12.00
FREE,1039,4200,0.1228,N/A,12,1000.00,12.00
FREE,1039,4300,0.1228,N/A,12,1000.00,12.00
FREE,1039,4400,0.1228,N/A,12,1000.00,12.00
FREE,1039,4500,0.1228,N/A,12,1000.00,12.00
FREE,1039,4600,0.1228,N/A,12,1000.00,12.00
FREE,1039,4700,0.1228,N/A,12,1000.00,12.00
FREE,1039,4800,0.1228,N/A,12,1000.00,12.00
FREE,1039,4900,0.1228,N/A,12,1000.00,12.00
FREE,1039,5000,0.1228,N/A,12,1000.00,12.00
FREE,1039,5100,0.1228,N/A,12,1000.00,12.00
FREE,1039,5200,0.1228,N/A,12,1000.00,12.00
FREE,1039,5300,0.1228,N/A,12,1000.00,12.00
FREE,1039,5400,0.1228,N/A,12,1000.00,12.00
FREE,1039,5500,0.1228,N/A,12,1000.00,12.00
FREE,1039,5600,0.1228,N/A,12,1000.00,12.00
FREE,1039,5700,0.1228,N/A,12,1000.00,12.00
FREE,1039,5800,0.1228,N/A,12,1000.00,12.00
FREE,1039,5900,0.1228,N/A,12,1000.00,12.00
FREE,1039,6000,0.1228,N/A,12,1000.00,12.00
FREE,1039,6100,0.1228,N/A,12,1000.00,12.00
FREE,1039,6200,0.1228,N/A,12,1000.00,12.00
FREE,1039,6300,0.1228,N/A,12,1000.00,12.00
FREE,1039,6400,0.1228,N/A,12,1000.00,12.00
FREE,1039,6500,0.1228,N/A,12,1000.00,12.00
FREE,1039,6600,0.1228,N/A,12,1000.00,12.00
FREE,1039,6700,0.1228,N/A,12,1000.00,12.00
FREE,1039,6800,0.1228,N/A,12,1000.00,12.00
FREE,1039,6900,0.1228,N/A,12,1000.00,12.00
FREE,1039,7000,0.1228,N/A,12,1000.00,12.00
FREE,1039,7100,0.1228,N/A,12,1000.00,12.00
FREE,1039,7200,0.1228,N/A,12,1000.00,12.00
FREE,1039,7300,0.1228,N/A,12,1000.00,12.00
FREE,1039,7400,0.1228,N/A,12,1000.00,12.00
FREE,1039,7500,0.1228,N/A,12,1000.00,12.00
FREE,1039,7600,0.1228,N/A,12,1000.00,12.00
FREE,1039,7700,0.1228,N/A,12,1000.00,12.00
FREE,1039,7800,0.1228,N/A,12,1000.00,12.00
FREE,1039,7900,0.1228,N/A,12,1000.00,12.00
FREE,1039,8000,0.1228,N/A,12,1000.00,12.00
FREE,1039,8100,0.1228,N/A,12,1000.00,12.00
FREE,1039,8200,0.1228,N/A,12,1000.00,12.00
FREE,1039,8300,0.1228,N/A,12,1000.00,12.00
FREE,1039,8400,0.1228,N/A,12,1000.00,12.00
FREE,1039,8500,0.1228,N/A,12,1000.00,12.00
FREE,1039,8600,0.1228,N/A,12,1000.00,12.00
FREE,1039,8700,0.1228,N/A,12,1000.00,12.00
FREE,1039,8800,0.1228,N/A,12,1000.00,12.00
FREE,1039,8900,0.1228,N/A,12,1000.00,12.00
FREE,1039,9000,0.1228,N/A,12,1000.00,12.00
FREE,1039,9100,0.1228,N/A,12,1000.00,12.00
FREE,1039,9200,0.1228,N/A,12,1000.00,12.00
FREE,1039,9300,0.1228,N/A,12,1000.00,12.00
FREE,1039,9400,0.1228,N/A,12,1000.00,12.00
FREE,1039,9500,0.1228,N/A,12,1000.00,12.00
FREE,1039,9600,0.1228,N/A,12,1000.00,12.00
FREE,1039,9700,0.1228,N/A,12,1000.00,12.00
FREE,1039,9800,0.1228,N/A,12,1000.00,12.00
FREE,1039,9900,0.1228,N/A,12,1000.00,12.00
FREE,2036,0,0.0987,0.000000,12,1000.00,12.58
FREE,2036,100,0.1234,N/A,12,1000.00,12.58
FREE,2036,200,0.1234,N/A,12,1000.00,12.58
FREE,2036,300,0.1234,N/A,12,1000.00,12.58
FREE,2036,400,0.1234,N/A,12,1000.00,12.58
FREE,2036,500,0.1234,N/A,12,1000.00,12.58
FREE,2036,600,0.1234,N/A,12,1000.00,12.58
FREE,2036,700,0.1234,N/A,12,1000.00,12.58
FREE,2036,800,0.1234,N/A,12,1000.00,12.58
FREE,2036,900,0.1234,N/A,12,1000.00,12.58
FREE,2036,1000,0.1234,N/A,12,1000.00,12.58
FREE,2036,1100,0.1234,N/A,12,1000.00,12.58
FREE,2036,1200,0.1234,N/A,12,1000.00,12.58
FREE,2036,1300,0.1234,N/A,12,1000.00,12.58
FREE,2036,1400,0.1234,N/A,12,1000.00,12.58
FREE,2036,1500,0.1234,N/A,12,1000.00,12.58
FREE,2036,1600,0.1234,N/A,12,1000.00,12.58
FREE,2036,1700,0.1234,N/A,12,1000.00,12.58
FREE,2036,1800,0.1234,N/A,12,1000.00,12.58
FREE,2036,1900,0.1234,N/A,12,1000.00,12.58
FREE,2036,2000,0.1234,N/A,12,1000.00,12.58
FREE,2036,2100,0.1234,N/A,12,1000.00,12.58
FREE,2036,2200,0.1234,N/A,12,1000.00,12.58
FREE,2036,2300,0.1234,N/A,12,1000.00,12.58
FREE,2036,2400,0.1234,N/A,12,1000.00,12.58
FREE,2036,2500,0.1234,N/A,12,1000.00,12.58
FREE,2036,2600,0.1234,N/A,12,1000.00,12.58
FREE,2036,2700,0.1234,N/A,12,1000.00,12.58
FREE,2036,2800,0.1234,N/A,12,1000.00,12.58
FREE,2036,2900,0.1234,N/A,12,1000.00,12.58
FREE,2036,3000,0.1234,N/A,12,1000.00,12.58
FREE,2036,3100,0.1234,N/A,12,1000.00,12.58
FREE,2036,3200,0.1234,N/A,12,1000.00,12.58
FREE,2036,3300,0.1234,N/A,12,1000.00,12.58
FREE,2036,3400,0.1234,N/A,12,1000.00,12.58
FREE,2036,3500,0.1234,N/A,12,1000.00,12.58
FREE,2036,3600,0.1234,N/A,12,1000.00,12.58
FREE,2036,3700,0.1234,N/A,12,1000.00,12.58
FREE,2036,3800,0.1234,N/A,12,1000.00,12.58
FREE,2036,3900,0.1234,N/A,12,1000.00,12.58
FREE,2036,4000,0.1234,N/A,12,1000.00,12.58
FREE,2036,4100,0.1234,N/A,12,1000.00,12.58
FREE,2036,4200,0.1234,N/A,12,1000.00,12.58
FREE,2036,4300,0.1234,N/A,12,1000.00,12.58
FREE,2036,4400,0.1234,N/A,12,1000.00,12.58
FREE,2036,4500,0.1234,N/A,12,1000.00,12.58
FREE,2036,4600,0.1234,N/A,12,1000.00,12.58
FREE,2036,4700,0.1234,N/A,12,1000.00,12.58
FREE,2036,4800,0.1234,N/A,12,1000.00,12.58
FREE,2036,4900,0.1234,N/A,12,1000.00,12.58
FREE,2036,5000,0.1234,N/A,12,1000.00,12.58
FREE,2036,5100,0.1234,N/A,12,1000.00,12.58
FREE,2036,5200,0.1234,N/A,12,1000.00,12.58
FREE,2036,5300,0.1234,N/A,12,1000.00,12.58
FREE,2036,5400,0.1234,N/A,12,1000.00,12.58
FREE,2036,5500,0.1234,N/A,12,1000.00,12.58
FREE,2036,5600,0.1234,N/A,12,1000.00,12.58
FREE,2036,5700,0.1234,N/A,12,1000.00,12.58
FREE,2036,5800,0.1234,N/A,12,1000.00,12.58
FREE,2036,5900,0.1234,N/A,12,1000.00,12.58
FREE,2036,6000,0.1234,N/A,12,1000.00,12.58
FREE,2036,6100,0.1234,N/A,12,1000.00,12.58
FREE,2036,6200,0.1234,N/A,12,1000.00,12.58
FREE,2036,6300,0.1234,N/A,12,1000.00,12.58
FREE,2036,6400,0.1234,N/A,12,1000.00,12.58
FREE,2036,6500,0.1234,N/A,12,1000.00,12.58
FREE,2036,6600,0.1234,N/A,12,1000.00,12.58
FREE,2036,6700,0.1234,N/A,12,1000.00,12.58
FREE,2036,6800,0.1234,N/A,12,1000.00,12.58
FREE,2036,6900,0.1234,N/A,12,1000.00,12.58
FREE,2036,7000,0.1234,N/A,12,1000.00,12.58
FREE,2036,7100,0.1234,N/A,12,1000.00,12.58
FREE,2036,7200,0.1234,N/A,12,1000.00,12.58
FREE,2036,7300,0.1234,N/A,12,1000.00,12.58
FREE,2036,7400,0.1234,N/A,12,1000.00,12.58
FREE,2036,7500,0.1234,N/A,12,1000.00,12.58
FREE,2036,7600,0.1234,N/A,12,1000.00,12.58
FREE,2036,7700,0.1234,N/A,12,1000.00,12.58
FREE,2036,7800,0.1234,N/A,12,1000.00,12.58
FREE,2036,7900,0.1234,N/A,12,1000.00,12.58
FREE,2036,8000,0.1234,N/A,12,1000.00,12.58
FREE,2036,8100,0.1234,N/A,12,1000.00,12.58
FREE,2036,8200,0.1234,N/A,12,1000.00,12.58
FREE,2036,8300,0.1234,N/A,12,1000.00,12.58
FREE,2036,8400,0.1234,N/A,12,1000.00,12.58
FREE,2036,8500,0.1234,N/A,12,1000.00,12.58
FREE,2036,8600,0.1234,N/A,12,1000.00,12.58
FREE,2036,8700,0.1234,N/A,12,1000.00,12.58
FREE,2036,8800,0.1234,N/A,12,1000.00,12.58
FREE,2036,8900,0.1234,N/A,12,1000.00,12.58
FREE,2036,9000,0.1234,N/A,12,1000.00,12.58
FREE,2036,9100,0.1234,N/A,12,1000.00,12.58
FREE,2036,9200,0.1234,N/A,12,1000.00,12.58
FREE,2036,9300,0.1234,N/A,12,1000.00,12.58
FREE,2036,9400,0.1234,N/A,12,1000.00,12.58
FREE,2036,9500,0.1234,N/A,12,1000.00,12.58
FREE,2036,9600,0.1234,N/A,12,1000.00,12.58
FREE,2036,9700,0.1234,N/A,12,1000.00,12.58
FREE,2036,9800,0.1234,N/A,12,1000.00,12.58
FREE,2036,9900,0.1234,N/A,12,1000.00,12.58
FREE,3033,0,0.0985,0.000000,12,1000.00,10.87
FREE,3033,100,0.1231,N/A,12,1000.00,10.87
FREE,3033,200,0.1231,N/A,12,1000.00,10.87
FREE,3033,300,0.1231,N/A,12,1000.00,10.87
FREE,3033,400,0.1231,N/A,12,1000.00,10.87
FREE,3033,500,0.1231,N/A,12,1000.00,10.87
FREE,3033,600,0.1231,N/A,12,1000.00,10.87
FREE,3033,700,0.1231,N/A,12,1000.00,10.87
FREE,3033,800,0.1231,N/A,12,1000.00,10.87
FREE,3033,900,0.1231,N/A,12,1000.00,10.87
FREE,3033,1000,0.1231,N/A,12,1000.00,10.87
FREE,3033,1100,0.1231,N/A,12,1000.00,10.87
FREE,3033,1200,0.1231,N/A,12,1000.00,10.87
FREE,3033,1300,0.1231,N/A,12,1000.00,10.87
FREE,3033,1400,0.1231,N/A,12,1000.00,10.87
FREE,3033,1500,0.1231,N/A,12,1000.00,10.87
FREE,3033,1600,0.1231,N/A,12,1000.00,10.87
FREE,3033,1700,0.1231,N/A,12,1000.00,10.87
FREE,3033,1800,0.1231,N/A,12,1000.00,10.87
FREE,3033,1900,0.1231,N/A,12,1000.00,10.87
FREE,3033,2000,0.1231,N/A,12,1000.00,10.87
FREE,3033,2100,0.1231,N/A,12,1000.00,10.87
FREE,3033,2200,0.1231,N/A,12,1000.00,10.87
FREE,3033,2300,0.1231,N/A,12,1000.00,10.87
FREE,3033,2400,0.1231,N/A,12,1000.00,10.87
FREE,3033,2500,0.1231,N/A,12,1000.00,10.87
FREE,3033,2600,0.1231,N/A,12,1000.00,10.87
FREE,3033,2700,0.1231,N/A,12,1000.00,10.87
FREE,3033,2800,0.1231,N/A,12,1000.00,10.87
FREE,3033,2900,0.1231,N/A,12,1000.00,10.87
FREE,3033,3000,0.1231,N/A,12,1000.00,10.87
FREE,3033,3100,0.1231,N/A,12,1000.00,10.87
FREE,3033,3200,0.1231,N/A,12,1000.00,10.87
FREE,3033,3300,0.1231,N/A,12,1000.00,10.87
FREE,3033,3400,0.1231,N/A,12,1000.00,10.87
FREE,3033,3500,0.1231,N/A,12,1000.00,10.87
FREE,3033,3600,0.1231,N/A,12,1000.00,10.87
FREE,3033,3700,0.1231,N/A,12,1000.00,10.87
FREE,3033,3800,0.1231,N/A,12,1000.00,10.87
FREE,3033,3900,0.1231,N/A,12,1000.00,10.87
FREE,3033,4000,0.1231,N/A,12,1000.00,10.87
FREE,3033,4100,0.1231,N/A,12,1000.00,10.87
FREE,3033,4200,0.1231,N/A,12,1000.00,10.87
FREE,3033,4300,0.1231,N/A,12,1000.00,10.87
FREE,3033,4400,0.1231,N/A,12,1000.00,10.87
FREE,3033,4500,0.1231,N/A,12,1000.00,10.87
FREE,3033,4600,0.1231,N/A,12,1000.00,10.87
FREE,3033,4700,0.1231,N/A,12,1000.00,10.87
FREE,3033,4800,0.1231,N/A,12,1000.00,10.87
FREE,3033,4900,0.1231,N/A,12,1000.00,10.87
FREE,3033,5000,0.1231,N/A,12,1000.00,10.87
FREE,3033,5100,0.1231,N/A,12,1000.00,10.87
FREE,3033,5200,0.1231,N/A,12,1000.00,10.87
FREE,3033,5300,0.1231,N/A,12,1000.00,10.87
FREE,3033,5400,0.1231,N/A,12,1000.00,10.87
FREE,3033,5500,0.1231,N/A,12,1000.00,10.87
FREE,3033,5600,0.1231,N/A,12,1000.00,10.87
FREE,3033,5700,0.1231,N/A,12,1000.00,10.87
FREE,3033,5800,0.1231,N/A,12,1000.00,10.87
FREE,3033,5900,0.1231,N/A,12,1000.00,10.87
FREE,3033,6000,0.1231,N/A,12,1000.00,10.87
FREE,3033,6100,0.1231,N/A,12,1000.00,10.87
FREE,3033,6200,0.1231,N/A,12,1000.00,10.87
FREE,3033,6300,0.1231,N/A,12,1000.00,10.87
FREE,3033,6400,0.1231,N/A,12,1000.00,10.87
FREE,3033,6500,0.1231,N/A,12,1000.00,10.87
FREE,3033,6600,0.1231,N/A,12,1000.00,10.87
FREE,3033,6700,0.1231,N/A,12,1000.00,10.87
FREE,3033,6800,0.1231,N/A,12,1000.00,10.87
FREE,3033,6900,0.1231,N/A,12,1000.00,10.87
FREE,3033,7000,0.1231,N/A,12,1000.00,10.87
FREE,3033,7100,0.1231,N/A,12,1000.00,10.87
FREE,3033,7200,0.1231,N/A,12,1000.00,10.87
FREE,3033,7300,0.1231,N/A,12,1000.00,10.87
FREE,3033,7400,0.1231,N/A,12,1000.00,10.87
FREE,3033,7500,0.1231,N/A,12,1000.00,10.87
FREE,3033,7600,0.1231,N/A,12,1000.00,10.87
FREE,3033,7700,0.1231,N/A,12,1000.00,10.87
FREE,3033,7800,0.1231,N/A,12,1000.00,10.87
FREE,3033,7900,0.1231,N/A,12,1000.00,10.87
FREE,3033,8000,0.1231,N/A,12,1000.00,10.87
FREE,3033,8100,0.1231,N/A,12,1000.00,10.87
FREE,3033,8200,0.1231,N/A,12,1000.00,10.87
FREE,3033,8300,0.1231,N/A,12,1000.00,10.87
FREE,3033,8400,0.1231,N/A,12,1000.00,10.87
FREE,3033,8500,0.1231,N/A,12,1000.00,10.87
FREE,3033,8600,0.1231,N/A,12,1000.00,10.87
FREE,3033,8700,0.1231,N/A,12,1000.00,10.87
FREE,3033,8800,0.1231,N/A,12,1000.00,10.87
FREE,3033,8900,0.1231,N/A,12,1000.00,10.87
FREE,3033,9000,0.1231,N/A,12,1000.00,10.87
FREE,3033,9100,0.1231,N/A,12,1000.00,10.87
FREE,3033,9200,0.1231,N/A,12,1000.00,10.87
FREE,3033,9300,0.1231,N/A,12,1000.00,10.87
FREE,3033,9400,0.1231,N/A,12,1000.00,10.87
FREE,3033,9500,0.1231,N/A,12,1000.00,10.87
FREE,3033,9600,0.1231,N/A,12,1000.00,10.87
FREE,3033,9700,0.1231,N/A,12,1000.00,10.87
FREE,3033,9800,0.1231,N/A,12,1000.00,10.87
FREE,3033,9900,0.1231,N/A,12,1000.00,10.87
FREE,4030,0,0.0987,0.000000,12,1000.00,12.84
FREE,4030,100,0.1234,N/A,12,1000.00,12.84
FREE,4030,200,0.1234,N/A,12,1000.00,12.84
FREE,4030,300,0.1234,N/A,12,1000.00,12.84
FREE,4030,400,0.1234,N/A,12,1000.00,12.84
FREE,4030,500,0.1234,N/A,12,1000.00,12.84
FREE,4030,600,0.1234,N/A,12,1000.00,12.84
FREE,4030,700,0.1234,N/A,12,1000.00,12.84
FREE,4030,800,0.1234,N/A,12,1000.00,12.84
FREE,4030,900,0.1234,N/A,12,1000.00,12.84
FREE,4030,1000,0.1234,N/A,12,1000.00,12.84
FREE,4030,1100,0.1234,N/A,12,1000.00,12.84
FREE,4030,1200,0.1234,N/A,12,1000.00,12.84
FREE,4030,1300,0.1234,N/A,12,1000.00,12.84
FREE,4030,1400,0.1234,N/A,12,1000.00,12.84
FREE,4030,1500,0.1234,N/A,12,1000.00,12.84
FREE,4030,1600,0.1234,N/A,12,1000.00,12.84
FREE,4030,1700,0.1234,N/A,12,1000.00,12.84
FREE,4030,1800,0.1234,N/A,12,1000.00,12.84
FREE,4030,1900,0.1234,N/A,12,1000.00,12.84
FREE,4030,2000,0.1234,N/A,12,1000.00,12.84
FREE,4030,2100,0.1234,N/A,12,1000.00,12.84
FREE,4030,2200,0.1234,N/A,12,1000.00,12.84
FREE,4030,2300,0.1234,N/A,12,1000.00,12.84
FREE,4030,2400,0.1234,N/A,12,1000.00,12.84
FREE,4030,2500,0.1234,N/A,12,1000.00,12.84
FREE,4030,2600,0.1234,N/A,12,1000.00,12.84
FREE,4030,2700,0.1234,N/A,12,1000.00,12.84
FREE,4030,2800,0.1234,N/A,12,1000.00,12.84
FREE,4030,2900,0.1234,N/A,12,1000.00,12.84
FREE,4030,3000,0.1234,N/A,12,1000.00,12.84
FREE,4030,3100,0.1234,N/A,12,1000.00,12.84
FREE,4030,3200,0.1234,N/A,12,1000.00,12.84
FREE,4030,3300,0.1234,N/A,12,1000.00,12.84
FREE,4030,3400,0.1234,N/A,12,1000.00,12.84
FREE,4030,3500,0.1234,N/A,12,1000.00,12.84
FREE,4030,3600,0.1234,N/A,12,1000.00,12.84
FREE,4030,3700,0.1234,N/A,12,1000.00,12.84
FREE,4030,3800,0.1234,N/A,12,1000.00,12.84
FREE,4030,3900,0.1234,N/A,12,1000.00,12.84
FREE,4030,4000,0.1234,N/A,12,1000.00,12.84
FREE,4030,4100,0.1234,N/A,12,1000.00,12.84
FREE,4030,4200,0.1234,N/A,12,1000.00,12.84
FREE,4030,4300,0.1234,N/A,12,1000.00,12.84
FREE,4030,4400,0.1234,N/A,12,1000.00,12.84
FREE,4030,4500,0.1234,N/A,12,1000.00,12.84
FREE,4030,4600,0.1234,N/A,12,1000.00,12.84
FREE,4030,4700,0.1234,N/A,12,1000.00,12.84
FREE,4030,4800,0.1234,N/A,12,1000.00,12.84
FREE,4030,4900,0.1234,N/A,12,1000.00,12.84
FREE,4030,5000,0.1234,N/A,12,1000.00,12.84
FREE,4030,5100,0.1234,N/A,12,1000.00,12.84
FREE,4030,5200,0.1234,N/A,12,1000.00,12.84
FREE,4030,5300,0.1234,N/A,12,1000.00,12.84
FREE,4030,5400,0.1234,N/A,12,1000.00,12.84
FREE,4030,5500,0.1234,N/A,12,1000.00,12.84
FREE,4030,5600,0.1234,N/A,12,1000.00,12.84
FREE,4030,5700,0.1234,N/A,12,1000.00,12.84
FREE,4030,5800,0.1234,N/A,12,1000.00,12.84
FREE,4030,5900,0.1234,N/A,12,1000.00,12.84
FREE,4030,6000,0.1234,N/A,12,1000.00,12.84
FREE,4030,6100,0.1234,N/A,12,1000.00,12.84
FREE,4030,6200,0.1234,N/A,12,1000.00,12.84
FREE,4030,6300,0.1234,N/A,12,1000.00,12.84
FREE,4030,6400,0.1234,N/A,12,1000.00,12.84
FREE,4030,6500,0.1234,N/A,12,1000.00,12.84
FREE,4030,6600,0.1234,N/A,12,1000.00,12.84
FREE,4030,6700,0.1234,N/A,12,1000.00,12.84
FREE,4030,6800,0.1234,N/A,12,1000.00,12.84
FREE,4030,6900,0.1234,N/A,12,1000.00,12.84
FREE,4030,7000,0.1234,N/A,12,1000.00,12.84
FREE,4030,7100,0.1234,N/A,12,1000.00,12.84
FREE,4030,7200,0.1234,N/A,12,1000.00,12.84
FREE,4030,7300,0.1234,N/A,12,1000.00,12.84
FREE,4030,7400,0.1234,N/A,12,1000.00,12.84
FREE,4030,7500,0.1234,N/A,12,1000.00,12.84
FREE,4030,7600,0.1234,N/A,12,1000.00,12.84
FREE,4030,7700,0.1234,N/A,12,1000.00,12.84
FREE,4030,7800,0.1234,N/A,12,1000.00,12.84
FREE,4030,7900,0.1234,N/A,12,1000.00,12.84
FREE,4030,8000,0.1234,N/A,12,1000.00,12.84
FREE,4030,8100,0.1234,N/A,12,1000.00,12.84
FREE,4030,8200,0.1234,N/A,12,1000.00,12.84
FREE,4030,8300,0.1234,N/A,12,1000.00,12.84
FREE,4030,8400,0.1234,N/A,12,1000.00,12.84
FREE,4030,8500,0.1234,N/A,12,1000.00,12.84
FREE,4030,8600,0.1234,N/A,12,1000.00,12.84
FREE,4030,8700,0.1234,N/A,12,1000.00,12.84
FREE,4030,8800,0.1234,N/A,12,1000.00,12.84
FREE,4030,8900,0.1234,N/A,12,1000.00,12.84
FREE,4030,9000,0.1234,N/A,12,1000.00,12.84
FREE,4030,9100,0.1234,N/A,12,1000.00,12.84
FREE,4030,9200,0.1234,N/A,12,1000.00,12.84
FREE,4030,9300,0.1234,N/A,12,1000.00,12.84
FREE,4030,9400,0.1234,N/A,12,1000.00,12.84
FREE,4030,9500,0.1234,N/A,12,1000.00,12.84
FREE,4030,9600,0.1234,N/A,12,1000.00,12.84
FREE,4030,9700,0.1234,N/A,12,1000.00,12.84
FREE,4030,9800,0.1234,N/A,12,1000.00,12.84
FREE,4030,9900,0.1234,N/A,12,1000.00,12.84
FREE,5027,0,0.0978,0.000000,12,1000.00,12.12
FREE,5027,100,0.1223,N/A,12,1000.00,12.12
FREE,5027,200,0.1223,N/A,12,1000.00,12.12
FREE,5027,300,0.1223,N/A,12,1000.00,12.12
FREE,5027,400,0.1223,N/A,12,1000.00,12.12
FREE,5027,500,0.1223,N/A,12,1000.00,12.12
FREE,5027,600,0.1223,N/A,12,1000.00,12.12
FREE,5027,700,0.1223,N/A,12,1000.00,12.12
FREE,5027,800,0.1223,N/A,12,1000.00,12.12
FREE,5027,900,0.1223,N/A,12,1000.00,12.12
FREE,5027,1000,0.1223,N/A,12,1000.00,12.12
FREE,5027,1100,0.1223,N/A,12,1000.00,12.12
FREE,5027,1200,0.1223,N/A,12,1000.00,12.12
FREE,5027,1300,0.1223,N/A,12,1000.00,12.12
FREE,5027,1400,0.1223,N/A,12,1000.00,12.12
FREE,5027,1500,0.1223,N/A,12,1000.00,12.12
FREE,5027,1600,0.1223,N/A,12,1000.00,12.12
FREE,5027,1700,0.1223,N/A,12,1000.00,12.12
FREE,5027,1800,0.1223,N/A,12,1000.00,12.12
FREE,5027,1900,0.1223,N/A,12,1000.00,12.12
FREE,5027,2000,0.1223,N/A,12,1000.00,12.12
FREE,5027,2100,0.1223,N/A,12,1000.00,12.12
FREE,5027,2200,0.1223,N/A,12,1000.00,12.12
FREE,5027,2300,0.1223,N/A,12,1000.00,12.12
FREE,5027,2400,0.1223,N/A,12,1000.00,12.12
FREE,5027,2500,0.1223,N/A,12,1000.00,12.12
FREE,5027,2600,0.1223,N/A,12,1000.00,12.12
FREE,5027,2700,0.1223,N/A,12,1000.00,12.12
FREE,5027,2800,0.1223,N/A,12,1000.00,12.12
FREE,5027,2900,0.1223,N/A,12,1000.00,12.12
FREE,5027,3000,0.1223,N/A,12,1000.00,12.12
FREE,5027,3100,0.1223,N/A,12,1000.00,12.12
FREE,5027,3200,0.1223,N/A,12,1000.00,12.12
FREE,5027,3300,0.1223,N/A,12,1000.00,12.12
FREE,5027,3400,0.1223,N/A,12,1000.00,12.12
FREE,5027,3500,0.1223,N/A,12,1000.00,12.12
FREE,5027,3600,0.1223,N/A,12,1000.00,12.12
FREE,5027,3700,0.1223,N/A,12,1000.00,12.12
FREE,5027,3800,0.1223,N/A,12,1000.00,12.12
FREE,5027,3900,0.1223,N/A,12,1000.00,12.12
FREE,5027,4000,0.1223,N/A,12,1000.00,12.12
FREE,5027,4100,0.1223,N/A,12,1000.00,12.12
FREE,5027,4200,0.1223,N/A,12,1000.00,12.12
FREE,5027,4300,0.1223,N/A,12,1000.00,12.12
FREE,5027,4400,0.1223,N/A,12,1000.00,12.12
FREE,5027,4500,0.1223,N/A,12,1000.00,12.12
FREE,5027,4600,0.1223,N/A,12,1000.00,12.12
FREE,5027,4700,0.1223,N/A,12,1000.00,12.12
FREE,5027,4800,0.1223,N/A,12,1000.00,12.12
FREE,5027,4900,0.1223,N/A,12,1000.00,12.12
FREE,5027,5000,0.1223,N/A,12,1000.00,12.12
FREE,5027,5100,0.1223,N/A,12,1000.00,12.12
FREE,5027,5200,0.1223,N/A,12,1000.00,12.12
FREE,5027,5300,0.1223,N/A,12,1000.00,12.12
FREE,5027,5400,0.1223,N/A,12,1000.00,12.12
FREE,5027,5500,0.1223,N/A,12,1000.00,12.12
FREE,5027,5600,0.1223,N/A,12,1000.00,12.12
FREE,5027,5700,0.1223,N/A,12,1000.00,12.12
FREE,5027,5800,0.1223,N/A,12,1000.00,12.12
FREE,5027,5900,0.1223,N/A,12,1000.00,12.12
FREE,5027,6000,0.1223,N/A,12,1000.00,12.12
FREE,5027,6100,0.1223,N/A,12,1000.00,12.12
FREE,5027,6200,0.1223,N/A,12,1000.00,12.12
FREE,5027,6300,0.1223,N/A,12,1000.00,12.12
FREE,5027,6400,0.1223,N/A,12,1000.00,12.12
FREE,5027,6500,0.1223,N/A,12,1000.00,12.12
FREE,5027,6600,0.1223,N/A,12,1000.00,12.12
FREE,5027,6700,0.1223,N/A,12,1000.00,12.12
FREE,5027,6800,0.1223,N/A,12,1000.00,12.12
FREE,5027,6900,0.1223,N/A,12,1000.00,12.12
FREE,5027,7000,0.1223,N/A,12,1000.00,12.12
FREE,5027,7100,0.1223,N/A,12,1000.00,12.12
FREE,5027,7200,0.1223,N/A,12,1000.00,12.12
FREE,5027,7300,0.1223,N/A,12,1000.00,12.12
FREE,5027,7400,0.1223,N/A,12,1000.00,12.12
FREE,5027,7500,0.1223,N/A,12,1000.00,12.12
FREE,5027,7600,0.1223,N/A,12,1000.00,12.12
FREE,5027,7700,0.1223,N/A,12,1000.00,12.12
FREE,5027,7800,0.1223,N/A,12,1000.00,12.12
FREE,5027,7900,0.1223,N/A,12,1000.00,12.12
FREE,5027,8000,0.1223,N/A,12,1000.00,12.12
FREE,5027,8100,0.1223,N/A,12,1000.00,12.12
FREE,5027,8200,0.1223,N/A,12,1000.00,12.12
FREE,5027,8300,0.1223,N/A,12,1000.00,12.12
FREE,5027,8400,0.1223,N/A,12,1000.00,12.12
FREE,5027,8500,0.1223,N/A,12,1000.00,12.12
FREE,5027,8600,0.1223,N/A,12,1000.00,12.12
FREE,5027,8700,0.1223,N/A,12,1000.00,12.12
FREE,5027,8800,0.1223,N/A,12,1000.00,12.12
FREE,5027,8900,0.1223,N/A,12,1000.00,12.12
FREE,5027,9000,0.1223,N/A,12,1000.00,12.12
FREE,5027,9100,0.1223,N/A,12,1000.00,12.12
FREE,5027,9200,0.1223,N/A,12,1000.00,12.12
FREE,5027,9300,0.1223,N/A,12,1000.00,12.12
FREE,5027,9400,0.1223,N/A,12,1000.00,12.12
FREE,5027,9500,0.1223,N/A,12,1000.00,12.12
FREE,5027,9600,0.1223,N/A,12,1000.00,12.12
FREE,5027,9700,0.1223,N/A,12,1000.00,12.12
FREE,5027,9800,0.1223,N/A,12,1000.00,12.12
FREE,5027,9900,0.1223,N/A,12,1000.00,12.12
FREE,6024,0,0.0964,0.000000,12,1000.00,10.71
FREE,6024,100,0.1205,N/A,12,1000.00,10.71
FREE,6024,200,0.1205,N/A,12,1000.00,10.71
FREE,6024,300,0.1205,N/A,12,1000.00,10.71
FREE,6024,400,0.1205,N/A,12,1000.00,10.71
FREE,6024,500,0.1205,N/A,12,1000.00,10.71
FREE,6024,600,0.1205,N/A,12,1000.00,10.71
FREE,6024,700,0.1205,N/A,12,1000.00,10.71
FREE,6024,800,0.1205,N/A,12,1000.00,10.71
FREE,6024,900,0.1205,N/A,12,1000.00,10.71
FREE,6024,1000,0.1205,N/A,12,1000.00,10.71
FREE,6024,1100,0.1205,N/A,12,1000.00,10.71
FREE,6024,1200,0.1205,N/A,12,1000.00,10.71
FREE,6024,1300,0.1205,N/A,12,1000.00,10.71
FREE,6024,1400,0.1205,N/A,12,1000.00,10.71
FREE,6024,1500,0.1205,N/A,12,1000.00,10.71
FREE,6024,1600,0.1205,N/A,12,1000.00,10.71
FREE,6024,1700,0.1205,N/A,12,1000.00,10.71
FREE,6024,1800,0.1205,N/A,12,1000.00,10.71
FREE,6024,1900,0.1205,N/A,12,1000.00,10.71
FREE,6024,2000,0.1205,N/A,12,1000.00,10.71
FREE,6024,2100,0.1205,N/A,12,1000.00,10.71
FREE,6024,2200,0.1205,N/A,12,1000.00,10.71
FREE,6024,2300,0.1205,N/A,12,1000.00,10.71
FREE,6024,2400,0.1205,N/A,12,1000.00,10.71
FREE,6024,2500,0.1205,N/A,12,1000.00,10.71
FREE,6024,2600,0.1205,N/A,12,1000.00,10.71
FREE,6024,2700,0.1205,N/A,12,1000.00,10.71
FREE,6024,2800,0.1205,N/A,12,1000.00,10.71
FREE,6024,2900,0.1205,N/A,12,1000.00,10.71
FREE,6024,3000,0.1205,N/A,12,1000.00,10.71
FREE,6024,3100,0.1205,N/A,12,1000.00,10.71
FREE,6024,3200,0.1205,N/A,12,1000.00,10.71
FREE,6024,3300,0.1205,N/A,12,1000.00,10.71
FREE,6024,3400,0.1205,N/A,12,1000.00,10.71
FREE,6024,3500,0.1205,N/A,12,1000.00,10.71
FREE,6024,3600,0.1205,N/A,12,1000.00,10.71
FREE,6024,3700,0.1205,N/A,12,1000.00,10.71
FREE,6024,3800,0.1205,N/A,12,1000.00,10.71
FREE,6024,3900,0.1205,N/A,12,1000.00,10.71
FREE,6024,4000,0.1205,N/A,12,1000.00,10.71
FREE,6024,4100,0.1205,N/A,12,1000.00,10.71
FREE,6024,4200,0.1205,N/A,12,1000.00,10.71
FREE,6024,4300,0.1205,N/A,12,1000.00,10.71
FREE,6024,4400,0.1205,N/A,12,1000.00,10.71
FREE,6024,4500,0.1205,N/A,12,1000.00,10.71
FREE,6024,4600,0.1205,N/A,12,1000.00,10.71
FREE,6024,4700,0.1205,N/A,12,1000.00,10.71
FREE,6024,4800,0.1205,N/A,12,1000.00,10.71
FREE,6024,4900,0.1205,N/A,12,1000.00,10.71
FREE,6024,5000,0.1205,N/A,12,1000.00,10.71
FREE,6024,5100,0.1205,N/A,12,1000.00,10.71
FREE,6024,5200,0.1205,N/A,12,1000.00,10.71
FREE,6024,5300,0.1205,N/A,12,1000.00,10.71
FREE,6024,5400,0.1205,N/A,12,1000.00,10.71
FREE,6024,5500,0.1205,N/A,12,1000.00,10.71
FREE,6024,5600,0.1205,N/A,12,1000.00,10.71
FREE,6024,5700,0.1205,N/A,12,1000.00,10.71
FREE,6024,5800,0.1205,N/A,12,1000.00,10.71
FREE,6024,5900,0.1205,N/A,12,1000.00,10.71
FREE,6024,6000,0.1205,N/A,12,1000.00,10.71
FREE,6024,6100,0.1205,N/A,12,1000.00,10.71
FREE,6024,6200,0.1205,N/A,12,1000.00,10.71
FREE,6024,6300,0.1205,N/A,12,1000.00,10.71
FREE,6024,6400,0.1205,N/A,12,1000.00,10.71
FREE,6024,6500,0.1205,N/A,12,1000.00,10.71
FREE,6024,6600,0.1205,N/A,12,1000.00,10.71
FREE,6024,6700,0.1205,N/A,12,1000.00,10.71
FREE,6024,6800,0.1205,N/A,12,1000.00,10.71
FREE,6024,6900,0.1205,N/A,12,1000.00,10.71
FREE,6024,7000,0.1205,N/A,12,1000.00,10.71
FREE,6024,7100,0.1205,N/A,12,1000.00,10.71
FREE,6024,7200,0.1205,N/A,12,1000.00,10.71
FREE,6024,7300,0.1205,N/A,12,1000.00,10.71
FREE,6024,7400,0.1205,N/A,12,1000.00,10.71
FREE,6024,7500,0.1205,N/A,12,1000.00,10.71
FREE,6024,7600,0.1205,N/A,12,1000.00,10.71
FREE,6024,7700,0.1205,N/A,12,1000.00,10.71
FREE,6024,7800,0.1205,N/A,12,1000.00,10.71
FREE,6024,7900,0.1205,N/A,12,1000.00,10.71
FREE,6024,8000,0.1205,N/A,12,1000.00,10.71
FREE,6024,8100,0.1205,N/A,12,1000.00,10.71
FREE,6024,8200,0.1205,N/A,12,1000.00,10.71
FREE,6024,8300,0.1205,N/A,12,1000.00,10.71
FREE,6024,8400,0.1205,N/A,12,1000.00,10.71
FREE,6024,8500,0.1205,N/A,12,1000.00,10.71
FREE,6024,8600,0.1205,N/A,12,1000.00,10.71
FREE,6024,8700,0.1205,N/A,12,1000.00,10.71
FREE,6024,8800,0.1205,N/A,12,1000.00,10.71
FREE,6024,8900,0.1205,N/A,12,1000.00,10.71
FREE,6024,9000,0.1205,N/A,12,1000.00,10.71
FREE,6024,9100,0.1205,N/A,12,1000.00,10.71
FREE,6024,9200,0.1205,N/A,12,1000.00,10.71
FREE,6024,9300,0.1205,N/A,12,1000.00,10.71
FREE,6024,9400,0.1205,N/A,12,1000.00,10.71
FREE,6024,9500,0.1205,N/A,12,1000.00,10.71
FREE,6024,9600,0.1205,N/A,12,1000.00,10.71
FREE,6024,9700,0.1205,N/A,12,1000.00,10.71
FREE,6024,9800,0.1205,N/A,12,1000.00,10.71
FREE,6024,9900,0.1205,N/A,12,1000.00,10.71
FREE,7021,0,0.0970,0.000000,12,1000.00,12.69
FREE,7021,100,0.1213,N/A,12,1000.00,12.69
FREE,7021,200,0.1213,N/A,12,1000.00,12.69
FREE,7021,300,0.1213,N/A,12,1000.00,12.69
FREE,7021,400,0.1213,N/A,12,1000.00,12.69
FREE,7021,500,0.1213,N/A,12,1000.00,12.69
FREE,7021,600,0.1213,N/A,12,1000.00,12.69
FREE,7021,700,0.1213,N/A,12,1000.00,12.69
FREE,7021,800,0.1213,N/A,12,1000.00,12.69
FREE,7021,900,0.1213,N/A,12,1000.00,12.69
FREE,7021,1000,0.1213,N/A,12,1000.00,12.69
FREE,7021,1100,0.1213,N/A,12,1000.00,12.69
FREE,7021,1200,0.1213,N/A,12,1000.00,12.69
FREE,7021,1300,0.1213,N/A,12,1000.00,12.69
FREE,7021,1400,0.1213,N/A,12,1000.00,12.69
FREE,7021,1500,0.1213,N/A,12,1000.00,12.69
FREE,7021,1600,0.1213,N/A,12,1000.00,12.69
FREE,7021,1700,0.1213,N/A,12,1000.00,12.69
FREE,7021,1800,0.1213,N/A,12,1000.00,12.69
FREE,7021,1900,0.1213,N/A,12,1000.00,12.69
FREE,7021,2000,0.1213,N/A,12,1000.00,12.69
FREE,7021,2100,0.1213,N/A,12,1000.00,12.69
FREE,7021,2200,0.1213,N/A,12,1000.00,12.69
FREE,7021,2300,0.1213,N/A,12,1000.00,12.69
FREE,7021,2400,0.1213,N/A,12,1000.00,12.69
FREE,7021,2500,0.1213,N/A,12,1000.00,12.69
FREE,7021,2600,0.1213,N/A,12,1000.00,12.69
FREE,7021,2700,0.1213,N/A,12,1000.00,12.69
FREE,7021,2800,0.1213,N/A,12,1000.00,12.69
FREE,7021,2900,0.1213,N/A,12,1000.00,12.69
FREE,7021,3000,0.1213,N/A,12,1000.00,12.69
FREE,7021,3100,0.1213,N/A,12,1000.00,12.69
FREE,7021,3200,0.1213,N/A,12,1000.00,12.69
FREE,7021,3300,0.1213,N/A,12,1000.00,12.69
FREE,7021,3400,0.1213,N/A,12,1000.00,12.69
FREE,7021,3500,0.1213,N/A,12,1000.00,12.69
FREE,7021,3600,0.1213,N/A,12,1000.00,12.69
FREE,7021,3700,0.1213,N/A,12,1000.00,12.69
FREE,7021,3800,0.1213,N/A,12,1000.00,12.69
FREE,7021,3900,0.1213,N/A,12,1000.00,12.69
FREE,7021,4000,0.1213,N/A,12,1000.00,12.69
FREE,7021,4100,0.1213,N/A,12,1000.00,12.69
FREE,7021,4200,0.1213,N/A,12,1000.00,12.69
FREE,7021,4300,0.1213,N/A,12,1000.00,12.69
FREE,7021,4400,0.1213,N/A,12,1000.00,12.69
FREE,7021,4500,0.1213,N/A,12,1000.00,12.69
FREE,7021,4600,0.1213,N/A,12,1000.00,12.69
FREE,7021,4700,0.1213,N/A,12,1000.00,12.69
FREE,7021,4800,0.1213,N/A,12,1000.00,12.69
FREE,7021,4900,0.1213,N/A,12,1000.00,12.69
FREE,7021,5000,0.1213,N/A,12,1000.00,12.69
FREE,7021,5100,0.1213,N/A,12,1000.00,12.69
FREE,7021,5200,0.1213,N/A,12,1000.00,12.69
FREE,7021,5300,0.1213,N/A,12,1000.00,12.69
FREE,7021,5400,0.1213,N/A,12,1000.00,12.69
FREE,7021,5500,0.1213,N/A,12,1000.00,12.69
FREE,7021,5600,0.1213,N/A,12,1000.00,12.69
FREE,7021,5700,0.1213,N/A,12,1000.00,12.69
FREE,7021,5800,0.1213,N/A,12,1000.00,12.69
FREE,7021,5900,0.1213,N/A,12,1000.00,12.69
FREE,7021,6000,0.1213,N/A,12,1000.00,12.69
FREE,7021,6100,0.1213,N/A,12,1000.00,12.69
FREE,7021,6200,0.1213,N/A,12,1000.00,12.69
FREE,7021,6300,0.1213,N/A,12,1000.00,12.69
FREE,7021,6400,0.1213,N/A,12,1000.00,12.69
FREE,7021,6500,0.1213,N/A,12,1000.00,12.69
FREE,7021,6600,0.1213,N/A,12,1000.00,12.69
FREE,7021,6700,0.1213,N/A,12,1000.00,12.69
FREE,7021,6800,0.1213,N/A,12,1000.00,12.69
FREE,7021,6900,0.1213,N/A,12,1000.00,12.69
FREE,7021,7000,0.1213,N/A,12,1000.00,12.69
FREE,7021,7100,0.1213,N/A,12,1000.00,12.69
FREE,7021,7200,0.1213,N/A,12,1000.00,12.69
FREE,7021,7300,0.1213,N/A,12,1000.00,12.69
FREE,7021,7400,0.1213,N/A,12,1000.00,12.69
FREE,7021,7500,0.1213,N/A,12,1000.00,12.69
FREE,7021,7600,0.1213,N/A,12,1000.00,12.69
FREE,7021,7700,0.1213,N/A,12,1000.00,12.69
FREE,7021,7800,0.1213,N/A,12,1000.00,12.69
FREE,7021,7900,0.1213,N/A,12,1000.00,12.69
FREE,7021,8000,0.1213,N/A,12,1000.00,12.69
FREE,7021,8100,0.1213,N/A,12,1000.00,12.69
FREE,7021,8200,0.1213,N/A,12,1000.00,12.69
FREE,7021,8300,0.1213,N/A,12,1000.00,12.69
FREE,7021,8400,0.1213,N/A,12,1000.00,12.69
FREE,7021,8500,0.1213,N/A,12,1000.00,12.69
FREE,7021,8600,0.1213,N/A,12,1000.00,12.69
FREE,7021,8700,0.1213,N/A,12,1000.00,12.69
FREE,7021,8800,0.1213,N/A,12,1000.00,12.69
FREE,7021,8900,0.1213,N/A,12,1000.00,12.69
FREE,7021,9000,0.1213,N/A,12,1000.00,12.69
FREE,7021,9100,0.1213,N/A,12,1000.00,12.69
FREE,7021,9200,0.1213,N/A,12,1000.00,12.69
FREE,7021,9300,0.1213,N/A,12,1000.00,12.69
FREE,7021,9400,0.1213,N/A,12,1000.00,12.69
FREE,7021,9500,0.1213,N/A,12,1000.00,12.69
FREE,7021,9600,0.1213,N/A,12,1000.00,12.69
FREE,7021,9700,0.1213,N/A,12,1000.00,12.69
FREE,7021,9800,0.1213,N/A,12,1000.00,12.69
FREE,7021,9900,0.1213,N/A,12,1000.00,12.69
FREE,8018,0,0.0982,0.000000,12,1000.00,12.51
FREE,8018,100,0.1228,N/A,12,1000.00,12.51
FREE,8018,200,0.1228,N/A,12,1000.00,12.51
FREE,8018,300,0.1228,N/A,12,1000.00,12.51
FREE,8018,400,0.1228,N/A,12,1000.00,12.51
FREE,8018,500,0.1228,N/A,12,1000.00,12.51
FREE,8018,600,0.1228,N/A,12,1000.00,12.51
FREE,8018,700,0.1228,N/A,12,1000.00,12.51
FREE,8018,800,0.1228,N/A,12,1000.00,12.51
FREE,8018,900,0.1228,N/A,12,1000.00,12.51
FREE,8018,1000,0.1228,N/A,12,1000.00,12.51
FREE,8018,1100,0.1228,N/A,12,1000.00,12.51
FREE,8018,1200,0.1228,N/A,12,1000.00,12.51
FREE,8018,1300,0.1228,N/A,12,1000.00,12.51
FREE,8018,1400,0.1228,N/A,12,1000.00,12.51
FREE,8018,1500,0.1228,N/A,12,1000.00,12.51
FREE,8018,1600,0.1228,N/A,12,1000.00,12.51
FREE,8018,1700,0.1228,N/A,12,1000.00,12.51
FREE,8018,1800,0.1228,N/A,12,1000.00,12.51
FREE,8018,1900,0.1228,N/A,12,1000.00,12.51
FREE,8018,2000,0.1228,N/A,12,1000.00,12.51
FREE,8018,2100,0.1228,N/A,12,1000.00,12.51
FREE,8018,2200,0.1228,N/A,12,1000.00,12.51
FREE,8018,2300,0.1228,N/A,12,1000.00,12.51
FREE,8018,2400,0.1228,N/A,12,1000.00,12.51
FREE,8018,2500,0.1228,N/A,12,1000.00,12.51
FREE,8018,2600,0.1228,N/A,12,1000.00,12.51
FREE,8018,2700,0.1228,N/A,12,1000.00,12.51
FREE,8018,2800,0.1228,N/A,12,1000.00,12.51
FREE,8018,2900,0.1228,N/A,12,1000.00,12.51
FREE,8018,3000,0.1228,N/A,12,1000.00,12.51
FREE,8018,3100,0.1228,N/A,12,1000.00,12.51
FREE,8018,3200,0.1228,N/A,12,1000.00,12.51
FREE,8018,3300,0.1228,N/A,12,1000.00,12.51
FREE,8018,3400,0.1228,N/A,12,1000.00,12.51
FREE,8018,3500,0.1228,N/A,12,1000.00,12.51
FREE,8018,3600,0.1228,N/A,12,1000.00,12.51
FREE,8018,3700,0.1228,N/A,12,1000.00,12.51
FREE,8018,3800,0.1228,N/A,12,1000.00,12.51
FREE,8018,3900,0.1228,N/A,12,1000.00,12.51
FREE,8018,4000,0.1228,N/A,12,1000.00,12.51
FREE,8018,4100,0.1228,N/A,12,1000.00,12.51
FREE,8018,4200,0.1228,N/A,12,1000.00,12.51
FREE,8018,4300,0.1228,N/A,12,1000.00,12.51
FREE,8018,4400,0.1228,N/A,12,1000.00,12.51
FREE,8018,4500,0.1228,N/A,12,1000.00,12.51
FREE,8018,4600,0.1228,N/A,12,1000.00,12.51
FREE,8018,4700,0.1228,N/A,12,1000.00,12.51
FREE,8018,4800,0.1228,N/A,12,1000.00,12.51
FREE,8018,4900,0.1228,N/A,12,1000.00,12.51
FREE,8018,5000,0.1228,N/A,12,1000.00,12.51
FREE,8018,5100,0.1228,N/A,12,1000.00,12.51
FREE,8018,5200,0.1228,N/A,12,1000.00,12.51
FREE,8018,5300,0.1228,N/A,12,1000.00,12.51
FREE,8018,5400,0.1228,N/A,12,1000.00,12.51
FREE,8018,5500,0.1228,N/A,12,1000.00,12.51
FREE,8018,5600,0.1228,N/A,12,1000.00,12.51
FREE,8018,5700,0.1228,N/A,12,1000.00,12.51
FREE,8018,5800,0.1228,N/A,12,1000.00,12.51
FREE,8018,5900,0.1228,N/A,12,1000.00,12.51
FREE,8018,6000,0.1228,N/A,12,1000.00,12.51
FREE,8018,6100,0.1228,N/A,12,1000.00,12.51
FREE,8018,6200,0.1228,N/A,12,1000.00,12.51
FREE,8018,6300,0.1228,N/A,12,1000.00,12.51
FREE,8018,6400,0.1228,N/A,12,1000.00,12.51
FREE,8018,6500,0.1228,N/A,12,1000.00,12.51
FREE,8018,6600,0.1228,N/A,12,1000.00,12.51
FREE,8018,6700,0.1228,N/A,12,1000.00,12.51
FREE,8018,6800,0.1228,N/A,12,1000.00,12.51
FREE,8018,6900,0.1228,N/A,12,1000.00,12.51
FREE,8018,7000,0.1228,N/A,12,1000.00,12.51
FREE,8018,7100,0.1228,N/A,12,1000.00,12.51
FREE,8018,7200,0.1228,N/A,12,1000.00,12.51
FREE,8018,7300,0.1228,N/A,12,1000.00,12.51
FREE,8018,7400,0.1228,N/A,12,1000.00,12.51
FREE,8018,7500,0.1228,N/A,12,1000.00,12.51
FREE,8018,7600,0.1228,N/A,12,1000.00,12.51
FREE,8018,7700,0.1228,N/A,12,1000.00,12.51
FREE,8018,7800,0.1228,N/A,12,1000.00,12.51
FREE,8018,7900,0.1228,N/A,12,1000.00,12.51
FREE,8018,8000,0.1228,N/A,12,1000.00,12.51
FREE,8018,8100,0.1228,N/A,12,1000.00,12.51
FREE,8018,8200,0.1228,N/A,12,1000.00,12.51
FREE,8018,8300,0.1228,N/A,12,1000.00,12.51
FREE,8018,8400,0.1228,N/A,12,1000.00,12.51
FREE,8018,8500,0.1228,N/A,12,1000.00,12.51
FREE,8018,8600,0.1228,N/A,12,1000.00,12.51
FREE,8018,8700,0.1228,N/A,12,1000.00,12.51
FREE,8018,8800,0.1228,N/A,12,1000.00,12.51
FREE,8018,8900,0.1228,N/A,12,1000.00,12.51
FREE,8018,9000,0.1228,N/A,12,1000.00,12.51
FREE,8018,9100,0.1228,N/A,12,1000.00,12.51
FREE,8018,9200,0.1228,N/A,12,1000.00,12.51
FREE,8018,9300,0.1228,N/A,12,1000.00,12.51
FREE,8018,9400,0.1228,N/A,12,1000.00,12.51
FREE,8018,9500,0.1228,N/A,12,1000.00,12.51
FREE,8018,9600,0.1228,N/A,12,1000.00,12.51
FREE,8018,9700,0.1228,N/A,12,1000.00,12.51
FREE,8018,9800,0.1228,N/A,12,1000.00,12.51
FREE,8018,9900,0.1228,N/A,12,1000.00,12.51
FREE,9015,0,0.0985,0.000000,12,1000.00,10.84
FREE,9015,100,0.1231,N/A,12,1000.00,10.84
FREE,9015,200,0.1231,N/A,12,1000.00,10.84
FREE,9015,300,0.1231,N/A,12,1000.00,10.84
FREE,9015,400,0.1231,N/A,12,1000.00,10.84
FREE,9015,500,0.1231,N/A,12,1000.00,10.84
FREE,9015,600,0.1231,N/A,12,1000.00,10.84
FREE,9015,700,0.1231,N/A,12,1000.00,10.84
FREE,9015,800,0.1231,N/A,12,1000.00,10.84
FREE,9015,900,0.1231,N/A,12,1000.00,10.84
FREE,9015,1000,0.1231,N/A,12,1000.00,10.84
FREE,9015,1100,0.1231,N/A,12,1000.00,10.84
FREE,9015,1200,0.1231,N/A,12,1000.00,10.84
FREE,9015,1300,0.1231,N/A,12,1000.00,10.84
FREE,9015,1400,0.1231,N/A,12,1000.00,10.84
FREE,9015,1500,0.1231,N/A,12,1000.00,10.84
FREE,9015,1600,0.1231,N/A,12,1000.00,10.84
FREE,9015,1700,0.1231,N/A,12,1000.00,10.84
FREE,9015,1800,0.1231,N/A,12,1000.00,10.84
FREE,9015,1900,0.1231,N/A,12,1000.00,10.84
FREE,9015,2000,0.1231,N/A,12,1000.00,10.84
FREE,9015,2100,0.1231,N/A,12,1000.00,10.84
FREE,9015,2200,0.1231,N/A,12,1000.00,10.84
FREE,9015,2300,0.1231,N/A,12,1000.00,10.84
FREE,9015,2400,0.1231,N/A,12,1000.00,10.84
FREE,9015,2500,0.1231,N/A,12,1000.00,10.84
FREE,9015,2600,0.1231,N/A,12,1000.00,10.84
FREE,9015,2700,0.1231,N/A,12,1000.00,10.84
FREE,9015,2800,0.1231,N/A,12,1000.00,10.84
FREE,9015,2900,0.1231,N/A,12,1000.00,10.84
FREE,9015,3000,0.1231,N/A,12,1000.00,10.84
FREE,9015,3100,0.1231,N/A,12,1000.00,10.84
FREE,9015,3200,0.1231,N/A,12,1000.00,10.84
FREE,9015,3300,0.1231,N/A,12,1000.00,10.84
FREE,9015,3400,0.1231,N/A,12,1000.00,10.84
FREE,9015,3500,0.1231,N/A,12,1000.00,10.84
FREE,9015,3600,0.1231,N/A,12,1000.00,10.84
FREE,9015,3700,0.1231,N/A,12,1000.00,10.84
FREE,9015,3800,0.1231,N/A,12,1000.00,10.84
FREE,9015,3900,0.1231,N/A,12,1000.00,10.84
FREE,9015,4000,0.1231,N/A,12,1000.00,10.84
FREE,9015,4100,0.1231,N/A,12,1000.00,10.84
FREE,9015,4200,0.1231,N/A,12,1000.00,10.84
FREE,9015,4300,0.1231,N/A,12,1000.00,10.84
FREE,9015,4400,0.1231,N/A,12,1000.00,10.84
FREE,9015,4500,0.1231,N/A,12,1000.00,10.84
FREE,9015,4600,0.1231,N/A,12,1000.00,10.84
FREE,9015,4700,0.1231,N/A,12,1000.00,10.84
FREE,9015,4800,0.1231,N/A,12,1000.00,10.84
FREE,9015,4900,0.1231,N/A,12,1000.00,10.84
FREE,9015,5000,0.1231,N/A,12,1000.00,10.84
FREE,9015,5100,0.1231,N/A,12,1000.00,10.84
FREE,9015,5200,0.1231,N/A,12,1000.00,10.84
FREE,9015,5300,0.1231,N/A,12,1000.00,10.84
FREE,9015,5400,0.1231,N/A,12,1000.00,10.84
FREE,9015,5500,0.1231,N/A,12,1000.00,10.84
FREE,9015,5600,0.1231,N/A,12,1000.00,10.84
FREE,9015,5700,0.1231,N/A,12,1000.00,10.84
FREE,9015,5800,0.1231,N/A,12,1000.00,10.84
FREE,9015,5900,0.1231,N/A,12,1000.00,10.84
FREE,9015,6000,0.1231,N/A,12,1000.00,10.84
FREE,9015,6100,0.1231,N/A,12,1000.00,10.84
FREE,9015,6200,0.1231,N/A,12,1000.00,10.84
FREE,9015,6300,0.1231,N/A,12,1000.00,10.84
FREE,9015,6400,0.1231,N/A,12,1000.00,10.84
FREE,9015,6500,0.1231,N/A,12,1000.00,10.84
FREE,9015,6600,0.1231,N/A,12,1000.00,10.84
FREE,9015,6700,0.1231,N/A,12,1000.00,10.84
FREE,9015,6800,0.1231,N/A,12,1000.00,10.84
FREE,9015,6900,0.1231,N/A,12,1000.00,10.84
FREE,9015,7000,0.1231,N/A,12,1000.00,10.84
FREE,9015,7100,0.1231,N/A,12,1000.00,10.84
FREE,9015,7200,0.1231,N/A,12,1000.00,10.84
FREE,9015,7300,0.1231,N/A,12,1000.00,10.84
FREE,9015,7400,0.1231,N/A,12,1000.00,10.84
FREE,9015,7500,0.1231,N/A,12,1000.00,10.84
FREE,9015,7600,0.1231,N/A,12,1000.00,10.84
FREE,9015,7700,0.1231,N/A,12,1000.00,10.84
FREE,9015,7800,0.1231,N/A,12,1000.00,10.84
FREE,9015,7900,0.1231,N/A,12,1000.00,10.84
FREE,9015,8000,0.1231,N/A,12,1000.00,10.84
FREE,9015,8100,0.1231,N/A,12,1000.00,10.84
FREE,9015,8200,0.1231,N/A,12,1000.00,10.84
FREE,9015,8300,0.1231,N/A,12,1000.00,10.84
FREE,9015,8400,0.1231,N/A,12,1000.00,10.84
FREE,9015,8500,0.1231,N/A,12,1000.00,10.84
FREE,9015,8600,0.1231,N/A,12,1000.00,10.84
FREE,9015,8700,0.1231,N/A,12,1000.00,10.84
FREE,9015,8800,0.1231,N/A,12,1000.00,10.84
FREE,9015,8900,0.1231,N/A,12,1000.00,10.84
FREE,9015,9000,0.1231,N/A,12,1000.00,10.84
FREE,9015,9100,0.1231,N/A,12,1000.00,10.84
FREE,9015,9200,0.1231,N/A,12,1000.00,10.84
FREE,9015,9300,0.1231,N/A,12,1000.00,10.84
FREE,9015,9400,0.1231,N/A,12,1000.00,10.84
FREE,9015,9500,0.1231,N/A,12,1000.00,10.84
FREE,9015,9600,0.1231,N/A,12,1000.00,10.84
FREE,9015,9700,0.1231,N/A,12,1000.00,10.84
FREE,9015,9800,0.1231,N/A,12,1000.00,10.84
FREE,9015,9900,0.1231,N/A,12,1000.00,10.84
FULL,42,0,0.0980,0.104905,12,200.00,12.04
FULL,42,100,0.1023,453.493594,12,167.08,7.88
FULL,42,200,0.1085,1235.060898,12,168.18,7.72
FULL,42,300,0.1090,2290.697689,12,168.42,7.65
FULL,42,400,0.1093,2467.362880,12,168.66,7.71
FULL,42,500,0.1096,2687.922548,12,168.89,7.75
FULL,42,600,0.1098,2955.972868,12,169.12,7.75
FULL,42,700,0.1104,3959.038044,12,169.40,7.42
FULL,42,800,0.1107,4527.987537,12,169.69,7.05
FULL,42,900,0.1106,5039.948271,12,169.98,10.15
FULL,42,1000,0.0981,38.495291,12,138.54,8.32
FULL,42,1100,0.0993,823.951138,12,135.89,8.22
FULL,42,1200,0.0998,2900.200730,12,136.43,8.11
FULL,42,1300,0.1001,3305.875620,12,136.96,8.05
FULL,42,1400,0.1004,3756.027866,12,137.49,8.03
FULL,42,1500,0.1007,4307.614707,12,138.02,8.02
FULL,42,1600,0.1009,4972.048412,12,138.54,8.01
FULL,42,1700,0.1011,5757.804050,12,139.06,8.01
FULL,42,1800,0.1013,6668.900893,12,139.58,8.01
FULL,42,1900,0.1014,7702.984841,12,140.10,8.01
FULL,42,2000,0.1016,8849.606562,12,140.62,8.01
FULL,42,2100,0.1017,10088.983509,12,141.13,8.01
FULL,42,2200,0.1018,11391.610936,12,141.65,8.01
FULL,42,2300,0.1019,12719.173442,12,142.16,8.01
FULL,42,2400,0.1020,14027.169229,12,142.68,8.01
FULL,42,2500,0.1020,15269.319890,12,143.19,8.01
FULL,42,2600,0.1021,16403.181481,12,143.70,8.01
FULL,42,2700,0.1022,17395.683759,12,144.21,8.01
FULL,42,2800,0.1022,18227.072240,12,144.72,8.01
FULL,42,2900,0.1023,18892.186458,12,145.23,8.01
FULL,42,3000,0.1023,19398.971636,12,145.74,8.01
FULL,42,3100,0.1024,19765.040323,12,146.25,8.01
FULL,42,3200,0.1024,20013.517757,12,146.76,8.01
FULL,42,3300,0.1025,20169.253504,12,147.26,8.01
FULL,42,3400,0.1025,20256.015244,12,147.77,8.01
FULL,42,3500,0.1026,20294.806047,12,148.28,8.01
FULL,42,3600,0.1027,20303.138190,12,148.78,8.01
FULL,42,3700,0.1009,123.061084,12,148.80,7.91
FULL,42,3800,0.0990,29.362074,12,148.98,9.16
FULL,42,3900,0.0910,2.705997,12,144.00,9.23
FULL,42,4000,0.0947,2.831437,12,137.72,9.13
FULL,42,4100,0.0949,33.991591,10,133.37,8.93
FULL,42,4200,0.0974,1269.170006,12,133.80,8.95
FULL,42,4300,0.0979,2190.370683,12,134.35,8.96
FULL,42,4400,0.0980,2357.041534,11,134.64,8.97
FULL,42,4500,0.0982,763.341275,12,134.95,8.99
FULL,42,4600,0.0983,658.847382,12,135.13,8.99
FULL,42,4700,0.0988,1145.553730,12,135.58,8.99
FULL,42,4800,0.0992,1225.921304,12,136.03,8.99
FULL,42,4900,0.0994,1188.573287,12,136.46,8.99
FULL,42,5000,0.0989,320.741251,12,136.49,9.01
FULL,42,5100,0.0998,1757.430214,12,136.87,8.98
FULL,42,5200,0.0996,523.633260,12,137.06,9.00
FULL,42,5300,0.0998,737.314397,12,137.17,8.99
FULL,42,5400,0.1001,1429.519503,12,137.60,8.99
FULL,42,5500,0.1001,661.599863,12,137.80,8.98
FULL,42,5600,0.0998,365.484666,12,137.91,8.98
FULL,42,5700,0.0997,307.186103,12,137.99,9.00
FULL,42,5800,0.1003,731.426577,12,138.24,8.98
FULL,42,5900,0.1004,650.178401,12,138.51,8.99
FULL,42,6000,0.1005,1056.805886,12,138.55,8.98
FULL,42,6100,0.1003,538.305477,12,138.64,9.01
FULL,42,6200,0.1004,547.343559,12,138.79,8.98
FULL,42,6300,0.1008,2124.928310,12,139.14,8.98
FULL,42,6400,0.0958,1.942372,12,139.54,9.00
FULL,42,6500,0.1009,908.399134,12,139.96,9.00
FULL,42,6600,0.1011,1194.100903,12,140.36,8.99
FULL,42,6700,0.1012,1599.637574,12,140.73,8.99
FULL,42,6800,0.1012,1333.532916,12,140.99,8.99
FULL,42,6900,0.1008,135.516346,11,140.60,8.98
FULL,42,7000,0.1009,476.136393,12,140.91,9.01
FULL,42,7100,0.1005,247.838751,12,140.92,9.01
FULL,42,7200,0.1013,1626.637587,12,141.21,8.98
FULL,42,7300,0.1011,663.496363,12,141.22,8.99
FULL,42,7400,0.1008,317.194935,12,141.27,9.02
FULL,42,7500,0.1010,436.522303,12,141.53,9.01
FULL,42,7600,0.1013,826.751496,12,141.67,8.99
FULL,42,7700,0.1013,778.154696,12,142.00,9.00
FULL,42,7800,0.1016,2608.130351,12,142.35,8.98
FULL,42,7900,0.1015,1315.436406,12,142.58,8.99
FULL,42,8000,0.1015,919.271536,12,142.74,8.99
FULL,42,8100,0.1012,434.671014,12,143.05,9.00
FULL,42,8200,0.1016,1191.985469,12,143.31,8.98
FULL,42,8300,0.1016,993.417827,12,143.47,8.98
FULL,42,8400,0.1016,953.223621,12,143.73,8.98
FULL,42,8500,0.1013,379.172793,12,143.85,8.99
FULL,42,8600,0.1017,1449.822114,12,144.11,8.99
FULL,42,8700,0.1016,874.986496,12,144.08,8.98
FULL,42,8800,0.1015,593.859162,12,144.29,8.98
FULL,42,8900,0.1018,1234.682887,12,144.60,8.99
FULL,42,9000,0.1014,430.098297,12,144.48,9.01
FULL,42,9100,0.1015,505.593725,12,144.47,9.00
FULL,42,9200,0.1009,219.982219,12,144.59,9.04
FULL,42,9300,0.1014,434.337524,12,144.78,9.01
FULL,42,9400,0.0967,1.983198,12,144.96,8.99
FULL,42,9500,0.1018,7512.179403,11,145.13,8.98
FULL,42,9600,0.1019,2401.565802,12,145.47,8.98
FULL,42,9700,0.1020,2219.470941,12,145.73,8.99
FULL,42,9800,0.1020,2040.732430,12,146.14,8.98
FULL,42,9900,0.1017,502.713749,11,146.13,8.98
FREE,42,0,0.0987,0.000000,12,1000.00,12.03
FREE,42,100,0.1234,N/A,12,1000.00,12.03
FREE,42,200,0.1234,N/A,12,1000.00,12.03
FREE,42,300,0.1234,N/A,12,1000.00,12.03
FREE,42,400,0.1234,N/A,12,1000.00,12.03
FREE,42,500,0.1234,N/A,12,1000.00,12.03
FREE,42,600,0.1234,N/A,12,1000.00,12.03
FREE,42,700,0.1234,N/A,12,1000.00,12.03
FREE,42,800,0.1234,N/A,12,1000.00,12.03
FREE,42,900,0.1234,N/A,12,1000.00,12.03
FREE,42,1000,0.1234,N/A,12,1000.00,12.03
FREE,42,1100,0.1234,N/A,12,1000.00,12.03
FREE,42,1200,0.1234,N/A,12,1000.00,12.03
FREE,42,1300,0.1234,N/A,12,1000.00,12.03
FREE,42,1400,0.1234,N/A,12,1000.00,12.03
FREE,42,1500,0.1234,N/A,12,1000.00,12.03
FREE,42,1600,0.1234,N/A,12,1000.00,12.03
FREE,42,1700,0.1234,N/A,12,1000.00,12.03
FREE,42,1800,0.1234,N/A,12,1000.00,12.03
FREE,42,1900,0.1234,N/A,12,1000.00,12.03
FREE,42,2000,0.1234,N/A,12,1000.00,12.03
FREE,42,2100,0.1234,N/A,12,1000.00,12.03
FREE,42,2200,0.1234,N/A,12,1000.00,12.03
FREE,42,2300,0.1234,N/A,12,1000.00,12.03
FREE,42,2400,0.1234,N/A,12,1000.00,12.03
FREE,42,2500,0.1234,N/A,12,1000.00,12.03
FREE,42,2600,0.1234,N/A,12,1000.00,12.03
FREE,42,2700,0.1234,N/A,12,1000.00,12.03
FREE,42,2800,0.1234,N/A,12,1000.00,12.03
FREE,42,2900,0.1234,N/A,12,1000.00,12.03
FREE,42,3000,0.1234,N/A,12,1000.00,12.03
FREE,42,3100,0.1234,N/A,12,1000.00,12.03
FREE,42,3200,0.1234,N/A,12,1000.00,12.03
FREE,42,3300,0.1234,N/A,12,1000.00,12.03
FREE,42,3400,0.1234,N/A,12,1000.00,12.03
FREE,42,3500,0.1234,N/A,12,1000.00,12.03
FREE,42,3600,0.1234,N/A,12,1000.00,12.03
FREE,42,3700,0.1234,N/A,12,1000.00,12.03
FREE,42,3800,0.1234,N/A,12,1000.00,12.03
FREE,42,3900,0.1234,N/A,12,1000.00,12.03
FREE,42,4000,0.1234,N/A,12,1000.00,12.03
FREE,42,4100,0.1234,N/A,12,1000.00,12.03
FREE,42,4200,0.1234,N/A,12,1000.00,12.03
FREE,42,4300,0.1234,N/A,12,1000.00,12.03
FREE,42,4400,0.1234,N/A,12,1000.00,12.03
FREE,42,4500,0.1234,N/A,12,1000.00,12.03
FREE,42,4600,0.1234,N/A,12,1000.00,12.03
FREE,42,4700,0.1234,N/A,12,1000.00,12.03
FREE,42,4800,0.1234,N/A,12,1000.00,12.03
FREE,42,4900,0.1234,N/A,12,1000.00,12.03
FREE,42,5000,0.1234,N/A,12,1000.00,12.03
FREE,42,5100,0.1234,N/A,12,1000.00,12.03
FREE,42,5200,0.1234,N/A,12,1000.00,12.03
FREE,42,5300,0.1234,N/A,12,1000.00,12.03
FREE,42,5400,0.1234,N/A,12,1000.00,12.03
FREE,42,5500,0.1234,N/A,12,1000.00,12.03
FREE,42,5600,0.1234,N/A,12,1000.00,12.03
FREE,42,5700,0.1234,N/A,12,1000.00,12.03
FREE,42,5800,0.1234,N/A,12,1000.00,12.03
FREE,42,5900,0.1234,N/A,12,1000.00,12.03
FREE,42,6000,0.1234,N/A,12,1000.00,12.03
FREE,42,6100,0.1234,N/A,12,1000.00,12.03
FREE,42,6200,0.1234,N/A,12,1000.00,12.03
FREE,42,6300,0.1234,N/A,12,1000.00,12.03
FREE,42,6400,0.1234,N/A,12,1000.00,12.03
FREE,42,6500,0.1234,N/A,12,1000.00,12.03
FREE,42,6600,0.1234,N/A,12,1000.00,12.03
FREE,42,6700,0.1234,N/A,12,1000.00,12.03
FREE,42,6800,0.1234,N/A,12,1000.00,12.03
FREE,42,6900,0.1234,N/A,12,1000.00,12.03
FREE,42,7000,0.1234,N/A,12,1000.00,12.03
FREE,42,7100,0.1234,N/A,12,1000.00,12.03
FREE,42,7200,0.1234,N/A,12,1000.00,12.03
FREE,42,7300,0.1234,N/A,12,1000.00,12.03
FREE,42,7400,0.1234,N/A,12,1000.00,12.03
FREE,42,7500,0.1234,N/A,12,1000.00,12.03
FREE,42,7600,0.1234,N/A,12,1000.00,12.03
FREE,42,7700,0.1234,N/A,12,1000.00,12.03
FREE,42,7800,0.1234,N/A,12,1000.00,12.03
FREE,42,7900,0.1234,N/A,12,1000.00,12.03
FREE,42,8000,0.1234,N/A,12,1000.00,12.03
FREE,42,8100,0.1234,N/A,12,1000.00,12.03
FREE,42,8200,0.1234,N/A,12,1000.00,12.03
FREE,42,8300,0.1234,N/A,12,1000.00,12.03
FREE,42,8400,0.1234,N/A,12,1000.00,12.03
FREE,42,8500,0.1234,N/A,12,1000.00,12.03
FREE,42,8600,0.1234,N/A,12,1000.00,12.03
FREE,42,8700,0.1234,N/A,12,1000.00,12.03
FREE,42,8800,0.1234,N/A,12,1000.00,12.03
FREE,42,8900,0.1234,N/A,12,1000.00,12.03
FREE,42,9000,0.1234,N/A,12,1000.00,12.03
FREE,42,9100,0.1234,N/A,12,1000.00,12.03
FREE,42,9200,0.1234,N/A,12,1000.00,12.03
FREE,42,9300,0.1234,N/A,12,1000.00,12.03
FREE,42,9400,0.1234,N/A,12,1000.00,12.03
FREE,42,9500,0.1234,N/A,12,1000.00,12.03
FREE,42,9600,0.1234,N/A,12,1000.00,12.03
FREE,42,9700,0.1234,N/A,12,1000.00,12.03
FREE,42,9800,0.1234,N/A,12,1000.00,12.03
FREE,42,9900,0.1234,N/A,12,1000.00,12.03
ENERGY_ONLY,42,0,0.0980,0.104905,12,199.87,12.03
ENERGY_ONLY,42,100,0.1212,963.286416,12,187.01,12.03
ENERGY_ONLY,42,200,0.1198,955.268356,12,174.14,12.03
ENERGY_ONLY,42,300,0.1185,917.334611,12,161.29,12.03
ENERGY_ONLY,42,400,0.1171,819.557494,12,148.45,12.03
ENERGY_ONLY,42,500,0.1154,654.540299,12,135.62,12.03
ENERGY_ONLY,42,600,0.1132,464.877667,12,122.82,12.03
ENERGY_ONLY,42,700,0.1101,310.035149,12,110.03,12.03
ENERGY_ONLY,42,800,0.1056,213.914469,12,97.29,12.03
ENERGY_ONLY,42,900,0.0998,166.516092,12,84.58,12.03
ENERGY_ONLY,42,1000,0.0953,1002.068128,12,74.35,12.03
ENERGY_ONLY,42,1100,0.0944,867.421518,12,68.48,12.03
ENERGY_ONLY,42,1200,0.0935,730.178049,12,62.62,12.03
ENERGY_ONLY,42,1300,0.0923,600.283278,12,56.78,12.03
ENERGY_ONLY,42,1400,0.0909,484.773134,12,50.94,12.03
ENERGY_ONLY,42,1500,0.0892,387.153519,12,45.12,12.03
ENERGY_ONLY,42,1600,0.0871,307.940731,12,39.32,12.03
ENERGY_ONLY,42,1700,0.0846,245.661444,12,33.54,12.03
ENERGY_ONLY,42,1800,0.0816,197.830876,12,27.79,12.03
ENERGY_ONLY,42,1900,0.0781,161.687085,12,22.06,12.03
ENERGY_ONLY,42,2000,0.0741,134.643304,12,16.38,12.03
ENERGY_ONLY,42,2100,0.0697,114.502627,12,10.73,12.03
ENERGY_ONLY,42,2200,0.0651,99.511530,12,5.12,12.03
ENERGY_ONLY,42,2300,0.0608,478.086701,12,0.08,12.03
ENERGY_ONLY,42,2400,0.0608,N/A,12,0.08,12.03
ENERGY_ONLY,42,2500,0.0608,N/A,12,0.08,12.03
ENERGY_ONLY,42,2600,0.0608,N/A,12,0.08,12.03
ENERGY_ONLY,42,2700,0.0608,N/A,12,0.08,12.03
ENERGY_ONLY,42,2800,0.0608,N/A,12,0.08,12.03
ENERGY_ONLY,42,2900,0.0608,N/A,12,0.08,12.03
ENERGY_ONLY,42,3000,0.0608,N/A,12,0.08,12.03
ENERGY_ONLY,42,3100,0.0608,N/A,12,0.08,12.03
ENERGY_ONLY,42,3200,0.0608,N/A,12,0.08,12.03
ENERGY_ONLY,42,3300,0.0608,N/A,12,0.08,12.03
ENERGY_ONLY,42,3400,0.0608,N/A,12,0.08,12.03
ENERGY_ONLY,42,3500,0.0608,N/A,12,0.08,12.03
ENERGY_ONLY,42,3600,0.0608,N/A,12,0.08,12.03
ENERGY_ONLY,42,3700,0.0608,N/A,12,0.08,12.03
ENERGY_ONLY,42,3800,0.0608,N/A,12,0.08,12.03
ENERGY_ONLY,42,3900,0.0608,N/A,12,0.08,12.03
ENERGY_ONLY,42,4000,0.0608,N/A,12,0.08,12.03
ENERGY_ONLY,42,4100,0.0608,N/A,12,0.08,12.03
ENERGY_ONLY,42,4200,0.0607,N/A,12,0.02,12.03
ENERGY_ONLY,42,4300,0.0607,N/A,12,0.02,12.03
ENERGY_ONLY,42,4400,0.0607,N/A,12,0.02,12.03
ENERGY_ONLY,42,4500,0.0607,N/A,12,0.02,12.03
ENERGY_ONLY,42,4600,0.0607,N/A,12,0.02,12.03
ENERGY_ONLY,42,4700,0.0607,N/A,12,0.02,12.03
ENERGY_ONLY,42,4800,0.0607,N/A,12,0.02,12.03
ENERGY_ONLY,42,4900,0.0607,N/A,12,0.02,12.03
ENERGY_ONLY,42,5000,0.0607,N/A,12,0.02,12.03
ENERGY_ONLY,42,5100,0.0607,N/A,12,0.02,12.03
ENERGY_ONLY,42,5200,0.0607,N/A,12,0.02,12.03
ENERGY_ONLY,42,5300,0.0607,N/A,12,0.02,12.03
ENERGY_ONLY,42,5400,0.0607,N/A,12,0.02,12.03
ENERGY_ONLY,42,5500,0.0607,N/A,12,0.02,12.03
ENERGY_ONLY,42,5600,0.0607,N/A,12,0.02,12.03
ENERGY_ONLY,42,5700,0.0607,N/A,12,0.02,12.03
ENERGY_ONLY,42,5800,0.0607,N/A,12,0.02,12.03
ENERGY_ONLY,42,5900,0.0607,N/A,12,0.02,12.03
ENERGY_ONLY,42,6000,0.0607,N/A,12,0.02,12.03
ENERGY_ONLY,42,6100,0.0607,N/A,12,0.02,12.03
ENERGY_ONLY,42,6200,0.0607,N/A,12,0.02,12.03
ENERGY_ONLY,42,6300,0.0607,N/A,12,0.02,12.03
ENERGY_ONLY,42,6400,0.0607,N/A,12,0.02,12.03
ENERGY_ONLY,42,6500,0.0607,N/A,12,0.02,12.03
ENERGY_ONLY,42,6600,0.0607,N/A,12,0.02,12.03
ENERGY_ONLY,42,6700,0.0607,N/A,12,0.02,12.03
ENERGY_ONLY,42,6800,0.0607,N/A,12,0.02,12.03
ENERGY_ONLY,42,6900,0.0607,N/A,12,0.02,12.03
ENERGY_ONLY,42,7000,0.0607,N/A,12,0.02,12.03
ENERGY_ONLY,42,7100,0.0607,N/A,12,0.02,12.03
ENERGY_ONLY,42,7200,0.0607,N/A,12,0.02,12.03
ENERGY_ONLY,42,7300,0.0607,N/A,12,0.02,12.03
ENERGY_ONLY,42,7400,0.0607,N/A,12,0.02,12.03
ENERGY_ONLY,42,7500,0.0607,N/A,12,0.02,12.03
ENERGY_ONLY,42,7600,0.0607,N/A,12,0.02,12.03
ENERGY_ONLY,42,7700,0.0607,N/A,12,0.02,12.03
ENERGY_ONLY,42,7800,0.0607,N/A,12,0.02,12.03
ENERGY_ONLY,42,7900,0.0607,N/A,12,0.02,12.03
ENERGY_ONLY,42,8000,0.0607,N/A,12,0.02,12.03
ENERGY_ONLY,42,8100,0.0607,N/A,12,0.02,12.03
ENERGY_ONLY,42,8200,0.0607,N/A,12,0.02,12.03
ENERGY_ONLY,42,8300,0.0607,N/A,12,0.02,12.03
ENERGY_ONLY,42,8400,0.0607,N/A,12,0.02,12.03
ENERGY_ONLY,42,8500,0.0607,N/A,12,0.02,12.03
ENERGY_ONLY,42,8600,0.0607,N/A,12,0.02,12.03
ENERGY_ONLY,42,8700,0.0607,N/A,12,0.02,12.03
ENERGY_ONLY,42,8800,0.0607,N/A,12,0.02,12.03
ENERGY_ONLY,42,8900,0.0607,N/A,12,0.02,12.03
ENERGY_ONLY,42,9000,0.0607,N/A,12,0.02,12.03
ENERGY_ONLY,42,9100,0.0607,N/A,12,0.02,12.03
ENERGY_ONLY,42,9200,0.0607,N/A,12,0.02,12.03
ENERGY_ONLY,42,9300,0.0607,N/A,12,0.02,12.03
ENERGY_ONLY,42,9400,0.0607,N/A,12,0.02,12.03
ENERGY_ONLY,42,9500,0.0607,N/A,12,0.02,12.03
ENERGY_ONLY,42,9600,0.0607,N/A,12,0.02,12.03
ENERGY_ONLY,42,9700,0.0607,N/A,12,0.02,12.03
ENERGY_ONLY,42,9800,0.0607,N/A,12,0.02,12.03
ENERGY_ONLY,42,9900,0.0607,N/A,12,0.02,12.03
FULL,1039,0,0.0968,0.104850,12,200.00,11.97
FULL,1039,100,0.1142,99521.788402,12,199.88,10.82
FULL,1039,200,0.1142,48162.753385,12,199.84,10.85
FULL,1039,300,0.1141,32501.294608,12,199.54,10.86
FULL,1039,400,0.1141,32590.525601,12,199.18,10.88
FULL,1039,500,0.1141,32681.524269,12,198.82,10.90
FULL,1039,600,0.1140,32774.233014,12,198.46,10.93
FULL,1039,700,0.1140,32868.585761,12,198.10,10.95
FULL,1039,800,0.1140,32964.507181,12,197.74,10.99
FULL,1039,900,0.1139,33061.911883,12,197.39,11.03
FULL,1039,1000,0.1038,287.449243,12,165.82,11.76
FULL,1039,1100,0.1046,28022.148797,12,165.72,12.34
FULL,1039,1200,0.1046,89845.127452,12,165.60,12.45
FULL,1039,1300,0.1046,91329.694618,12,165.48,12.83
FULL,1039,1400,0.1046,91620.666143,12,165.36,13.12
FULL,1039,1500,0.1045,91913.904359,12,165.24,13.29
FULL,1039,1600,0.1045,92208.970120,12,165.12,13.38
FULL,1039,1700,0.1045,92505.379617,12,165.00,13.43
FULL,1039,1800,0.1045,92802.601383,12,164.88,13.46
FULL,1039,1900,0.1045,93100.053140,12,164.77,13.47
FULL,1039,2000,0.1045,93397.098668,12,164.65,13.47
FULL,1039,2100,0.1045,93693.044560,12,164.53,13.48
FULL,1039,2200,0.1045,93987.137020,12,164.41,13.48
FULL,1039,2300,0.1044,94278.558652,12,164.29,13.48
FULL,1039,2400,0.1044,94566.425270,12,164.18,13.48
FULL,1039,2500,0.1044,94849.782883,12,164.06,13.48
FULL,1039,2600,0.1044,95127.604738,12,163.94,13.48
FULL,1039,2700,0.1044,95398.788634,12,163.82,13.48
FULL,1039,2800,0.1044,95662.154449,12,163.71,13.48
FULL,1039,2900,0.1044,95916.442035,12,163.59,13.48
FULL,1039,3000,0.1044,96160.309475,12,163.47,13.48
FULL,1039,3100,0.1044,96392.331941,12,163.36,13.48
FULL,1039,3200,0.1043,96611.001011,12,163.24,13.48
FULL,1039,3300,0.1043,96814.724779,12,163.12,13.48
FULL,1039,3400,0.1043,97001.828733,12,163.01,13.48
FULL,1039,3500,0.1043,97170.557509,12,162.89,13.48
FULL,1039,3600,0.1043,97319.077741,12,162.77,13.48
FULL,1039,3700,0.1043,97445.481942,12,162.66,13.48
FULL,1039,3800,0.1043,97547.793744,12,162.54,13.48
FULL,1039,3900,0.1043,97623.974421,12,162.42,13.48
FULL,1039,4000,0.1043,97671.930922,12,162.31,13.48
FULL,1039,4100,0.1042,97689.525385,12,162.19,13.48
FULL,1039,4200,0.1042,97674.586339,12,162.08,13.48
FULL,1039,4300,0.1042,97624.921542,12,161.96,13.48
FULL,1039,4400,0.1042,97538.332476,12,161.85,13.48
FULL,1039,4500,0.1042,97412.630564,12,161.73,13.48
FULL,1039,4600,0.1042,97245.655012,12,161.61,13.48
FULL,1039,4700,0.1042,97035.292115,12,161.50,13.48
FULL,1039,4800,0.1042,96779.496082,12,161.38,13.48
FULL,1039,4900,0.1042,96476.310947,12,161.27,13.48
FULL,1039,5000,0.1041,96123.893520,12,161.16,13.48
FULL,1039,5100,0.1041,95720.537002,12,161.04,13.48
FULL,1039,5200,0.1041,95264.694898,12,160.93,13.48
FULL,1039,5300,0.1041,94755.004895,12,160.81,13.48
FULL,1039,5400,0.1041,94190.312226,12,160.70,13.48
FULL,1039,5500,0.1041,93569.692074,12,160.58,13.48
FULL,1039,5600,0.1041,92892.470535,12,160.47,13.48
FULL,1039,5700,0.1041,92158.243580,12,160.35,13.48
FULL,1039,5800,0.1041,91366.893662,12,160.24,13.48
FULL,1039,5900,0.1040,90518.603303,12,160.13,13.48
FULL,1039,6000,0.1040,89613.865432,12,160.01,13.48
FULL,1039,6100,0.1040,88653.489933,12,159.90,13.48
FULL,1039,6200,0.1040,87638.606263,12,159.79,13.48
FULL,1039,6300,0.1040,86570.661738,12,159.67,13.48
FULL,1039,6400,0.1040,85451.415585,12,159.56,13.48
FULL,1039,6500,0.1040,84282.928548,12,159.45,13.48
FULL,1039,6600,0.1040,83067.548314,12,159.33,13.48
FULL,1039,6700,0.1039,81807.890892,12,159.22,13.48
FULL,1039,6800,0.1039,80506.818258,12,159.11,13.48
FULL,1039,6900,0.1039,79167.412732,12,159.00,13.48
FULL,1039,7000,0.1039,77792.948548,12,158.88,13.48
FULL,1039,7100,0.1039,76386.861206,12,158.77,13.48
FULL,1039,7200,0.1039,74952.715189,12,158.66,13.48
FULL,1039,7300,0.1039,73494.170748,12,158.55,13.48
FULL,1039,7400,0.1038,72014.950313,12,158.44,13.48
FULL,1039,7500,0.1038,70518.805244,12,158.32,13.48
FULL,1039,7600,0.1038,69009.483471,12,158.21,13.48
FULL,1039,7700,0.1038,67490.698560,12,158.10,13.48
FULL,1039,7800,0.1038,65966.100730,12,157.99,13.48
FULL,1039,7900,0.1038,64439.250160,12,157.88,13.48
FULL,1039,8000,0.1037,62913.592966,12,157.77,13.48
FULL,1039,8100,0.1037,61392.440027,12,157.66,13.48
FULL,1039,8200,0.1037,59878.948847,12,157.55,13.48
FULL,1039,8300,0.1037,58376.108506,12,157.44,13.48
FULL,1039,8400,0.1037,56886.727674,12,157.33,13.48
FULL,1039,8500,0.1036,55413.425638,12,157.22,13.48
FULL,1039,8600,0.1036,53958.626185,12,157.11,13.48
FULL,1039,8700,0.1036,52524.554174,12,157.00,13.48
FULL,1039,8800,0.1036,51113.234549,12,156.89,13.48
FULL,1039,8900,0.1036,49726.493596,12,156.78,13.48
FULL,1039,9000,0.1035,48365.962120,12,156.67,13.48
FULL,1039,9100,0.1035,47033.080335,12,156.56,13.48
FULL,1039,9200,0.1035,45729.104148,12,156.45,13.48
FULL,1039,9300,0.1035,44455.112603,12,156.35,13.48
FULL,1039,9400,0.1034,43212.016240,12,156.24,13.48
FULL,1039,9500,0.1034,42000.566123,12,156.13,13.48
FULL,1039,9600,0.1034,40821.363341,12,156.02,13.48
FULL,1039,9700,0.1034,39674.868792,12,155.92,13.48
FULL,1039,9800,0.1033,38561.413077,12,155.81,13.48
FULL,1039,9900,0.1033,37481.206389,12,155.70,13.48
FREE,1039,0,0.0983,0.000000,12,1000.00,12.00
FREE,1039,100,0.1228,N/A,12,1000.00,12.00
FREE,1039,200,0.1228,N/A,12,1000.00,12.00
FREE,1039,300,0.1228,N/A,12,1000.00,12.00
FREE,1039,400,0.1228,N/A,12,1000.00,12.00
FREE,1039,500,0.1228,N/A,12,1000.00,12.00
FREE,1039,600,0.1228,N/A,12,1000.00,12.00
FREE,1039,700,0.1228,N/A,12,1000.00,12.00
FREE,1039,800,0.1228,N/A,12,1000.00,12.00
FREE,1039,900,0.1228,N/A,12,1000.00,12.00
FREE,1039,1000,0.1228,N/A,12,1000.00,12.00
FREE,1039,1100,0.1228,N/A,12,1000.00,12.00
FREE,1039,1200,0.1228,N/A,12,1000.00,12.00
FREE,1039,1300,0.1228,N/A,12,1000.00,12.00
FREE,1039,1400,0.1228,N/A,12,1000.00,12.00
FREE,1039,1500,0.1228,N/A,12,1000.00,12.00
FREE,1039,1600,0.1228,N/A,12,1000.00,12.00
FREE,1039,1700,0.1228,N/A,12,1000.00,12.00
FREE,1039,1800,0.1228,N/A,12,1000.00,12.00
FREE,1039,1900,0.1228,N/A,12,1000.00,12.00
FREE,1039,2000,0.1228,N/A,12,1000.00,12.00
FREE,1039,2100,0.1228,N/A,12,1000.00,12.00
FREE,1039,2200,0.1228,N/A,12,1000.00,12.00
FREE,1039,2300,0.1228,N/A,12,1000.00,12.00
FREE,1039,2400,0.1228,N/A,12,1000.00,12.00
FREE,1039,2500,0.1228,N/A,12,1000.00,12.00
FREE,1039,2600,0.1228,N/A,12,1000.00,12.00
FREE,1039,2700,0.1228,N/A,12,1000.00,12.00
FREE,1039,2800,0.1228,N/A,12,1000.00,12.00
FREE,1039,2900,0.1228,N/A,12,1000.00,12.00
FREE,1039,3000,0.1228,N/A,12,1000.00,12.00
FREE,1039,3100,0.1228,N/A,12,1000.00,12.00
FREE,1039,3200,0.1228,N/A,12,1000.00,12.00
FREE,1039,3300,0.1228,N/A,12,1000.00,12.00
FREE,1039,3400,0.1228,N/A,12,1000.00,12.00
FREE,1039,3500,0.1228,N/A,12,1000.00,12.00
FREE,1039,3600,0.1228,N/A,12,1000.00,12.00
FREE,1039,3700,0.1228,N/A,12,1000.00,12.00
FREE,1039,3800,0.1228,N/A,12,1000.00,12.00
FREE,1039,3900,0.1228,N/A,12,1000.00,12.00
FREE,1039,4000,0.1228,N/A,12,1000.00,12.00
FREE,1039,4100,0.1228,N/A,12,1000.00,12.00
FREE,1039,4200,0.1228,N/A,12,1000.00,12.00
FREE,1039,4300,0.1228,N/A,12,1000.00,12.00
FREE,1039,4400,0.1228,N/A,12,1000.00,12.00
FREE,1039,4500,0.1228,N/A,12,1000.00,12.00
FREE,1039,4600,0.1228,N/A,12,1000.00,12.00
FREE,1039,4700,0.1228,N/A,12,1000.00,12.00
FREE,1039,4800,0.1228,N/A,12,1000.00,12.00
FREE,1039,4900,0.1228,N/A,12,1000.00,12.00
FREE,1039,5000,0.1228,N/A,12,1000.00,12.00
FREE,1039,5100,0.1228,N/A,12,1000.00,12.00
FREE,1039,5200,0.1228,N/A,12,1000.00,12.00
FREE,1039,5300,0.1228,N/A,12,1000.00,12.00
FREE,1039,5400,0.1228,N/A,12,1000.00,12.00
FREE,1039,5500,0.1228,N/A,12,1000.00,12.00
FREE,1039,5600,0.1228,N/A,12,1000.00,12.00
FREE,1039,5700,0.1228,N/A,12,1000.00,12.00
FREE,1039,5800,0.1228,N/A,12,1000.00,12.00
FREE,1039,5900,0.1228,N/A,12,1000.00,12.00
FREE,1039,6000,0.1228,N/A,12,1000.00,12.00
FREE,1039,6100,0.1228,N/A,12,1000.00,12.00
FREE,1039,6200,0.1228,N/A,12,1000.00,12.00
FREE,1039,6300,0.1228,N/A,12,1000.00,12.00
FREE,1039,6400,0.1228,N/A,12,1000.00,12.00
FREE,1039,6500,0.1228,N/A,12,1000.00,12.00
FREE,1039,6600,0.1228,N/A,12,1000.00,12.00
FREE,1039,6700,0.1228,N/A,12,1000.00,12.00
FREE,1039,6800,0.1228,N/A,12,1000.00,12.00
FREE,1039,6900,0.1228,N/A,12,1000.00,12.00
FREE,1039,7000,0.1228,N/A,12,1000.00,12.00
FREE,1039,7100,0.1228,N/A,12,1000.00,12.00
FREE,1039,7200,0.1228,N/A,12,1000.00,12.00
FREE,1039,7300,0.1228,N/A,12,1000.00,12.00
FREE,1039,7400,0.1228,N/A,12,1000.00,12.00
FREE,1039,7500,0.1228,N/A,12,1000.00,12.00
FREE,1039,7600,0.1228,N/A,12,1000.00,12.00
FREE,1039,7700,0.1228,N/A,12,1000.00,12.00
FREE,1039,7800,0.1228,N/A,12,1000.00,12.00
FREE,1039,7900,0.1228,N/A,12,1000.00,12.00
FREE,1039,8000,0.1228,N/A,12,1000.00,12.00
FREE,1039,8100,0.1228,N/A,12,1000.00,12.00
FREE,1039,8200,0.1228,N/A,12,1000.00,12.00
FREE,1039,8300,0.1228,N/A,12,1000.00,12.00
FREE,1039,8400,0.1228,N/A,12,1000.00,12.00
FREE,1039,8500,0.1228,N/A,12,1000.00,12.00
FREE,1039,8600,0.1228,N/A,12,1000.00,12.00
FREE,1039,8700,0.1228,N/A,12,1000.00,12.00
FREE,1039,8800,0.1228,N/A,12,1000.00,12.00
FREE,1039,8900,0.1228,N/A,12,1000.00,12.00
FREE,1039,9000,0.1228,N/A,12,1000.00,12.00
FREE,1039,9100,0.1228,N/A,12,1000.00,12.00
FREE,1039,9200,0.1228,N/A,12,1000.00,12.00
FREE,1039,9300,0.1228,N/A,12,1000.00,12.00
FREE,1039,9400,0.1228,N/A,12,1000.00,12.00
FREE,1039,9500,0.1228,N/A,12,1000.00,12.00
FREE,1039,9600,0.1228,N/A,12,1000.00,12.00
FREE,1039,9700,0.1228,N/A,12,1000.00,12.00
FREE,1039,9800,0.1228,N/A,12,1000.00,12.00
FREE,1039,9900,0.1228,N/A,12,1000.00,12.00
ENERGY_ONLY,1039,0,0.0968,0.104850,12,199.85,12.00
ENERGY_ONLY,1039,100,0.1194,826.898813,12,185.00,12.00
ENERGY_ONLY,1039,200,0.1179,823.169918,12,170.15,12.00
ENERGY_ONLY,1039,300,0.1164,792.287103,12,155.32,12.00
ENERGY_ONLY,1039,400,0.1147,703.223370,12,140.50,12.00
ENERGY_ONLY,1039,500,0.1128,549.066505,12,125.70,12.00
ENERGY_ONLY,1039,600,0.1102,375.700330,12,110.92,12.00
ENERGY_ONLY,1039,700,0.1064,238.806244,12,96.16,12.00
ENERGY_ONLY,1039,800,0.1006,155.238530,12,81.46,12.00
ENERGY_ONLY,1039,900,0.0928,113.230669,12,66.81,12.00
ENERGY_ONLY,1039,1000,0.0867,983.568524,12,55.69,12.00
ENERGY_ONLY,1039,1100,0.0860,848.384156,12,51.29,12.00
ENERGY_ONLY,1039,1200,0.0853,712.177273,12,46.88,12.00
ENERGY_ONLY,1039,1300,0.0844,584.400257,12,42.49,12.00
ENERGY_ONLY,1039,1400,0.0833,471.562411,12,38.11,12.00
ENERGY_ONLY,1039,1500,0.0819,376.741503,12,33.74,12.00
ENERGY_ONLY,1039,1600,0.0803,300.151001,12,29.38,12.00
ENERGY_ONLY,1039,1700,0.0784,240.135972,12,25.04,12.00
ENERGY_ONLY,1039,1800,0.0760,194.131679,12,20.72,12.00
ENERGY_ONLY,1039,1900,0.0733,159.379245,12,16.43,12.00
ENERGY_ONLY,1039,2000,0.0703,133.347719,12,12.16,12.00
ENERGY_ONLY,1039,2100,0.0670,113.918554,12,7.92,12.00
ENERGY_ONLY,1039,2200,0.0635,99.416866,12,3.72,12.00
ENERGY_ONLY,1039,2300,0.0604,3724362.310064,12,0.06,12.00
ENERGY_ONLY,1039,2400,0.0604,N/A,12,0.06,12.00
ENERGY_ONLY,1039,2500,0.0604,N/A,12,0.06,12.00
ENERGY_ONLY,1039,2600,0.0604,N/A,12,0.06,12.00
ENERGY_ONLY,1039,2700,0.0604,N/A,12,0.06,12.00
ENERGY_ONLY,1039,2800,0.0604,N/A,12,0.06,12.00
ENERGY_ONLY,1039,2900,0.0604,N/A,12,0.06,12.00
ENERGY_ONLY,1039,3000,0.0604,N/A,12,0.06,12.00
ENERGY_ONLY,1039,3100,0.0604,N/A,12,0.06,12.00
ENERGY_ONLY,1039,3200,0.0604,N/A,12,0.06,12.00
ENERGY_ONLY,1039,3300,0.0604,N/A,12,0.06,12.00
ENERGY_ONLY,1039,3400,0.0604,N/A,12,0.06,12.00
ENERGY_ONLY,1039,3500,0.0604,N/A,12,0.06,12.00
ENERGY_ONLY,1039,3600,0.0604,N/A,12,0.06,12.00
ENERGY_ONLY,1039,3700,0.0604,N/A,12,0.06,12.00
ENERGY_ONLY,1039,3800,0.0604,N/A,12,0.06,12.00
ENERGY_ONLY,1039,3900,0.0604,N/A,12,0.06,12.00
ENERGY_ONLY,1039,4000,0.0604,N/A,12,0.06,12.00
ENERGY_ONLY,1039,4100,0.0604,N/A,12,0.06,12.00
ENERGY_ONLY,1039,4200,0.0604,N/A,12,0.06,12.00
ENERGY_ONLY,1039,4300,0.0604,N/A,12,0.06,12.00
ENERGY_ONLY,1039,4400,0.0604,N/A,12,0.06,12.00
ENERGY_ONLY,1039,4500,0.0604,N/A,12,0.06,12.00
ENERGY_ONLY,1039,4600,0.0604,N/A,12,0.06,12.00
ENERGY_ONLY,1039,4700,0.0604,N/A,12,0.06,12.00
ENERGY_ONLY,1039,4800,0.0604,N/A,12,0.06,12.00
ENERGY_ONLY,1039,4900,0.0604,N/A,12,0.06,12.00
ENERGY_ONLY,1039,5000,0.0604,N/A,12,0.06,12.00
ENERGY_ONLY,1039,5100,0.0604,N/A,12,0.06,12.00
ENERGY_ONLY,1039,5200,0.0604,N/A,12,0.06,12.00
ENERGY_ONLY,1039,5300,0.0604,N/A,12,0.06,12.00
ENERGY_ONLY,1039,5400,0.0604,N/A,12,0.06,12.00
ENERGY_ONLY,1039,5500,0.0604,N/A,12,0.06,12.00
ENERGY_ONLY,1039,5600,0.0604,N/A,12,0.06,12.00
ENERGY_ONLY,1039,5700,0.0604,N/A,12,0.06,12.00
ENERGY_ONLY,1039,5800,0.0604,N/A,12,0.06,12.00
ENERGY_ONLY,1039,5900,0.0604,N/A,12,0.06,12.00
ENERGY_ONLY,1039,6000,0.0604,N/A,12,0.06,12.00
ENERGY_ONLY,1039,6100,0.0604,N/A,12,0.06,12.00
ENERGY_ONLY,1039,6200,0.0604,N/A,12,0.06,12.00
ENERGY_ONLY,1039,6300,0.0604,N/A,12,0.06,12.00
ENERGY_ONLY,1039,6400,0.0604,N/A,12,0.06,12.00
ENERGY_ONLY,1039,6500,0.0604,N/A,12,0.06,12.00
ENERGY_ONLY,1039,6600,0.0604,N/A,12,0.06,12.00
ENERGY_ONLY,1039,6700,0.0604,N/A,12,0.06,12.00
ENERGY_ONLY,1039,6800,0.0604,N/A,12,0.06,12.00
ENERGY_ONLY,1039,6900,0.0604,N/A,12,0.06,12.00
ENERGY_ONLY,1039,7000,0.0604,N/A,12,0.06,12.00
ENERGY_ONLY,1039,7100,0.0604,N/A,12,0.06,12.00
ENERGY_ONLY,1039,7200,0.0604,N/A,12,0.06,12.00
ENERGY_ONLY,1039,7300,0.0604,N/A,12,0.06,12.00
ENERGY_ONLY,1039,7400,0.0604,N/A,12,0.06,12.00
ENERGY_ONLY,1039,7500,0.0604,N/A,12,0.06,12.00
ENERGY_ONLY,1039,7600,0.0604,N/A,12,0.06,12.00
ENERGY_ONLY,1039,7700,0.0604,N/A,12,0.06,12.00
ENERGY_ONLY,1039,7800,0.0604,N/A,12,0.06,12.00
ENERGY_ONLY,1039,7900,0.0604,N/A,12,0.06,12.00
ENERGY_ONLY,1039,8000,0.0604,N/A,12,0.06,12.00
ENERGY_ONLY,1039,8100,0.0604,N/A,12,0.06,12.00
ENERGY_ONLY,1039,8200,0.0604,N/A,12,0.06,12.00
ENERGY_ONLY,1039,8300,0.0604,N/A,12,0.06,12.00
ENERGY_ONLY,1039,8400,0.0603,N/A,12,0.00,12.00
ENERGY_ONLY,1039,8500,0.0603,N/A,12,0.00,12.00
ENERGY_ONLY,1039,8600,0.0603,N/A,12,0.00,12.00
ENERGY_ONLY,1039,8700,0.0603,N/A,12,0.00,12.00
ENERGY_ONLY,1039,8800,0.0603,N/A,12,0.00,12.00
ENERGY_ONLY,1039,8900,0.0603,N/A,12,0.00,12.00
ENERGY_ONLY,1039,9000,0.0603,N/A,12,0.00,12.00
ENERGY_ONLY,1039,9100,0.0603,N/A,12,0.00,12.00
ENERGY_ONLY,1039,9200,0.0603,N/A,12,0.00,12.00
ENERGY_ONLY,1039,9300,0.0603,N/A,12,0.00,12.00
ENERGY_ONLY,1039,9400,0.0603,N/A,12,0.00,12.00
ENERGY_ONLY,1039,9500,0.0603,N/A,12,0.00,12.00
ENERGY_ONLY,1039,9600,0.0603,N/A,12,0.00,12.00
ENERGY_ONLY,1039,9700,0.0603,N/A,12,0.00,12.00
ENERGY_ONLY,1039,9800,0.0603,N/A,12,0.00,12.00
ENERGY_ONLY,1039,9900,0.0603,N/A,12,0.00,12.00
FULL,2036,0,0.0961,0.104830,12,200.00,12.52
FULL,2036,100,0.1190,34304.125376,12,199.85,9.82
FULL,2036,200,0.1189,34389.177813,12,199.50,9.84
FULL,2036,300,0.1189,34475.856077,12,199.14,9.88
FULL,2036,400,0.1189,34564.117289,12,198.79,9.96
FULL,2036,500,0.1188,34653.902704,12,198.43,10.05
FULL,2036,600,0.1188,34745.145778,12,198.08,10.17
FULL,2036,700,0.1187,34837.771497,12,197.73,10.31
FULL,2036,800,0.1192,33640.964998,12,197.37,10.45
FULL,2036,900,0.1183,34619.365752,12,197.02,11.88
FULL,2036,1000,0.1076,1007.629652,12,165.49,13.60
FULL,2036,1100,0.1064,7871.062705,12,165.32,11.71
FULL,2036,1200,0.1053,213.849388,12,164.94,11.44
FULL,2036,1300,0.0951,129.313092,12,133.74,10.91
FULL,2036,1400,0.0972,1854.665397,12,134.30,10.77
FULL,2036,1500,0.0976,2275.224069,12,134.85,10.78
FULL,2036,1600,0.0981,2435.919151,12,135.39,10.79
FULL,2036,1700,0.0985,2652.450441,12,135.93,10.79
FULL,2036,1800,0.0989,2936.327041,12,136.46,10.79
FULL,2036,1900,0.0992,3298.142563,12,137.00,10.79
FULL,2036,2000,0.0995,3749.569876,12,137.52,10.79
FULL,2036,2100,0.0997,4302.496891,12,138.05,10.79
FULL,2036,2200,0.1000,4967.762585,12,138.57,10.79
FULL,2036,2300,0.1002,5753.531687,12,139.10,10.79
FULL,2036,2400,0.1003,6663.435514,12,139.62,10.79
FULL,2036,2500,0.1005,7694.678726,12,140.13,10.79
FULL,2036,2600,0.1006,8836.356671,12,140.65,10.79
FULL,2036,2700,0.1007,10068.272172,12,141.17,10.79
FULL,2036,2800,0.1008,11360.619107,12,141.68,10.79
FULL,2036,2900,0.1009,12674.982808,12,142.19,10.79
FULL,2036,3000,0.1010,13967.053928,12,142.71,10.79
FULL,2036,3100,0.1011,15191.094326,12,143.22,10.79
FULL,2036,3200,0.1011,16305.529478,12,143.73,10.79
FULL,2036,3300,0.1012,17278.373896,12,144.24,10.79
FULL,2036,3400,0.1012,18090.987497,12,144.75,10.79
FULL,2036,3500,0.1013,18739.158079,12,145.26,10.79
FULL,2036,3600,0.1014,19231.473751,12,145.77,10.79
FULL,2036,3700,0.1014,19585.837409,12,146.28,10.79
FULL,2036,3800,0.1015,19825.349962,12,146.79,10.79
FULL,2036,3900,0.1015,19974.610035,12,147.29,10.79
FULL,2036,4000,0.1016,20057.007312,12,147.80,10.79
FULL,2036,4100,0.1016,20093.124227,12,148.31,10.79
FULL,2036,4200,0.1017,20100.068104,12,148.81,10.79
FULL,2036,4300,0.1017,20091.446924,12,149.32,10.76
FULL,2036,4400,0.1018,20077.715367,12,149.82,10.84
FULL,2036,4500,0.1018,N/A,12,150.05,10.90
FULL,2036,4600,0.1018,N/A,12,150.05,10.88
FULL,2036,4700,0.1018,N/A,12,150.05,10.88
FULL,2036,4800,0.1018,N/A,12,150.05,10.87
FULL,2036,4900,0.1018,N/A,12,150.05,10.87
FULL,2036,5000,0.1018,N/A,12,150.05,10.87
FULL,2036,5100,0.1018,N/A,12,150.05,10.87
FULL,2036,5200,0.1018,N/A,12,150.05,10.87
FULL,2036,5300,0.1018,N/A,12,150.05,10.87
FULL,2036,5400,0.1018,N/A,12,150.05,10.87
FULL,2036,5500,0.1018,N/A,12,150.05,10.87
FULL,2036,5600,0.1018,N/A,12,150.05,10.87
FULL,2036,5700,0.1018,N/A,12,150.05,10.87
FULL,2036,5800,0.1018,N/A,12,150.05,10.87
FULL,2036,5900,0.1018,N/A,12,150.05,10.87
FULL,2036,6000,0.1018,N/A,12,150.05,10.87
FULL,2036,6100,0.1018,N/A,12,150.05,10.87
FULL,2036,6200,0.1018,N/A,12,150.05,10.87
FULL,2036,6300,0.1018,N/A,12,150.05,10.87
FULL,2036,6400,0.1018,N/A,12,150.05,10.87
FULL,2036,6500,0.1018,N/A,12,150.05,10.87
FULL,2036,6600,0.1018,N/A,12,150.05,10.87
FULL,2036,6700,0.1018,N/A,12,150.05,10.87
FULL,2036,6800,0.1018,N/A,12,150.05,10.87
FULL,2036,6900,0.1018,N/A,12,150.05,10.87
FULL,2036,7000,0.1018,N/A,12,150.05,10.87
FULL,2036,7100,0.1018,N/A,12,150.05,10.87
FULL,2036,7200,0.1018,N/A,12,150.05,10.87
FULL,2036,7300,0.1018,N/A,12,150.05,10.87
FULL,2036,7400,0.1018,N/A,12,150.05,10.87
FULL,2036,7500,0.1018,N/A,12,150.05,10.87
FULL,2036,7600,0.1018,N/A,12,150.05,10.87
FULL,2036,7700,0.1018,N/A,12,150.05,10.87
FULL,2036,7800,0.1018,N/A,12,150.05,10.87
FULL,2036,7900,0.1018,N/A,12,150.05,10.87
FULL,2036,8000,0.1018,N/A,12,150.05,10.87
FULL,2036,8100,0.1018,N/A,12,150.05,10.87
FULL,2036,8200,0.1018,N/A,12,150.05,10.87
FULL,2036,8300,0.1018,N/A,12,150.05,10.87
FULL,2036,8400,0.1018,N/A,12,150.05,10.87
FULL,2036,8500,0.1018,N/A,12,150.05,10.87
FULL,2036,8600,0.1018,N/A,12,150.05,10.87
FULL,2036,8700,0.1018,N/A,12,150.05,10.87
FULL,2036,8800,0.1018,N/A,12,150.05,10.87
FULL,2036,8900,0.1018,N/A,12,150.05,10.87
FULL,2036,9000,0.1018,N/A,12,150.05,10.87
FULL,2036,9100,0.1018,N/A,12,150.05,10.87
FULL,2036,9200,0.1018,N/A,12,150.05,10.87
FULL,2036,9300,0.1018,N/A,12,150.05,10.87
FULL,2036,9400,0.1018,N/A,12,150.05,10.87
FULL,2036,9500,0.1018,N/A,12,150.05,10.87
FULL,2036,9600,0.1018,N/A,12,150.05,10.87
FULL,2036,9700,0.1018,N/A,12,150.05,10.87
FULL,2036,9800,0.1018,N/A,12,150.05,10.87
FULL,2036,9900,0.1018,N/A,12,150.05,10.87
FREE,2036,0,0.0987,0.000000,12,1000.00,12.58
FREE,2036,100,0.1234,N/A,12,1000.00,12.58
FREE,2036,200,0.1234,N/A,12,1000.00,12.58
FREE,2036,300,0.1234,N/A,12,1000.00,12.58
FREE,2036,400,0.1234,N/A,12,1000.00,12.58
FREE,2036,500,0.1234,N/A,12,1000.00,12.58
FREE,2036,600,0.1234,N/A,12,1000.00,12.58
FREE,2036,700,0.1234,N/A,12,1000.00,12.58
FREE,2036,800,0.1234,N/A,12,1000.00,12.58
FREE,2036,900,0.1234,N/A,12,1000.00,12.58
FREE,2036,1000,0.1234,N/A,12,1000.00,12.58
FREE,2036,1100,0.1234,N/A,12,1000.00,12.58
FREE,2036,1200,0.1234,N/A,12,1000.00,12.58
FREE,2036,1300,0.1234,N/A,12,1000.00,12.58
FREE,2036,1400,0.1234,N/A,12,1000.00,12.58
FREE,2036,1500,0.1234,N/A,12,1000.00,12.58
FREE,2036,1600,0.1234,N/A,12,1000.00,12.58
FREE,2036,1700,0.1234,N/A,12,1000.00,12.58
FREE,2036,1800,0.1234,N/A,12,1000.00,12.58
FREE,2036,1900,0.1234,N/A,12,1000.00,12.58
FREE,2036,2000,0.1234,N/A,12,1000.00,12.58
FREE,2036,2100,0.1234,N/A,12,1000.00,12.58
FREE,2036,2200,0.1234,N/A,12,1000.00,12.58
FREE,2036,2300,0.1234,N/A,12,1000.00,12.58
FREE,2036,2400,0.1234,N/A,12,1000.00,12.58
FREE,2036,2500,0.1234,N/A,12,1000.00,12.58
FREE,2036,2600,0.1234,N/A,12,1000.00,12.58
FREE,2036,2700,0.1234,N/A,12,1000.00,12.58
FREE,2036,2800,0.1234,N/A,12,1000.00,12.58
FREE,2036,2900,0.1234,N/A,12,1000.00,12.58
FREE,2036,3000,0.1234,N/A,12,1000.00,12.58
FREE,2036,3100,0.1234,N/A,12,1000.00,12.58
FREE,2036,3200,0.1234,N/A,12,1000.00,12.58
FREE,2036,3300,0.1234,N/A,12,1000.00,12.58
FREE,2036,3400,0.1234,N/A,12,1000.00,12.58
FREE,2036,3500,0.1234,N/A,12,1000.00,12.58
FREE,2036,3600,0.1234,N/A,12,1000.00,12.58
FREE,2036,3700,0.1234,N/A,12,1000.00,12.58
FREE,2036,3800,0.1234,N/A,12,1000.00,12.58
FREE,2036,3900,0.1234,N/A,12,1000.00,12.58
FREE,2036,4000,0.1234,N/A,12,1000.00,12.58
FREE,2036,4100,0.1234,N/A,12,1000.00,12.58
FREE,2036,4200,0.1234,N/A,12,1000.00,12.58
FREE,2036,4300,0.1234,N/A,12,1000.00,12.58
FREE,2036,4400,0.1234,N/A,12,1000.00,12.58
FREE,2036,4500,0.1234,N/A,12,1000.00,12.58
FREE,2036,4600,0.1234,N/A,12,1000.00,12.58
FREE,2036,4700,0.1234,N/A,12,1000.00,12.58
FREE,2036,4800,0.1234,N/A,12,1000.00,12.58
FREE,2036,4900,0.1234,N/A,12,1000.00,12.58
FREE,2036,5000,0.1234,N/A,12,1000.00,12.58
FREE,2036,5100,0.1234,N/A,12,1000.00,12.58
FREE,2036,5200,0.1234,N/A,12,1000.00,12.58
FREE,2036,5300,0.1234,N/A,12,1000.00,12.58
FREE,2036,5400,0.1234,N/A,12,1000.00,12.58
FREE,2036,5500,0.1234,N/A,12,1000.00,12.58
FREE,2036,5600,0.1234,N/A,12,1000.00,12.58
FREE,2036,5700,0.1234,N/A,12,1000.00,12.58
FREE,2036,5800,0.1234,N/A,12,1000.00,12.58
FREE,2036,5900,0.1234,N/A,12,1000.00,12.58
FREE,2036,6000,0.1234,N/A,12,1000.00,12.58
FREE,2036,6100,0.1234,N/A,12,1000.00,12.58
FREE,2036,6200,0.1234,N/A,12,1000.00,12.58
FREE,2036,6300,0.1234,N/A,12,1000.00,12.58
FREE,2036,6400,0.1234,N/A,12,1000.00,12.58
FREE,2036,6500,0.1234,N/A,12,1000.00,12.58
FREE,2036,6600,0.1234,N/A,12,1000.00,12.58
FREE,2036,6700,0.1234,N/A,12,1000.00,12.58
FREE,2036,6800,0.1234,N/A,12,1000.00,12.58
FREE,2036,6900,0.1234,N/A,12,1000.00,12.58
FREE,2036,7000,0.1234,N/A,12,1000.00,12.58
FREE,2036,7100,0.1234,N/A,12,1000.00,12.58
FREE,2036,7200,0.1234,N/A,12,1000.00,12.58
FREE,2036,7300,0.1234,N/A,12,1000.00,12.58
FREE,2036,7400,0.1234,N/A,12,1000.00,12.58
FREE,2036,7500,0.1234,N/A,12,1000.00,12.58
FREE,2036,7600,0.1234,N/A,12,1000.00,12.58
FREE,2036,7700,0.1234,N/A,12,1000.00,12.58
FREE,2036,7800,0.1234,N/A,12,1000.00,12.58
FREE,2036,7900,0.1234,N/A,12,1000.00,12.58
FREE,2036,8000,0.1234,N/A,12,1000.00,12.58
FREE,2036,8100,0.1234,N/A,12,1000.00,12.58
FREE,2036,8200,0.1234,N/A,12,1000.00,12.58
FREE,2036,8300,0.1234,N/A,12,1000.00,12.58
FREE,2036,8400,0.1234,N/A,12,1000.00,12.58
FREE,2036,8500,0.1234,N/A,12,1000.00,12.58
FREE,2036,8600,0.1234,N/A,12,1000.00,12.58
FREE,2036,8700,0.1234,N/A,12,1000.00,12.58
FREE,2036,8800,0.1234,N/A,12,1000.00,12.58
FREE,2036,8900,0.1234,N/A,12,1000.00,12.58
FREE,2036,9000,0.1234,N/A,12,1000.00,12.58
FREE,2036,9100,0.1234,N/A,12,1000.00,12.58
FREE,2036,9200,0.1234,N/A,12,1000.00,12.58
FREE,2036,9300,0.1234,N/A,12,1000.00,12.58
FREE,2036,9400,0.1234,N/A,12,1000.00,12.58
FREE,2036,9500,0.1234,N/A,12,1000.00,12.58
FREE,2036,9600,0.1234,N/A,12,1000.00,12.58
FREE,2036,9700,0.1234,N/A,12,1000.00,12.58
FREE,2036,9800,0.1234,N/A,12,1000.00,12.58
FREE,2036,9900,0.1234,N/A,12,1000.00,12.58
ENERGY_ONLY,2036,0,0.0961,0.104830,12,199.89,12.58
ENERGY_ONLY,2036,100,0.1190,1150.349206,12,189.05,12.58
ENERGY_ONLY,2036,200,0.1179,1163.222588,12,178.20,12.58
ENERGY_ONLY,2036,300,0.1169,1167.992153,12,167.36,12.58
ENERGY_ONLY,2036,400,0.1158,1139.441211,12,156.54,12.58
ENERGY_ONLY,2036,500,0.1147,1041.068570,12,145.72,12.58
ENERGY_ONLY,2036,600,0.1134,859.742877,12,134.92,12.58
ENERGY_ONLY,2036,700,0.1118,642.094253,12,124.12,12.58
ENERGY_ONLY,2036,800,0.1097,459.801009,12,113.35,12.58
ENERGY_ONLY,2036,900,0.1068,347.172021,12,102.60,12.58
ENERGY_ONLY,2036,1000,0.1041,987.357831,12,92.89,12.58
ENERGY_ONLY,2036,1100,0.1030,853.197304,12,85.56,12.58
ENERGY_ONLY,2036,1200,0.1017,717.379037,12,78.24,12.58
ENERGY_ONLY,2036,1300,0.1002,589.446498,12,70.93,12.58
ENERGY_ONLY,2036,1400,0.0985,476.062977,12,63.64,12.58
ENERGY_ONLY,2036,1500,0.0963,380.470242,12,56.37,12.58
ENERGY_ONLY,2036,1600,0.0936,303.026152,12,49.12,12.58
ENERGY_ONLY,2036,1700,0.0904,242.183417,12,41.89,12.58
ENERGY_ONLY,2036,1800,0.0866,195.445280,12,34.70,12.58
ENERGY_ONLY,2036,1900,0.0822,160.082175,12,27.55,12.58
ENERGY_ONLY,2036,2000,0.0772,133.564308,12,20.44,12.58
ENERGY_ONLY,2036,2100,0.0717,113.757858,12,13.38,12.58
ENERGY_ONLY,2036,2200,0.0659,98.965698,12,6.38,12.58
ENERGY_ONLY,2036,2300,0.0606,595.510254,12,0.16,12.58
ENERGY_ONLY,2036,2400,0.0605,N/A,12,0.10,12.58
ENERGY_ONLY,2036,2500,0.0605,N/A,12,0.10,12.58
ENERGY_ONLY,2036,2600,0.0605,N/A,12,0.10,12.58
ENERGY_ONLY,2036,2700,0.0605,N/A,12,0.10,12.58
ENERGY_ONLY,2036,2800,0.0605,N/A,12,0.10,12.58
ENERGY_ONLY,2036,2900,0.0605,N/A,12,0.10,12.58
ENERGY_ONLY,2036,3000,0.0605,N/A,12,0.10,12.58
ENERGY_ONLY,2036,3100,0.0605,N/A,12,0.10,12.58
ENERGY_ONLY,2036,3200,0.0605,N/A,12,0.10,12.58
ENERGY_ONLY,2036,3300,0.0605,N/A,12,0.10,12.58
ENERGY_ONLY,2036,3400,0.0605,N/A,12,0.10,12.58
ENERGY_ONLY,2036,3500,0.0605,N/A,12,0.10,12.58
ENERGY_ONLY,2036,3600,0.0605,N/A,12,0.10,12.58
ENERGY_ONLY,2036,3700,0.0605,N/A,12,0.10,12.58
ENERGY_ONLY,2036,3800,0.0605,N/A,12,0.10,12.58
ENERGY_ONLY,2036,3900,0.0605,N/A,12,0.10,12.58
ENERGY_ONLY,2036,4000,0.0605,N/A,12,0.10,12.58
ENERGY_ONLY,2036,4100,0.0605,N/A,12,0.10,12.58
ENERGY_ONLY,2036,4200,0.0605,N/A,12,0.10,12.58
ENERGY_ONLY,2036,4300,0.0605,N/A,12,0.10,12.58
ENERGY_ONLY,2036,4400,0.0605,N/A,12,0.10,12.58
ENERGY_ONLY,2036,4500,0.0605,N/A,12,0.10,12.58
ENERGY_ONLY,2036,4600,0.0605,N/A,12,0.10,12.58
ENERGY_ONLY,2036,4700,0.0605,N/A,12,0.10,12.58
ENERGY_ONLY,2036,4800,0.0605,N/A,12,0.10,12.58
ENERGY_ONLY,2036,4900,0.0605,N/A,12,0.10,12.58
ENERGY_ONLY,2036,5000,0.0605,N/A,12,0.00,12.58
ENERGY_ONLY,2036,5100,0.0605,N/A,12,0.00,12.58
ENERGY_ONLY,2036,5200,0.0605,N/A,12,0.00,12.58
ENERGY_ONLY,2036,5300,0.0605,N/A,12,0.00,12.58
ENERGY_ONLY,2036,5400,0.0605,N/A,12,0.00,12.58
ENERGY_ONLY,2036,5500,0.0605,N/A,12,0.00,12.58
ENERGY_ONLY,2036,5600,0.0605,N/A,12,0.00,12.58
ENERGY_ONLY,2036,5700,0.0605,N/A,12,0.00,12.58
ENERGY_ONLY,2036,5800,0.0605,N/A,12,0.00,12.58
ENERGY_ONLY,2036,5900,0.0605,N/A,12,0.00,12.58
ENERGY_ONLY,2036,6000,0.0605,N/A,12,0.00,12.58
ENERGY_ONLY,2036,6100,0.0605,N/A,12,0.00,12.58
ENERGY_ONLY,2036,6200,0.0605,N/A,12,0.00,12.58
ENERGY_ONLY,2036,6300,0.0605,N/A,12,0.00,12.58
ENERGY_ONLY,2036,6400,0.0605,N/A,12,0.00,12.58
ENERGY_ONLY,2036,6500,0.0605,N/A,12,0.00,12.58
ENERGY_ONLY,2036,6600,0.0605,N/A,12,0.00,12.58
ENERGY_ONLY,2036,6700,0.0605,N/A,12,0.00,12.58
ENERGY_ONLY,2036,6800,0.0605,N/A,12,0.00,12.58
ENERGY_ONLY,2036,6900,0.0605,N/A,12,0.00,12.58
ENERGY_ONLY,2036,7000,0.0605,N/A,12,0.00,12.58
ENERGY_ONLY,2036,7100,0.0605,N/A,12,0.00,12.58
ENERGY_ONLY,2036,7200,0.0605,N/A,12,0.00,12.58
ENERGY_ONLY,2036,7300,0.0605,N/A,12,0.00,12.58
ENERGY_ONLY,2036,7400,0.0605,N/A,12,0.00,12.58
ENERGY_ONLY,2036,7500,0.0605,N/A,12,0.00,12.58
ENERGY_ONLY,2036,7600,0.0605,N/A,12,0.00,12.58
ENERGY_ONLY,2036,7700,0.0605,N/A,12,0.00,12.58
ENERGY_ONLY,2036,7800,0.0605,N/A,12,0.00,12.58
ENERGY_ONLY,2036,7900,0.0605,N/A,12,0.00,12.58
ENERGY_ONLY,2036,8000,0.0605,N/A,12,0.00,12.58
ENERGY_ONLY,2036,8100,0.0605,N/A,12,0.00,12.58
ENERGY_ONLY,2036,8200,0.0605,N/A,12,0.00,12.58
ENERGY_ONLY,2036,8300,0.0605,N/A,12,0.00,12.58
ENERGY_ONLY,2036,8400,0.0605,N/A,12,0.00,12.58
ENERGY_ONLY,2036,8500,0.0605,N/A,12,0.00,12.58
ENERGY_ONLY,2036,8600,0.0605,N/A,12,0.00,12.58
ENERGY_ONLY,2036,8700,0.0605,N/A,12,0.00,12.58
ENERGY_ONLY,2036,8800,0.0605,N/A,12,0.00,12.58
ENERGY_ONLY,2036,8900,0.0605,N/A,12,0.00,12.58
ENERGY_ONLY,2036,9000,0.0605,N/A,12,0.00,12.58
ENERGY_ONLY,2036,9100,0.0605,N/A,12,0.00,12.58
ENERGY_ONLY,2036,9200,0.0605,N/A,12,0.00,12.58
ENERGY_ONLY,2036,9300,0.0605,N/A,12,0.00,12.58
ENERGY_ONLY,2036,9400,0.0605,N/A,12,0.00,12.58
ENERGY_ONLY,2036,9500,0.0605,N/A,12,0.00,12.58
ENERGY_ONLY,2036,9600,0.0605,N/A,12,0.00,12.58
ENERGY_ONLY,2036,9700,0.0605,N/A,12,0.00,12.58
ENERGY_ONLY,2036,9800,0.0605,N/A,12,0.00,12.58
ENERGY_ONLY,2036,9900,0.0605,N/A,12,0.00,12.58
FULL,3033,0,0.0963,0.104830,12,200.00,10.87
FULL,3033,100,0.1115,101109.462678,12,199.92,13.63
FULL,3033,200,0.1114,49152.063057,12,199.71,13.65
FULL,3033,300,0.1114,35087.867051,12,199.42,13.67
FULL,3033,400,0.1114,35176.977429,12,199.09,13.72
FULL,3033,500,0.1114,35267.636942,12,198.75,13.77
FULL,3033,600,0.1113,35359.817183,12,198.42,13.84
FULL,3033,700,0.1120,35185.701848,12,198.08,13.24
FULL,3033,800,0.1120,35281.082765,12,197.75,13.42
FULL,3033,900,0.1120,35377.835357,12,197.41,13.54
FULL,3033,1000,0.1011,785.682900,12,165.93,15.39
FULL,3033,1100,0.1051,2573.545044,12,165.81,14.96
FULL,3033,1200,0.1055,74140.245854,12,165.69,16.59
FULL,3033,1300,0.1050,83657.440156,12,165.57,17.13
FULL,3033,1400,0.1035,90429.062598,12,165.45,16.72
FULL,3033,1500,0.1035,90717.468773,12,165.33,16.47
FULL,3033,1600,0.1035,91008.034857,12,165.22,16.37
FULL,3033,1700,0.1035,91300.316798,12,165.10,16.33
FULL,3033,1800,0.1034,91593.825658,12,164.98,16.31
FULL,3033,1900,0.1034,91888.024585,12,164.86,16.31
FULL,3033,2000,0.1034,92182.325718,12,164.74,16.30
FULL,3033,2100,0.1034,92476.087043,12,164.62,16.30
FULL,3033,2200,0.1034,92768.609174,12,164.50,16.30
FULL,3033,2300,0.1034,93059.132173,12,164.39,16.30
FULL,3033,2400,0.1034,93346.832366,12,164.27,16.30
FULL,3033,2500,0.1034,93630.819218,12,164.15,16.30
FULL,3033,2600,0.1034,93910.132338,12,164.03,16.30
FULL,3033,2700,0.1033,94183.738606,12,163.92,16.30
FULL,3033,2800,0.1033,94450.529528,12,163.80,16.30
FULL,3033,2900,0.1033,94709.318880,12,163.68,16.30
FULL,3033,3000,0.1033,94958.840664,12,163.56,16.30
FULL,3033,3100,0.1033,95197.747515,12,163.45,16.30
FULL,3033,3200,0.1033,95424.609638,12,163.33,16.30
FULL,3033,3300,0.1033,95637.914315,12,163.21,16.30
FULL,3033,3400,0.1033,95836.066140,12,163.10,16.30
FULL,3033,3500,0.1033,96017.388076,12,162.98,16.30
FULL,3033,3600,0.1032,96180.123436,12,162.86,16.30
FULL,3033,3700,0.1032,96322.438886,12,162.75,16.30
FULL,3033,3800,0.1032,96442.428605,12,162.63,16.30
FULL,3033,3900,0.1032,96538.119753,12,162.51,16.30
FULL,3033,4000,0.1032,96607.479249,12,162.40,16.30
FULL,3033,4100,0.1032,96648.422024,12,162.28,16.30
FULL,3033,4200,0.1032,96658.820901,12,162.17,16.30
FULL,3033,4300,0.1032,96636.517971,12,162.05,16.30
FULL,3033,4400,0.1032,96579.337754,12,161.94,16.30
FULL,3033,4500,0.1031,96485.101934,12,161.82,16.30
FULL,3033,4600,0.1031,96351.645823,12,161.70,16.30
FULL,3033,4700,0.1031,96176.836360,12,161.59,16.30
FULL,3033,4800,0.1031,95958.591679,12,161.47,16.30
FULL,3033,4900,0.1031,95694.901975,12,161.36,16.30
FULL,3033,5000,0.1031,95383.851519,12,161.24,16.30
FULL,3033,5100,0.1031,95023.641621,12,161.13,16.30
FULL,3033,5200,0.1031,94612.614125,12,161.01,16.30
FULL,3033,5300,0.1030,94149.275201,12,160.90,16.30
FULL,3033,5400,0.1030,93632.318958,12,160.79,16.30
FULL,3033,5500,0.1030,93060.650430,12,160.67,16.30
FULL,3033,5600,0.1030,92433.407565,12,160.56,16.30
FULL,3033,5700,0.1030,91749.981577,12,160.44,16.30
FULL,3033,5800,0.1030,91010.035342,12,160.33,16.30
FULL,3033,5900,0.1030,90213.519149,12,160.21,16.30
FULL,3033,6000,0.1030,89360.683567,12,160.10,16.30
FULL,3033,6100,0.1030,88452.088812,12,159.99,16.30
FULL,3033,6200,0.1029,87488.610418,12,159.87,16.30
FULL,3033,6300,0.1029,86471.440834,12,159.76,16.30
FULL,3033,6400,0.1029,85402.086769,12,159.65,16.30
FULL,3033,6500,0.1029,84282.362273,12,159.53,16.30
FULL,3033,6600,0.1029,83114.377450,12,159.42,16.30
FULL,3033,6700,0.1029,81900.523041,12,159.31,16.30
FULL,3033,6800,0.1029,80643.451035,12,159.20,16.30
FULL,3033,6900,0.1029,79346.051704,12,159.08,16.30
FULL,3033,7000,0.1028,78011.427478,12,158.97,16.30
FULL,3033,7100,0.1028,76642.864156,12,158.86,16.30
FULL,3033,7200,0.1028,75243.800053,12,158.75,16.30
FULL,3033,7300,0.1028,73817.793710,12,158.63,16.30
FULL,3033,7400,0.1028,72368.490749,12,158.52,16.30
FULL,3033,7500,0.1028,70899.590599,12,158.41,16.30
FULL,3033,7600,0.1027,69414.813644,12,158.30,16.30
FULL,3033,7700,0.1027,67917.869397,12,158.19,16.30
FULL,3033,7800,0.1027,66412.426236,12,158.08,16.30
FULL,3033,7900,0.1027,64902.083136,12,157.96,16.30
FULL,3033,8000,0.1027,63390.343807,12,157.85,16.30
FULL,3033,8100,0.1027,61880.593501,12,157.74,16.30
FULL,3033,8200,0.1026,60376.078721,12,157.63,16.30
FULL,3033,8300,0.1026,58879.889969,12,157.52,16.30
FULL,3033,8400,0.1026,57394.947524,12,157.41,16.30
FULL,3033,8500,0.1026,55923.990316,12,157.30,16.30
FULL,3033,8600,0.1026,54469.567703,12,157.19,16.30
FULL,3033,8700,0.1026,53034.034075,12,157.08,16.30
FULL,3033,8800,0.1025,51619.546070,12,156.97,16.30
FULL,3033,8900,0.1025,50228.062158,12,156.86,16.30
FULL,3033,9000,0.1025,48861.344390,12,156.75,16.30
FULL,3033,9100,0.1025,47520.961982,12,156.64,16.30
FULL,3033,9200,0.1024,46208.296547,12,156.54,16.30
FULL,3033,9300,0.1024,44924.548626,12,156.43,16.30
FULL,3033,9400,0.1024,43670.745338,12,156.32,16.30
FULL,3033,9500,0.1024,42447.748848,12,156.21,16.30
FULL,3033,9600,0.1023,41256.265471,12,156.10,16.30
FULL,3033,9700,0.1023,40096.855182,12,156.00,16.30
FULL,3033,9800,0.1023,38969.941368,12,155.89,16.30
FULL,3033,9900,0.1023,37875.820662,12,155.78,16.30
FREE,3033,0,0.0985,0.000000,12,1000.00,10.87
FREE,3033,100,0.1231,N/A,12,1000.00,10.87
FREE,3033,200,0.1231,N/A,12,1000.00,10.87
FREE,3033,300,0.1231,N/A,12,1000.00,10.87
FREE,3033,400,0.1231,N/A,12,1000.00,10.87
FREE,3033,500,0.1231,N/A,12,1000.00,10.87
FREE,3033,600,0.1231,N/A,12,1000.00,10.87
FREE,3033,700,0.1231,N/A,12,1000.00,10.87
FREE,3033,800,0.1231,N/A,12,1000.00,10.87
FREE,3033,900,0.1231,N/A,12,1000.00,10.87
FREE,3033,1000,0.1231,N/A,12,1000.00,10.87
FREE,3033,1100,0.1231,N/A,12,1000.00,10.87
FREE,3033,1200,0.1231,N/A,12,1000.00,10.87
FREE,3033,1300,0.1231,N/A,12,1000.00,10.87
FREE,3033,1400,0.1231,N/A,12,1000.00,10.87
FREE,3033,1500,0.1231,N/A,12,1000.00,10.87
FREE,3033,1600,0.1231,N/A,12,1000.00,10.87
FREE,3033,1700,0.1231,N/A,12,1000.00,10.87
FREE,3033,1800,0.1231,N/A,12,1000.00,10.87
FREE,3033,1900,0.1231,N/A,12,1000.00,10.87
FREE,3033,2000,0.1231,N/A,12,1000.00,10.87
FREE,3033,2100,0.1231,N/A,12,1000.00,10.87
FREE,3033,2200,0.1231,N/A,12,1000.00,10.87
FREE,3033,2300,0.1231,N/A,12,1000.00,10.87
FREE,3033,2400,0.1231,N/A,12,1000.00,10.87
FREE,3033,2500,0.1231,N/A,12,1000.00,10.87
FREE,3033,2600,0.1231,N/A,12,1000.00,10.87
FREE,3033,2700,0.1231,N/A,12,1000.00,10.87
FREE,3033,2800,0.1231,N/A,12,1000.00,10.87
FREE,3033,2900,0.1231,N/A,12,1000.00,10.87
FREE,3033,3000,0.1231,N/A,12,1000.00,10.87
FREE,3033,3100,0.1231,N/A,12,1000.00,10.87
FREE,3033,3200,0.1231,N/A,12,1000.00,10.87
FREE,3033,3300,0.1231,N/A,12,1000.00,10.87
FREE,3033,3400,0.1231,N/A,12,1000.00,10.87
FREE,3033,3500,0.1231,N/A,12,1000.00,10.87
FREE,3033,3600,0.1231,N/A,12,1000.00,10.87
FREE,3033,3700,0.1231,N/A,12,1000.00,10.87
FREE,3033,3800,0.1231,N/A,12,1000.00,10.87
FREE,3033,3900,0.1231,N/A,12,1000.00,10.87
FREE,3033,4000,0.1231,N/A,12,1000.00,10.87
FREE,3033,4100,0.1231,N/A,12,1000.00,10.87
FREE,3033,4200,0.1231,N/A,12,1000.00,10.87
FREE,3033,4300,0.1231,N/A,12,1000.00,10.87
FREE,3033,4400,0.1231,N/A,12,1000.00,10.87
FREE,3033,4500,0.1231,N/A,12,1000.00,10.87
FREE,3033,4600,0.1231,N/A,12,1000.00,10.87
FREE,3033,4700,0.1231,N/A,12,1000.00,10.87
FREE,3033,4800,0.1231,N/A,12,1000.00,10.87
FREE,3033,4900,0.1231,N/A,12,1000.00,10.87
FREE,3033,5000,0.1231,N/A,12,1000.00,10.87
FREE,3033,5100,0.1231,N/A,12,1000.00,10.87
FREE,3033,5200,0.1231,N/A,12,1000.00,10.87
FREE,3033,5300,0.1231,N/A,12,1000.00,10.87
FREE,3033,5400,0.1231,N/A,12,1000.00,10.87
FREE,3033,5500,0.1231,N/A,12,1000.00,10.87
FREE,3033,5600,0.1231,N/A,12,1000.00,10.87
FREE,3033,5700,0.1231,N/A,12,1000.00,10.87
FREE,3033,5800,0.1231,N/A,12,1000.00,10.87
FREE,3033,5900,0.1231,N/A,12,1000.00,10.87
FREE,3033,6000,0.1231,N/A,12,1000.00,10.87
FREE,3033,6100,0.1231,N/A,12,1000.00,10.87
FREE,3033,6200,0.1231,N/A,12,1000.00,10.87
FREE,3033,6300,0.1231,N/A,12,1000.00,10.87
FREE,3033,6400,0.1231,N/A,12,1000.00,10.87
FREE,3033,6500,0.1231,N/A,12,1000.00,10.87
FREE,3033,6600,0.1231,N/A,12,1000.00,10.87
FREE,3033,6700,0.1231,N/A,12,1000.00,10.87
FREE,3033,6800,0.1231,N/A,12,1000.00,10.87
FREE,3033,6900,0.1231,N/A,12,1000.00,10.87
FREE,3033,7000,0.1231,N/A,12,1000.00,10.87
FREE,3033,7100,0.1231,N/A,12,1000.00,10.87
FREE,3033,7200,0.1231,N/A,12,1000.00,10.87
FREE,3033,7300,0.1231,N/A,12,1000.00,10.87
FREE,3033,7400,0.1231,N/A,12,1000.00,10.87
FREE,3033,7500,0.1231,N/A,12,1000.00,10.87
FREE,3033,7600,0.1231,N/A,12,1000.00,10.87
FREE,3033,7700,0.1231,N/A,12,1000.00,10.87
FREE,3033,7800,0.1231,N/A,12,1000.00,10.87
FREE,3033,7900,0.1231,N/A,12,1000.00,10.87
FREE,3033,8000,0.1231,N/A,12,1000.00,10.87
FREE,3033,8100,0.1231,N/A,12,1000.00,10.87
FREE,3033,8200,0.1231,N/A,12,1000.00,10.87
FREE,3033,8300,0.1231,N/A,12,1000.00,10.87
FREE,3033,8400,0.1231,N/A,12,1000.00,10.87
FREE,3033,8500,0.1231,N/A,12,1000.00,10.87
FREE,3033,8600,0.1231,N/A,12,1000.00,10.87
FREE,3033,8700,0.1231,N/A,12,1000.00,10.87
FREE,3033,8800,0.1231,N/A,12,1000.00,10.87
FREE,3033,8900,0.1231,N/A,12,1000.00,10.87
FREE,3033,9000,0.1231,N/A,12,1000.00,10.87
FREE,3033,9100,0.1231,N/A,12,1000.00,10.87
FREE,3033,9200,0.1231,N/A,12,1000.00,10.87
FREE,3033,9300,0.1231,N/A,12,1000.00,10.87
FREE,3033,9400,0.1231,N/A,12,1000.00,10.87
FREE,3033,9500,0.1231,N/A,12,1000.00,10.87
FREE,3033,9600,0.1231,N/A,12,1000.00,10.87
FREE,3033,9700,0.1231,N/A,12,1000.00,10.87
FREE,3033,9800,0.1231,N/A,12,1000.00,10.87
FREE,3033,9900,0.1231,N/A,12,1000.00,10.87
ENERGY_ONLY,3033,0,0.0963,0.104830,12,199.88,10.87
ENERGY_ONLY,3033,100,0.1191,1028.508831,12,188.04,10.87
ENERGY_ONLY,3033,200,0.1179,1023.915819,12,176.19,10.87
ENERGY_ONLY,3033,300,0.1167,994.549509,12,164.35,10.87
ENERGY_ONLY,3033,400,0.1154,911.045360,12,152.53,10.87
ENERGY_ONLY,3033,500,0.1139,757.383450,12,140.72,10.87
ENERGY_ONLY,3033,600,0.1121,563.624117,12,128.92,10.87
ENERGY_ONLY,3033,700,0.1096,390.564965,12,117.15,10.87
ENERGY_ONLY,3033,800,0.1061,275.259456,12,105.40,10.87
ENERGY_ONLY,3033,900,0.1015,216.083420,12,93.69,10.87
ENERGY_ONLY,3033,1000,0.0979,974.825409,12,83.80,10.87
ENERGY_ONLY,3033,1100,0.0969,848.691640,12,77.22,10.87
ENERGY_ONLY,3033,1200,0.0958,718.997162,12,70.65,10.87
ENERGY_ONLY,3033,1300,0.0945,594.837899,12,64.09,10.87
ENERGY_ONLY,3033,1400,0.0930,483.145484,12,57.54,10.87
ENERGY_ONLY,3033,1500,0.0911,387.789694,12,51.01,10.87
ENERGY_ONLY,3033,1600,0.0888,309.760633,12,44.50,10.87
ENERGY_ONLY,3033,1700,0.0861,247.971468,12,38.02,10.87
ENERGY_ONLY,3033,1800,0.0828,200.195699,12,31.56,10.87
ENERGY_ONLY,3033,1900,0.0790,163.838493,12,25.13,10.87
ENERGY_ONLY,3033,2000,0.0747,136.429892,12,18.75,10.87
ENERGY_ONLY,3033,2100,0.0699,115.861108,12,12.40,10.87
ENERGY_ONLY,3033,2200,0.0649,100.444106,12,6.11,10.87
ENERGY_ONLY,3033,2300,0.0601,297.878081,12,0.39,10.87
ENERGY_ONLY,3033,2400,0.0599,N/A,12,0.09,10.87
ENERGY_ONLY,3033,2500,0.0599,N/A,12,0.09,10.87
ENERGY_ONLY,3033,2600,0.0599,N/A,12,0.09,10.87
ENERGY_ONLY,3033,2700,0.0599,N/A,12,0.09,10.87
ENERGY_ONLY,3033,2800,0.0599,N/A,12,0.09,10.87
ENERGY_ONLY,3033,2900,0.0599,N/A,12,0.09,10.87
ENERGY_ONLY,3033,3000,0.0599,N/A,12,0.09,10.87
ENERGY_ONLY,3033,3100,0.0599,N/A,12,0.09,10.87
ENERGY_ONLY,3033,3200,0.0599,N/A,12,0.09,10.87
ENERGY_ONLY,3033,3300,0.0599,N/A,12,0.09,10.87
ENERGY_ONLY,3033,3400,0.0599,N/A,12,0.09,10.87
ENERGY_ONLY,3033,3500,0.0599,N/A,12,0.09,10.87
ENERGY_ONLY,3033,3600,0.0599,N/A,12,0.09,10.87
ENERGY_ONLY,3033,3700,0.0599,N/A,12,0.09,10.87
ENERGY_ONLY,3033,3800,0.0599,N/A,12,0.09,10.87
ENERGY_ONLY,3033,3900,0.0599,N/A,12,0.09,10.87
ENERGY_ONLY,3033,4000,0.0599,N/A,12,0.09,10.87
ENERGY_ONLY,3033,4100,0.0599,N/A,12,0.09,10.87
ENERGY_ONLY,3033,4200,0.0599,N/A,12,0.09,10.87
ENERGY_ONLY,3033,4300,0.0599,N/A,12,0.09,10.87
ENERGY_ONLY,3033,4400,0.0599,N/A,12,0.09,10.87
ENERGY_ONLY,3033,4500,0.0599,N/A,12,0.09,10.87
ENERGY_ONLY,3033,4600,0.0599,N/A,12,0.09,10.87
ENERGY_ONLY,3033,4700,0.0599,N/A,12,0.09,10.87
ENERGY_ONLY,3033,4800,0.0599,N/A,12,0.09,10.87
ENERGY_ONLY,3033,4900,0.0599,N/A,12,0.09,10.87
ENERGY_ONLY,3033,5000,0.0599,N/A,12,0.04,10.87
ENERGY_ONLY,3033,5100,0.0598,N/A,12,0.04,10.87
ENERGY_ONLY,3033,5200,0.0598,N/A,12,0.04,10.87
ENERGY_ONLY,3033,5300,0.0598,N/A,12,0.04,10.87
ENERGY_ONLY,3033,5400,0.0598,N/A,12,0.04,10.87
ENERGY_ONLY,3033,5500,0.0598,N/A,12,0.04,10.87
ENERGY_ONLY,3033,5600,0.0598,N/A,12,0.04,10.87
ENERGY_ONLY,3033,5700,0.0598,N/A,12,0.04,10.87
ENERGY_ONLY,3033,5800,0.0598,N/A,12,0.04,10.87
ENERGY_ONLY,3033,5900,0.0598,N/A,12,0.04,10.87
ENERGY_ONLY,3033,6000,0.0598,N/A,12,0.04,10.87
ENERGY_ONLY,3033,6100,0.0598,N/A,12,0.04,10.87
ENERGY_ONLY,3033,6200,0.0598,N/A,12,0.04,10.87
ENERGY_ONLY,3033,6300,0.0598,N/A,12,0.00,10.87
ENERGY_ONLY,3033,6400,0.0598,N/A,12,0.00,10.87
ENERGY_ONLY,3033,6500,0.0598,N/A,12,0.00,10.87
ENERGY_ONLY,3033,6600,0.0598,N/A,12,0.00,10.87
ENERGY_ONLY,3033,6700,0.0598,N/A,12,0.00,10.87
ENERGY_ONLY,3033,6800,0.0598,N/A,12,0.00,10.87
ENERGY_ONLY,3033,6900,0.0598,N/A,12,0.00,10.87
ENERGY_ONLY,3033,7000,0.0598,N/A,12,0.00,10.87
ENERGY_ONLY,3033,7100,0.0598,N/A,12,0.00,10.87
ENERGY_ONLY,3033,7200,0.0598,N/A,12,0.00,10.87
ENERGY_ONLY,3033,7300,0.0598,N/A,12,0.00,10.87
ENERGY_ONLY,3033,7400,0.0598,N/A,12,0.00,10.87
ENERGY_ONLY,3033,7500,0.0598,N/A,12,0.00,10.87
ENERGY_ONLY,3033,7600,0.0598,N/A,12,0.00,10.87
ENERGY_ONLY,3033,7700,0.0598,N/A,12,0.00,10.87
ENERGY_ONLY,3033,7800,0.0598,N/A,12,0.00,10.87
ENERGY_ONLY,3033,7900,0.0598,N/A,12,0.00,10.87
ENERGY_ONLY,3033,8000,0.0598,N/A,12,0.00,10.87
ENERGY_ONLY,3033,8100,0.0598,N/A,12,0.00,10.87
ENERGY_ONLY,3033,8200,0.0598,N/A,12,0.00,10.87
ENERGY_ONLY,3033,8300,0.0598,N/A,12,0.00,10.87
ENERGY_ONLY,3033,8400,0.0598,N/A,12,0.00,10.87
ENERGY_ONLY,3033,8500,0.0598,N/A,12,0.00,10.87
ENERGY_ONLY,3033,8600,0.0598,N/A,12,0.00,10.87
ENERGY_ONLY,3033,8700,0.0598,N/A,12,0.00,10.87
ENERGY_ONLY,3033,8800,0.0598,N/A,12,0.00,10.87
ENERGY_ONLY,3033,8900,0.0598,N/A,12,0.00,10.87
ENERGY_ONLY,3033,9000,0.0598,N/A,12,0.00,10.87
ENERGY_ONLY,3033,9100,0.0598,N/A,12,0.00,10.87
ENERGY_ONLY,3033,9200,0.0598,N/A,12,0.00,10.87
ENERGY_ONLY,3033,9300,0.0598,N/A,12,0.00,10.87
ENERGY_ONLY,3033,9400,0.0598,N/A,12,0.00,10.87
ENERGY_ONLY,3033,9500,0.0598,N/A,12,0.00,10.87
ENERGY_ONLY,3033,9600,0.0598,N/A,12,0.00,10.87
ENERGY_ONLY,3033,9700,0.0598,N/A,12,0.00,10.87
ENERGY_ONLY,3033,9800,0.0598,N/A,12,0.00,10.87
ENERGY_ONLY,3033,9900,0.0598,N/A,12,0.00,10.87
FULL,4030,0,0.0980,0.104910,12,200.00,12.74
FULL,4030,100,0.1099,92.479678,12,167.91,9.30
FULL,4030,200,0.1133,974.022323,12,169.87,8.99
FULL,4030,300,0.1137,2572.031312,12,170.13,9.12
FULL,4030,400,0.1139,2799.623282,12,170.34,9.12
FULL,4030,500,0.1142,3074.411223,12,170.55,9.11
FULL,4030,600,0.1143,3396.409116,12,170.76,8.69
FULL,4030,700,0.1145,3762.971682,12,170.97,7.26
FULL,4030,800,0.1149,4175.919327,12,171.17,6.47
FULL,4030,900,0.1146,4489.764353,12,171.37,5.68
FULL,4030,1000,0.1031,254.163613,12,138.35,4.91
FULL,4030,1100,0.1041,4531.846803,12,138.88,4.58
FULL,4030,1200,0.1043,6520.445282,12,139.40,4.51
FULL,4030,1300,0.1045,7554.013134,12,139.92,4.49
FULL,4030,1400,0.1046,8697.659505,12,140.43,4.49
FULL,4030,1500,0.1047,9945.416975,12,140.95,4.49
FULL,4030,1600,0.1048,11270.338714,12,141.47,4.49
FULL,4030,1700,0.1049,12635.859437,12,141.98,4.49
FULL,4030,1800,0.1050,13997.847365,12,142.49,4.49
FULL,4030,1900,0.1051,15308.539186,12,143.01,4.49
FULL,4030,2000,0.1052,16522.019512,12,143.52,4.49
FULL,4030,2100,0.1052,17600.152929,12,144.03,4.49
FULL,4030,2200,0.1053,18517.404482,12,144.54,4.49
FULL,4030,2300,0.1053,19263.196721,12,145.05,4.49
FULL,4030,2400,0.1054,19841.319808,12,145.56,4.49
FULL,4030,2500,0.1055,20266.947398,12,146.07,4.49
FULL,4030,2600,0.1055,20562.455925,12,146.58,4.49
FULL,4030,2700,0.1056,20753.276463,12,147.09,4.49
FULL,4030,2800,0.1056,20864.600533,12,147.59,4.49
FULL,4030,2900,0.1057,20919.243480,12,148.10,4.49
FULL,4030,3000,0.1057,20936.580382,12,148.61,4.49
FULL,4030,3100,0.1058,20932.281665,12,149.11,4.49
FULL,4030,3200,0.1058,20918.546339,12,149.62,4.40
FULL,4030,3300,0.1059,14208006530.377918,12,150.05,4.41
FULL,4030,3400,0.1059,N/A,12,150.05,4.38
FULL,4030,3500,0.1059,N/A,12,150.05,4.37
FULL,4030,3600,0.1059,N/A,12,150.05,4.37
FULL,4030,3700,0.1059,N/A,12,150.05,4.37
FULL,4030,3800,0.1059,N/A,12,150.05,4.37
FULL,4030,3900,0.1059,N/A,12,150.05,4.37
FULL,4030,4000,0.1059,N/A,12,150.05,4.37
FULL,4030,4100,0.1059,N/A,12,150.05,4.37
FULL,4030,4200,0.1059,N/A,12,150.05,4.37
FULL,4030,4300,0.1059,N/A,12,150.05,4.37
FULL,4030,4400,0.1059,N/A,12,150.05,4.37
FULL,4030,4500,0.1059,N/A,12,150.05,4.37
FULL,4030,4600,0.1059,N/A,12,150.05,4.37
FULL,4030,4700,0.1059,N/A,12,150.05,4.37
FULL,4030,4800,0.1059,N/A,12,150.05,4.37
FULL,4030,4900,0.1059,N/A,12,150.05,4.37
FULL,4030,5000,0.1059,N/A,12,150.05,4.37
FULL,4030,5100,0.1059,N/A,12,150.05,4.37
FULL,4030,5200,0.1059,N/A,12,150.05,4.37
FULL,4030,5300,0.1059,N/A,12,150.05,4.37
FULL,4030,5400,0.1059,N/A,12,150.05,4.37
FULL,4030,5500,0.1059,N/A,12,150.05,4.37
FULL,4030,5600,0.1059,N/A,12,150.05,4.37
FULL,4030,5700,0.1059,N/A,12,150.05,4.37
FULL,4030,5800,0.1059,N/A,12,150.05,4.37
FULL,4030,5900,0.1059,N/A,12,150.05,4.37
FULL,4030,6000,0.1059,N/A,12,150.05,4.37
FULL,4030,6100,0.1059,N/A,12,150.05,4.37
FULL,4030,6200,0.1059,N/A,12,150.05,4.37
FULL,4030,6300,0.1059,N/A,12,150.05,4.37
FULL,4030,6400,0.1059,N/A,12,150.05,4.37
FULL,4030,6500,0.1059,N/A,12,150.05,4.37
FULL,4030,6600,0.1059,N/A,12,150.05,4.37
FULL,4030,6700,0.1059,N/A,12,150.05,4.37
FULL,4030,6800,0.1059,N/A,12,150.05,4.37
FULL,4030,6900,0.1059,N/A,12,150.05,4.37
FULL,4030,7000,0.1059,N/A,12,150.05,4.37
FULL,4030,7100,0.1059,N/A,12,150.05,4.37
FULL,4030,7200,0.1059,N/A,12,150.05,4.37
FULL,4030,7300,0.1059,N/A,12,150.05,4.37
FULL,4030,7400,0.1059,N/A,12,150.05,4.37
FULL,4030,7500,0.1059,N/A,12,150.05,4.37
FULL,4030,7600,0.1059,N/A,12,150.05,4.37
FULL,4030,7700,0.1059,N/A,12,150.05,4.37
FULL,4030,7800,0.1059,N/A,12,150.05,4.37
FULL,4030,7900,0.1059,N/A,12,150.05,4.37
FULL,4030,8000,0.1059,N/A,12,150.05,4.37
FULL,4030,8100,0.1059,N/A,12,150.05,4.37
FULL,4030,8200,0.1059,N/A,12,150.05,4.37
FULL,4030,8300,0.1059,N/A,12,150.05,4.37
FULL,4030,8400,0.1059,N/A,12,150.05,4.37
FULL,4030,8500,0.1059,N/A,12,150.05,4.37
FULL,4030,8600,0.1059,N/A,12,150.05,4.37
FULL,4030,8700,0.1059,N/A,12,150.05,4.37
FULL,4030,8800,0.1059,N/A,12,150.05,4.37
FULL,4030,8900,0.1059,N/A,12,150.05,4.37
FULL,4030,9000,0.1059,N/A,12,150.05,4.37
FULL,4030,9100,0.1059,N/A,12,150.05,4.37
FULL,4030,9200,0.1059,N/A,12,150.05,4.37
FULL,4030,9300,0.1059,N/A,12,150.05,4.37
FULL,4030,9400,0.1059,N/A,12,150.05,4.37
FULL,4030,9500,0.1059,N/A,12,150.05,4.37
FULL,4030,9600,0.1059,N/A,12,150.05,4.37
FULL,4030,9700,0.1059,N/A,12,150.05,4.37
FULL,4030,9800,0.1059,N/A,12,150.05,4.37
FULL,4030,9900,0.1059,N/A,12,150.05,4.37
FREE,4030,0,0.0987,0.000000,12,1000.00,12.84
FREE,4030,100,0.1234,N/A,12,1000.00,12.84
FREE,4030,200,0.1234,N/A,12,1000.00,12.84
FREE,4030,300,0.1234,N/A,12,1000.00,12.84
FREE,4030,400,0.1234,N/A,12,1000.00,12.84
FREE,4030,500,0.1234,N/A,12,1000.00,12.84
FREE,4030,600,0.1234,N/A,12,1000.00,12.84
FREE,4030,700,0.1234,N/A,12,1000.00,12.84
FREE,4030,800,0.1234,N/A,12,1000.00,12.84
FREE,4030,900,0.1234,N/A,12,1000.00,12.84
FREE,4030,1000,0.1234,N/A,12,1000.00,12.84
FREE,4030,1100,0.1234,N/A,12,1000.00,12.84
FREE,4030,1200,0.1234,N/A,12,1000.00,12.84
FREE,4030,1300,0.1234,N/A,12,1000.00,12.84
FREE,4030,1400,0.1234,N/A,12,1000.00,12.84
FREE,4030,1500,0.1234,N/A,12,1000.00,12.84
FREE,4030,1600,0.1234,N/A,12,1000.00,12.84
FREE,4030,1700,0.1234,N/A,12,1000.00,12.84
FREE,4030,1800,0.1234,N/A,12,1000.00,12.84
FREE,4030,1900,0.1234,N/A,12,1000.00,12.84
FREE,4030,2000,0.1234,N/A,12,1000.00,12.84
FREE,4030,2100,0.1234,N/A,12,1000.00,12.84
FREE,4030,2200,0.1234,N/A,12,1000.00,12.84
FREE,4030,2300,0.1234,N/A,12,1000.00,12.84
FREE,4030,2400,0.1234,N/A,12,1000.00,12.84
FREE,4030,2500,0.1234,N/A,12,1000.00,12.84
FREE,4030,2600,0.1234,N/A,12,1000.00,12.84
FREE,4030,2700,0.1234,N/A,12,1000.00,12.84
FREE,4030,2800,0.1234,N/A,12,1000.00,12.84
FREE,4030,2900,0.1234,N/A,12,1000.00,12.84
FREE,4030,3000,0.1234,N/A,12,1000.00,12.84
FREE,4030,3100,0.1234,N/A,12,1000.00,12.84
FREE,4030,3200,0.1234,N/A,12,1000.00,12.84
FREE,4030,3300,0.1234,N/A,12,1000.00,12.84
FREE,4030,3400,0.1234,N/A,12,1000.00,12.84
FREE,4030,3500,0.1234,N/A,12,1000.00,12.84
FREE,4030,3600,0.1234,N/A,12,1000.00,12.84
FREE,4030,3700,0.1234,N/A,12,1000.00,12.84
FREE,4030,3800,0.1234,N/A,12,1000.00,12.84
FREE,4030,3900,0.1234,N/A,12,1000.00,12.84
FREE,4030,4000,0.1234,N/A,12,1000.00,12.84
FREE,4030,4100,0.1234,N/A,12,1000.00,12.84
FREE,4030,4200,0.1234,N/A,12,1000.00,12.84
FREE,4030,4300,0.1234,N/A,12,1000.00,12.84
FREE,4030,4400,0.1234,N/A,12,1000.00,12.84
FREE,4030,4500,0.1234,N/A,12,1000.00,12.84
FREE,4030,4600,0.1234,N/A,12,1000.00,12.84
FREE,4030,4700,0.1234,N/A,12,1000.00,12.84
FREE,4030,4800,0.1234,N/A,12,1000.00,12.84
FREE,4030,4900,0.1234,N/A,12,1000.00,12.84
FREE,4030,5000,0.1234,N/A,12,1000.00,12.84
FREE,4030,5100,0.1234,N/A,12,1000.00,12.84
FREE,4030,5200,0.1234,N/A,12,1000.00,12.84
FREE,4030,5300,0.1234,N/A,12,1000.00,12.84
FREE,4030,5400,0.1234,N/A,12,1000.00,12.84
FREE,4030,5500,0.1234,N/A,12,1000.00,12.84
FREE,4030,5600,0.1234,N/A,12,1000.00,12.84
FREE,4030,5700,0.1234,N/A,12,1000.00,12.84
FREE,4030,5800,0.1234,N/A,12,1000.00,12.84
FREE,4030,5900,0.1234,N/A,12,1000.00,12.84
FREE,4030,6000,0.1234,N/A,12,1000.00,12.84
FREE,4030,6100,0.1234,N/A,12,1000.00,12.84
FREE,4030,6200,0.1234,N/A,12,1000.00,12.84
FREE,4030,6300,0.1234,N/A,12,1000.00,12.84
FREE,4030,6400,0.1234,N/A,12,1000.00,12.84
FREE,4030,6500,0.1234,N/A,12,1000.00,12.84
FREE,4030,6600,0.1234,N/A,12,1000.00,12.84
FREE,4030,6700,0.1234,N/A,12,1000.00,12.84
FREE,4030,6800,0.1234,N/A,12,1000.00,12.84
FREE,4030,6900,0.1234,N/A,12,1000.00,12.84
FREE,4030,7000,0.1234,N/A,12,1000.00,12.84
FREE,4030,7100,0.1234,N/A,12,1000.00,12.84
FREE,4030,7200,0.1234,N/A,12,1000.00,12.84
FREE,4030,7300,0.1234,N/A,12,1000.00,12.84
FREE,4030,7400,0.1234,N/A,12,1000.00,12.84
FREE,4030,7500,0.1234,N/A,12,1000.00,12.84
FREE,4030,7600,0.1234,N/A,12,1000.00,12.84
FREE,4030,7700,0.1234,N/A,12,1000.00,12.84
FREE,4030,7800,0.1234,N/A,12,1000.00,12.84
FREE,4030,7900,0.1234,N/A,12,1000.00,12.84
FREE,4030,8000,0.1234,N/A,12,1000.00,12.84
FREE,4030,8100,0.1234,N/A,12,1000.00,12.84
FREE,4030,8200,0.1234,N/A,12,1000.00,12.84
FREE,4030,8300,0.1234,N/A,12,1000.00,12.84
FREE,4030,8400,0.1234,N/A,12,1000.00,12.84
FREE,4030,8500,0.1234,N/A,12,1000.00,12.84
FREE,4030,8600,0.1234,N/A,12,1000.00,12.84
FREE,4030,8700,0.1234,N/A,12,1000.00,12.84
FREE,4030,8800,0.1234,N/A,12,1000.00,12.84
FREE,4030,8900,0.1234,N/A,12,1000.00,12.84
FREE,4030,9000,0.1234,N/A,12,1000.00,12.84
FREE,4030,9100,0.1234,N/A,12,1000.00,12.84
FREE,4030,9200,0.1234,N/A,12,1000.00,12.84
FREE,4030,9300,0.1234,N/A,12,1000.00,12.84
FREE,4030,9400,0.1234,N/A,12,1000.00,12.84
FREE,4030,9500,0.1234,N/A,12,1000.00,12.84
FREE,4030,9600,0.1234,N/A,12,1000.00,12.84
FREE,4030,9700,0.1234,N/A,12,1000.00,12.84
FREE,4030,9800,0.1234,N/A,12,1000.00,12.84
FREE,4030,9900,0.1234,N/A,12,1000.00,12.84
ENERGY_ONLY,4030,0,0.0980,0.104910,12,199.87,12.84
ENERGY_ONLY,4030,100,0.1212,961.850733,12,187.01,12.84
ENERGY_ONLY,4030,200,0.1199,951.919612,12,174.14,12.84
ENERGY_ONLY,4030,300,0.1185,911.326329,12,161.29,12.84
ENERGY_ONLY,4030,400,0.1171,811.331396,12,148.45,12.84
ENERGY_ONLY,4030,500,0.1154,646.472749,12,135.62,12.84
ENERGY_ONLY,4030,600,0.1132,458.837844,12,122.81,12.84
ENERGY_ONLY,4030,700,0.1100,306.031472,12,110.03,12.84
ENERGY_ONLY,4030,800,0.1055,211.585855,12,97.28,12.84
ENERGY_ONLY,4030,900,0.0996,165.459523,12,84.58,12.84
ENERGY_ONLY,4030,1000,0.0951,1003.644371,12,74.36,12.84
ENERGY_ONLY,4030,1100,0.0943,868.700599,12,68.50,12.84
ENERGY_ONLY,4030,1200,0.0933,731.150410,12,62.64,12.84
ENERGY_ONLY,4030,1300,0.0922,601.042669,12,56.79,12.84
ENERGY_ONLY,4030,1400,0.0908,485.462596,12,50.96,12.84
ENERGY_ONLY,4030,1500,0.0891,387.887711,12,45.14,12.84
ENERGY_ONLY,4030,1600,0.0870,308.757766,12,39.34,12.84
ENERGY_ONLY,4030,1700,0.0845,246.525958,12,33.56,12.84
ENERGY_ONLY,4030,1800,0.0815,198.671066,12,27.81,12.84
ENERGY_ONLY,4030,1900,0.0780,162.434658,12,22.09,12.84
ENERGY_ONLY,4030,2000,0.0740,135.256497,12,16.40,12.84
ENERGY_ONLY,4030,2100,0.0697,114.970013,12,10.75,12.84
ENERGY_ONLY,4030,2200,0.0651,99.844294,12,5.15,12.84
ENERGY_ONLY,4030,2300,0.0608,486.542007,12,0.14,12.84
ENERGY_ONLY,4030,2400,0.0608,N/A,12,0.08,12.84
ENERGY_ONLY,4030,2500,0.0608,N/A,12,0.08,12.84
ENERGY_ONLY,4030,2600,0.0608,N/A,12,0.08,12.84
ENERGY_ONLY,4030,2700,0.0608,N/A,12,0.08,12.84
ENERGY_ONLY,4030,2800,0.0608,N/A,12,0.08,12.84
ENERGY_ONLY,4030,2900,0.0608,N/A,12,0.08,12.84
ENERGY_ONLY,4030,3000,0.0608,N/A,12,0.08,12.84
ENERGY_ONLY,4030,3100,0.0608,N/A,12,0.08,12.84
ENERGY_ONLY,4030,3200,0.0608,N/A,12,0.08,12.84
ENERGY_ONLY,4030,3300,0.0608,N/A,12,0.08,12.84
ENERGY_ONLY,4030,3400,0.0608,N/A,12,0.08,12.84
ENERGY_ONLY,4030,3500,0.0608,N/A,12,0.08,12.84
ENERGY_ONLY,4030,3600,0.0608,N/A,12,0.08,12.84
ENERGY_ONLY,4030,3700,0.0608,N/A,12,0.08,12.84
ENERGY_ONLY,4030,3800,0.0608,N/A,12,0.08,12.84
ENERGY_ONLY,4030,3900,0.0608,N/A,12,0.08,12.84
ENERGY_ONLY,4030,4000,0.0608,N/A,12,0.08,12.84
ENERGY_ONLY,4030,4100,0.0608,N/A,12,0.08,12.84
ENERGY_ONLY,4030,4200,0.0608,N/A,12,0.08,12.84
ENERGY_ONLY,4030,4300,0.0608,N/A,12,0.08,12.84
ENERGY_ONLY,4030,4400,0.0608,N/A,12,0.08,12.84
ENERGY_ONLY,4030,4500,0.0608,N/A,12,0.08,12.84
ENERGY_ONLY,4030,4600,0.0608,N/A,12,0.08,12.84
ENERGY_ONLY,4030,4700,0.0608,N/A,12,0.08,12.84
ENERGY_ONLY,4030,4800,0.0608,N/A,12,0.08,12.84
ENERGY_ONLY,4030,4900,0.0608,N/A,12,0.08,12.84
ENERGY_ONLY,4030,5000,0.0608,N/A,12,0.03,12.84
ENERGY_ONLY,4030,5100,0.0607,N/A,12,0.03,12.84
ENERGY_ONLY,4030,5200,0.0607,N/A,12,0.03,12.84
ENERGY_ONLY,4030,5300,0.0607,N/A,12,0.03,12.84
ENERGY_ONLY,4030,5400,0.0607,N/A,12,0.03,12.84
ENERGY_ONLY,4030,5500,0.0607,N/A,12,0.03,12.84
ENERGY_ONLY,4030,5600,0.0607,N/A,12,0.03,12.84
ENERGY_ONLY,4030,5700,0.0607,N/A,12,0.03,12.84
ENERGY_ONLY,4030,5800,0.0607,N/A,12,0.03,12.84
ENERGY_ONLY,4030,5900,0.0607,N/A,12,0.03,12.84
ENERGY_ONLY,4030,6000,0.0607,N/A,12,0.03,12.84
ENERGY_ONLY,4030,6100,0.0607,N/A,12,0.03,12.84
ENERGY_ONLY,4030,6200,0.0607,N/A,12,0.03,12.84
ENERGY_ONLY,4030,6300,0.0607,N/A,12,0.03,12.84
ENERGY_ONLY,4030,6400,0.0607,N/A,12,0.03,12.84
ENERGY_ONLY,4030,6500,0.0607,N/A,12,0.03,12.84
ENERGY_ONLY,4030,6600,0.0607,N/A,12,0.03,12.84
ENERGY_ONLY,4030,6700,0.0607,N/A,12,0.03,12.84
ENERGY_ONLY,4030,6800,0.0607,N/A,12,0.03,12.84
ENERGY_ONLY,4030,6900,0.0607,N/A,12,0.03,12.84
ENERGY_ONLY,4030,7000,0.0607,N/A,12,0.03,12.84
ENERGY_ONLY,4030,7100,0.0607,N/A,12,0.03,12.84
ENERGY_ONLY,4030,7200,0.0607,N/A,12,0.03,12.84
ENERGY_ONLY,4030,7300,0.0607,N/A,12,0.03,12.84
ENERGY_ONLY,4030,7400,0.0607,N/A,12,0.03,12.84
ENERGY_ONLY,4030,7500,0.0607,N/A,12,0.03,12.84
ENERGY_ONLY,4030,7600,0.0607,N/A,12,0.03,12.84
ENERGY_ONLY,4030,7700,0.0607,N/A,12,0.03,12.84
ENERGY_ONLY,4030,7800,0.0607,N/A,12,0.03,12.84
ENERGY_ONLY,4030,7900,0.0607,N/A,12,0.03,12.84
ENERGY_ONLY,4030,8000,0.0607,N/A,12,0.03,12.84
ENERGY_ONLY,4030,8100,0.0607,N/A,12,0.03,12.84
ENERGY_ONLY,4030,8200,0.0607,N/A,12,0.03,12.84
ENERGY_ONLY,4030,8300,0.0607,N/A,12,0.03,12.84
ENERGY_ONLY,4030,8400,0.0607,N/A,12,0.00,12.84
ENERGY_ONLY,4030,8500,0.0607,N/A,12,0.00,12.84
ENERGY_ONLY,4030,8600,0.0607,N/A,12,0.00,12.84
ENERGY_ONLY,4030,8700,0.0607,N/A,12,0.00,12.84
ENERGY_ONLY,4030,8800,0.0607,N/A,12,0.00,12.84
ENERGY_ONLY,4030,8900,0.0607,N/A,12,0.00,12.84
ENERGY_ONLY,4030,9000,0.0607,N/A,12,0.00,12.84
ENERGY_ONLY,4030,9100,0.0607,N/A,12,0.00,12.84
ENERGY_ONLY,4030,9200,0.0607,N/A,12,0.00,12.84
ENERGY_ONLY,4030,9300,0.0607,N/A,12,0.00,12.84
ENERGY_ONLY,4030,9400,0.0607,N/A,12,0.00,12.84
ENERGY_ONLY,4030,9500,0.0607,N/A,12,0.00,12.84
ENERGY_ONLY,4030,9600,0.0607,N/A,12,0.00,12.84
ENERGY_ONLY,4030,9700,0.0607,N/A,12,0.00,12.84
ENERGY_ONLY,4030,9800,0.0607,N/A,12,0.00,12.84
ENERGY_ONLY,4030,9900,0.0607,N/A,12,0.00,12.84
FULL,5027,0,0.0926,0.104673,12,200.00,12.19
FULL,5027,100,0.1173,51265.119451,12,199.81,9.72
FULL,5027,200,0.1173,34699.268847,12,199.52,9.66
FULL,5027,300,0.1173,34776.935492,12,199.17,9.67
FULL,5027,400,0.1172,34855.890332,12,198.83,9.71
FULL,5027,500,0.1172,34936.086123,12,198.48,9.76
FULL,5027,600,0.1172,35017.469787,12,198.14,9.82
FULL,5027,700,0.1049,789.063390,12,166.08,12.22
FULL,5027,800,0.1082,1459.689653,12,165.97,12.09
FULL,5027,900,0.1069,66286.427171,12,165.85,12.42
FULL,5027,1000,0.1071,91742.153052,12,165.73,14.11
FULL,5027,1100,0.1043,1207.233140,12,165.60,13.60
FULL,5027,1200,0.1041,17022.682432,12,165.48,12.85
FULL,5027,1300,0.1041,61312.012253,12,165.36,12.75
FULL,5027,1400,0.1041,90138.597653,12,165.24,12.73
FULL,5027,1500,0.1041,90717.194616,12,165.12,12.73
FULL,5027,1600,0.1041,91046.735066,12,165.00,12.73
FULL,5027,1700,0.1041,91377.795936,12,164.88,12.73
FULL,5027,1800,0.1040,91709.724623,12,164.75,12.73
FULL,5027,1900,0.1040,92041.803018,12,164.63,12.73
FULL,5027,2000,0.1040,92373.243287,12,164.51,12.73
FULL,5027,2100,0.1040,92703.183644,12,164.39,12.73
FULL,5027,2200,0.1040,93030.684093,12,164.27,12.73
FULL,5027,2300,0.1040,93354.722284,12,164.15,12.73
FULL,5027,2400,0.1040,93674.189439,12,164.03,12.73
FULL,5027,2500,0.1040,93987.886474,12,163.91,12.73
FULL,5027,2600,0.1040,94294.520416,12,163.79,12.73
FULL,5027,2700,0.1039,94592.701115,12,163.67,12.73
FULL,5027,2800,0.1039,94880.938480,12,163.55,12.73
FULL,5027,2900,0.1039,95157.640269,12,163.43,12.73
FULL,5027,3000,0.1039,95421.110554,12,163.31,12.73
FULL,5027,3100,0.1039,95669.549021,12,163.19,12.73
FULL,5027,3200,0.1039,95901.051330,12,163.07,12.73
FULL,5027,3300,0.1039,96113.610494,12,162.96,12.73
FULL,5027,3400,0.1039,96305.119674,12,162.84,12.73
FULL,5027,3500,0.1039,96473.376358,12,162.72,12.73
FULL,5027,3600,0.1038,96616.088218,12,162.60,12.73
FULL,5027,3700,0.1038,96730.880761,12,162.48,12.73
FULL,5027,3800,0.1038,96815.306920,12,162.36,12.73
FULL,5027,3900,0.1038,96866.858718,12,162.24,12.73
FULL,5027,4000,0.1038,96882.981156,12,162.12,12.73
FULL,5027,4100,0.1038,96861.088382,12,162.01,12.73
FULL,5027,4200,0.1038,96798.582127,12,161.89,12.73
FULL,5027,4300,0.1038,96692.872550,12,161.77,12.73
FULL,5027,4400,0.1037,96541.401256,12,161.65,12.73
FULL,5027,4500,0.1037,96341.666488,12,161.53,12.73
FULL,5027,4600,0.1037,96091.250264,12,161.42,12.73
FULL,5027,4700,0.1037,95787.847109,12,161.30,12.73
FULL,5027,4800,0.1037,95429.294191,12,161.18,12.73
FULL,5027,4900,0.1037,95013.602229,12,161.06,12.73
FULL,5027,5000,0.1037,94538.986828,12,160.95,12.73
FULL,5027,5100,0.1037,94003.899596,12,160.83,12.73
FULL,5027,5200,0.1037,93407.058302,12,160.71,12.73
FULL,5027,5300,0.1036,92747.475615,12,160.60,12.73
FULL,5027,5400,0.1036,92024.485450,12,160.48,12.73
FULL,5027,5500,0.1036,91237.766405,12,160.36,12.73
FULL,5027,5600,0.1036,90387.361442,12,160.25,12.73
FULL,5027,5700,0.1036,89473.693273,12,160.13,12.73
FULL,5027,5800,0.1036,88497.574779,12,160.01,12.73
FULL,5027,5900,0.1036,87460.214051,12,159.90,12.73
FULL,5027,6000,0.1036,86363.213679,12,159.78,12.73
FULL,5027,6100,0.1035,85208.564100,12,159.66,12.73
FULL,5027,6200,0.1035,83998.630909,12,159.55,12.73
FULL,5027,6300,0.1035,82736.136344,12,159.43,12.73
FULL,5027,6400,0.1035,81424.135176,12,159.32,12.73
FULL,5027,6500,0.1035,80065.985496,12,159.20,12.73
FULL,5027,6600,0.1035,78665.314966,12,159.09,12.73
FULL,5027,6700,0.1035,77225.983315,12,158.97,12.73
FULL,5027,6800,0.1035,75752.041900,12,158.86,12.73
FULL,5027,6900,0.1034,74247.691158,12,158.74,12.73
FULL,5027,7000,0.1034,72717.237036,12,158.63,12.73
FULL,5027,7100,0.1034,71165.047161,12,158.51,12.73
FULL,5027,7200,0.1034,69595.507776,12,158.40,12.73
FULL,5027,7300,0.1034,68012.982214,12,158.28,12.73
FULL,5027,7400,0.1034,66421.771695,12,158.17,12.73
FULL,5027,7500,0.1033,64826.079052,12,158.06,12.73
FULL,5027,7600,0.1033,63229.975955,12,157.94,12.73
FULL,5027,7700,0.1033,61637.373967,12,157.83,12.73
FULL,5027,7800,0.1033,60051.999734,12,157.72,12.73
FULL,5027,7900,0.1033,58477.374424,12,157.60,12.73
FULL,5027,8000,0.1033,56916.797423,12,157.49,12.73
FULL,5027,8100,0.1032,55373.334207,12,157.38,12.73
FULL,5027,8200,0.1032,53849.808189,12,157.26,12.73
FULL,5027,8300,0.1032,52348.796298,12,157.15,12.73
FULL,5027,8400,0.1032,50872.627958,12,157.04,12.73
FULL,5027,8500,0.1032,49423.387129,12,156.93,12.73
FULL,5027,8600,0.1031,48002.916982,12,156.81,12.73
FULL,5027,8700,0.1031,46612.826885,12,156.70,12.73
FULL,5027,8800,0.1031,45254.501239,12,156.59,12.73
FULL,5027,8900,0.1031,43929.109835,12,156.48,12.73
FULL,5027,9000,0.1030,42637.619345,12,156.37,12.73
FULL,5027,9100,0.1030,41380.805655,12,156.26,12.73
FULL,5027,9200,0.1030,40159.266697,12,156.15,12.73
FULL,5027,9300,0.1030,38973.435561,12,156.04,12.73
FULL,5027,9400,0.1029,37823.593639,12,155.93,12.73
FULL,5027,9500,0.1029,36709.883615,12,155.82,12.73
FULL,5027,9600,0.1029,35632.322153,12,155.71,12.73
FULL,5027,9700,0.1028,34590.812146,12,155.60,12.73
FULL,5027,9800,0.1028,33585.154437,12,155.49,12.73
FULL,5027,9900,0.1028,32615.058950,12,155.38,12.73
FREE,5027,0,0.0978,0.000000,12,1000.00,12.12
FREE,5027,100,0.1223,N/A,12,1000.00,12.12
FREE,5027,200,0.1223,N/A,12,1000.00,12.12
FREE,5027,300,0.1223,N/A,12,1000.00,12.12
FREE,5027,400,0.1223,N/A,12,1000.00,12.12
FREE,5027,500,0.1223,N/A,12,1000.00,12.12
FREE,5027,600,0.1223,N/A,12,1000.00,12.12
FREE,5027,700,0.1223,N/A,12,1000.00,12.12
FREE,5027,800,0.1223,N/A,12,1000.00,12.12
FREE,5027,900,0.1223,N/A,12,1000.00,12.12
FREE,5027,1000,0.1223,N/A,12,1000.00,12.12
FREE,5027,1100,0.1223,N/A,12,1000.00,12.12
FREE,5027,1200,0.1223,N/A,12,1000.00,12.12
FREE,5027,1300,0.1223,N/A,12,1000.00,12.12
FREE,5027,1400,0.1223,N/A,12,1000.00,12.12
FREE,5027,1500,0.1223,N/A,12,1000.00,12.12
FREE,5027,1600,0.1223,N/A,12,1000.00,12.12
FREE,5027,1700,0.1223,N/A,12,1000.00,12.12
FREE,5027,1800,0.1223,N/A,12,1000.00,12.12
FREE,5027,1900,0.1223,N/A,12,1000.00,12.12
FREE,5027,2000,0.1223,N/A,12,1000.00,12.12
FREE,5027,2100,0.1223,N/A,12,1000.00,12.12
FREE,5027,2200,0.1223,N/A,12,1000.00,12.12
FREE,5027,2300,0.1223,N/A,12,1000.00,12.12
FREE,5027,2400,0.1223,N/A,12,1000.00,12.12
FREE,5027,2500,0.1223,N/A,12,1000.00,12.12
FREE,5027,2600,0.1223,N/A,12,1000.00,12.12
FREE,5027,2700,0.1223,N/A,12,1000.00,12.12
FREE,5027,2800,0.1223,N/A,12,1000.00,12.12
FREE,5027,2900,0.1223,N/A,12,1000.00,12.12
FREE,5027,3000,0.1223,N/A,12,1000.00,12.12
FREE,5027,3100,0.1223,N/A,12,1000.00,12.12
FREE,5027,3200,0.1223,N/A,12,1000.00,12.12
FREE,5027,3300,0.1223,N/A,12,1000.00,12.12
FREE,5027,3400,0.1223,N/A,12,1000.00,12.12
FREE,5027,3500,0.1223,N/A,12,1000.00,12.12
FREE,5027,3600,0.1223,N/A,12,1000.00,12.12
FREE,5027,3700,0.1223,N/A,12,1000.00,12.12
FREE,5027,3800,0.1223,N/A,12,1000.00,12.12
FREE,5027,3900,0.1223,N/A,12,1000.00,12.12
FREE,5027,4000,0.1223,N/A,12,1000.00,12.12
FREE,5027,4100,0.1223,N/A,12,1000.00,12.12
FREE,5027,4200,0.1223,N/A,12,1000.00,12.12
FREE,5027,4300,0.1223,N/A,12,1000.00,12.12
FREE,5027,4400,0.1223,N/A,12,1000.00,12.12
FREE,5027,4500,0.1223,N/A,12,1000.00,12.12
FREE,5027,4600,0.1223,N/A,12,1000.00,12.12
FREE,5027,4700,0.1223,N/A,12,1000.00,12.12
FREE,5027,4800,0.1223,N/A,12,1000.00,12.12
FREE,5027,4900,0.1223,N/A,12,1000.00,12.12
FREE,5027,5000,0.1223,N/A,12,1000.00,12.12
FREE,5027,5100,0.1223,N/A,12,1000.00,12.12
FREE,5027,5200,0.1223,N/A,12,1000.00,12.12
FREE,5027,5300,0.1223,N/A,12,1000.00,12.12
FREE,5027,5400,0.1223,N/A,12,1000.00,12.12
FREE,5027,5500,0.1223,N/A,12,1000.00,12.12
FREE,5027,5600,0.1223,N/A,12,1000.00,12.12
FREE,5027,5700,0.1223,N/A,12,1000.00,12.12
FREE,5027,5800,0.1223,N/A,12,1000.00,12.12
FREE,5027,5900,0.1223,N/A,12,1000.00,12.12
FREE,5027,6000,0.1223,N/A,12,1000.00,12.12
FREE,5027,6100,0.1223,N/A,12,1000.00,12.12
FREE,5027,6200,0.1223,N/A,12,1000.00,12.12
FREE,5027,6300,0.1223,N/A,12,1000.00,12.12
FREE,5027,6400,0.1223,N/A,12,1000.00,12.12
FREE,5027,6500,0.1223,N/A,12,1000.00,12.12
FREE,5027,6600,0.1223,N/A,12,1000.00,12.12
FREE,5027,6700,0.1223,N/A,12,1000.00,12.12
FREE,5027,6800,0.1223,N/A,12,1000.00,12.12
FREE,5027,6900,0.1223,N/A,12,1000.00,12.12
FREE,5027,7000,0.1223,N/A,12,1000.00,12.12
FREE,5027,7100,0.1223,N/A,12,1000.00,12.12
FREE,5027,7200,0.1223,N/A,12,1000.00,12.12
FREE,5027,7300,0.1223,N/A,12,1000.00,12.12
FREE,5027,7400,0.1223,N/A,12,1000.00,12.12
FREE,5027,7500,0.1223,N/A,12,1000.00,12.12
FREE,5027,7600,0.1223,N/A,12,1000.00,12.12
FREE,5027,7700,0.1223,N/A,12,1000.00,12.12
FREE,5027,7800,0.1223,N/A,12,1000.00,12.12
FREE,5027,7900,0.1223,N/A,12,1000.00,12.12
FREE,5027,8000,0.1223,N/A,12,1000.00,12.12
FREE,5027,8100,0.1223,N/A,12,1000.00,12.12
FREE,5027,8200,0.1223,N/A,12,1000.00,12.12
FREE,5027,8300,0.1223,N/A,12,1000.00,12.12
FREE,5027,8400,0.1223,N/A,12,1000.00,12.12
FREE,5027,8500,0.1223,N/A,12,1000.00,12.12
FREE,5027,8600,0.1223,N/A,12,1000.00,12.12
FREE,5027,8700,0.1223,N/A,12,1000.00,12.12
FREE,5027,8800,0.1223,N/A,12,1000.00,12.12
FREE,5027,8900,0.1223,N/A,12,1000.00,12.12
FREE,5027,9000,0.1223,N/A,12,1000.00,12.12
FREE,5027,9100,0.1223,N/A,12,1000.00,12.12
FREE,5027,9200,0.1223,N/A,12,1000.00,12.12
FREE,5027,9300,0.1223,N/A,12,1000.00,12.12
FREE,5027,9400,0.1223,N/A,12,1000.00,12.12
FREE,5027,9500,0.1223,N/A,12,1000.00,12.12
FREE,5027,9600,0.1223,N/A,12,1000.00,12.12
FREE,5027,9700,0.1223,N/A,12,1000.00,12.12
FREE,5027,9800,0.1223,N/A,12,1000.00,12.12
FREE,5027,9900,0.1223,N/A,12,1000.00,12.12
ENERGY_ONLY,5027,0,0.0926,0.104673,12,199.85,12.12
ENERGY_ONLY,5027,100,0.1143,801.873269,12,185.05,12.12
ENERGY_ONLY,5027,200,0.1128,802.967609,12,170.25,12.12
ENERGY_ONLY,5027,300,0.1113,779.625793,12,155.46,12.12
ENERGY_ONLY,5027,400,0.1097,698.404560,12,140.69,12.12
ENERGY_ONLY,5027,500,0.1079,547.888983,12,125.93,12.12
ENERGY_ONLY,5027,600,0.1054,374.013235,12,111.20,12.12
ENERGY_ONLY,5027,700,0.1017,235.398223,12,96.49,12.12
ENERGY_ONLY,5027,800,0.0961,150.759632,12,81.82,12.12
ENERGY_ONLY,5027,900,0.0884,108.576928,12,67.22,12.12
ENERGY_ONLY,5027,1000,0.0823,1006.174335,12,56.12,12.12
ENERGY_ONLY,5027,1100,0.0817,885.904376,12,51.76,12.12
ENERGY_ONLY,5027,1200,0.0810,758.281944,12,47.40,12.12
ENERGY_ONLY,5027,1300,0.0803,632.723028,12,43.05,12.12
ENERGY_ONLY,5027,1400,0.0793,517.353908,12,38.70,12.12
ENERGY_ONLY,5027,1500,0.0782,417.407150,12,34.37,12.12
ENERGY_ONLY,5027,1600,0.0769,334.855426,12,30.04,12.12
ENERGY_ONLY,5027,1700,0.0752,269.065352,12,25.73,12.12
ENERGY_ONLY,5027,1800,0.0733,217.879977,12,21.44,12.12
ENERGY_ONLY,5027,1900,0.0710,178.597640,12,17.17,12.12
ENERGY_ONLY,5027,2000,0.0684,148.616189,12,12.92,12.12
ENERGY_ONLY,5027,2100,0.0656,125.737846,12,8.70,12.12
ENERGY_ONLY,5027,2200,0.0625,108.243975,12,4.51,12.12
ENERGY_ONLY,5027,2300,0.0597,170.571348,12,0.79,12.12
ENERGY_ONLY,5027,2400,0.0592,N/A,12,0.06,12.12
ENERGY_ONLY,5027,2500,0.0592,N/A,12,0.06,12.12
ENERGY_ONLY,5027,2600,0.0592,N/A,12,0.06,12.12
ENERGY_ONLY,5027,2700,0.0592,N/A,12,0.06,12.12
ENERGY_ONLY,5027,2800,0.0592,N/A,12,0.06,12.12
ENERGY_ONLY,5027,2900,0.0592,N/A,12,0.06,12.12
ENERGY_ONLY,5027,3000,0.0592,N/A,12,0.06,12.12
ENERGY_ONLY,5027,3100,0.0592,N/A,12,0.06,12.12
ENERGY_ONLY,5027,3200,0.0592,N/A,12,0.06,12.12
ENERGY_ONLY,5027,3300,0.0592,N/A,12,0.06,12.12
ENERGY_ONLY,5027,3400,0.0592,N/A,12,0.06,12.12
ENERGY_ONLY,5027,3500,0.0592,N/A,12,0.06,12.12
ENERGY_ONLY,5027,3600,0.0592,N/A,12,0.06,12.12
ENERGY_ONLY,5027,3700,0.0592,N/A,12,0.06,12.12
ENERGY_ONLY,5027,3800,0.0592,N/A,12,0.06,12.12
ENERGY_ONLY,5027,3900,0.0592,N/A,12,0.06,12.12
ENERGY_ONLY,5027,4000,0.0592,N/A,12,0.06,12.12
ENERGY_ONLY,5027,4100,0.0592,N/A,12,0.06,12.12
ENERGY_ONLY,5027,4200,0.0592,N/A,12,0.06,12.12
ENERGY_ONLY,5027,4300,0.0592,N/A,12,0.06,12.12
ENERGY_ONLY,5027,4400,0.0592,N/A,12,0.06,12.12
ENERGY_ONLY,5027,4500,0.0592,N/A,12,0.06,12.12
ENERGY_ONLY,5027,4600,0.0592,N/A,12,0.06,12.12
ENERGY_ONLY,5027,4700,0.0592,N/A,12,0.06,12.12
ENERGY_ONLY,5027,4800,0.0592,N/A,12,0.06,12.12
ENERGY_ONLY,5027,4900,0.0592,N/A,12,0.06,12.12
ENERGY_ONLY,5027,5000,0.0592,N/A,12,0.06,12.12
ENERGY_ONLY,5027,5100,0.0592,N/A,12,0.06,12.12
ENERGY_ONLY,5027,5200,0.0592,N/A,12,0.06,12.12
ENERGY_ONLY,5027,5300,0.0592,N/A,12,0.06,12.12
ENERGY_ONLY,5027,5400,0.0592,N/A,12,0.06,12.12
ENERGY_ONLY,5027,5500,0.0592,N/A,12,0.06,12.12
ENERGY_ONLY,5027,5600,0.0592,N/A,12,0.06,12.12
ENERGY_ONLY,5027,5700,0.0592,N/A,12,0.06,12.12
ENERGY_ONLY,5027,5800,0.0592,N/A,12,0.06,12.12
ENERGY_ONLY,5027,5900,0.0592,N/A,12,0.06,12.12
ENERGY_ONLY,5027,6000,0.0592,N/A,12,0.06,12.12
ENERGY_ONLY,5027,6100,0.0592,N/A,12,0.06,12.12
ENERGY_ONLY,5027,6200,0.0592,N/A,12,0.06,12.12
ENERGY_ONLY,5027,6300,0.0591,N/A,12,0.02,12.12
ENERGY_ONLY,5027,6400,0.0591,N/A,12,0.02,12.12
ENERGY_ONLY,5027,6500,0.0591,N/A,12,0.02,12.12
ENERGY_ONLY,5027,6600,0.0591,N/A,12,0.02,12.12
ENERGY_ONLY,5027,6700,0.0591,N/A,12,0.02,12.12
ENERGY_ONLY,5027,6800,0.0591,N/A,12,0.02,12.12
ENERGY_ONLY,5027,6900,0.0591,N/A,12,0.02,12.12
ENERGY_ONLY,5027,7000,0.0591,N/A,12,0.02,12.12
ENERGY_ONLY,5027,7100,0.0591,N/A,12,0.02,12.12
ENERGY_ONLY,5027,7200,0.0591,N/A,12,0.02,12.12
ENERGY_ONLY,5027,7300,0.0591,N/A,12,0.02,12.12
ENERGY_ONLY,5027,7400,0.0591,N/A,12,0.02,12.12
ENERGY_ONLY,5027,7500,0.0591,N/A,12,0.02,12.12
ENERGY_ONLY,5027,7600,0.0591,N/A,12,0.02,12.12
ENERGY_ONLY,5027,7700,0.0591,N/A,12,0.02,12.12
ENERGY_ONLY,5027,7800,0.0591,N/A,12,0.02,12.12
ENERGY_ONLY,5027,7900,0.0591,N/A,12,0.02,12.12
ENERGY_ONLY,5027,8000,0.0591,N/A,12,0.02,12.12
ENERGY_ONLY,5027,8100,0.0591,N/A,12,0.02,12.12
ENERGY_ONLY,5027,8200,0.0591,N/A,12,0.02,12.12
ENERGY_ONLY,5027,8300,0.0591,N/A,12,0.02,12.12
ENERGY_ONLY,5027,8400,0.0591,N/A,12,0.02,12.12
ENERGY_ONLY,5027,8500,0.0591,N/A,12,0.02,12.12
ENERGY_ONLY,5027,8600,0.0591,N/A,12,0.02,12.12
ENERGY_ONLY,5027,8700,0.0591,N/A,12,0.02,12.12
ENERGY_ONLY,5027,8800,0.0591,N/A,12,0.02,12.12
ENERGY_ONLY,5027,8900,0.0591,N/A,12,0.02,12.12
ENERGY_ONLY,5027,9000,0.0591,N/A,12,0.02,12.12
ENERGY_ONLY,5027,9100,0.0591,N/A,12,0.02,12.12
ENERGY_ONLY,5027,9200,0.0591,N/A,12,0.02,12.12
ENERGY_ONLY,5027,9300,0.0591,N/A,12,0.02,12.12
ENERGY_ONLY,5027,9400,0.0591,N/A,12,0.02,12.12
ENERGY_ONLY,5027,9500,0.0591,N/A,12,0.02,12.12
ENERGY_ONLY,5027,9600,0.0591,N/A,12,0.02,12.12
ENERGY_ONLY,5027,9700,0.0591,N/A,12,0.02,12.12
ENERGY_ONLY,5027,9800,0.0591,N/A,12,0.02,12.12
ENERGY_ONLY,5027,9900,0.0591,N/A,12,0.02,12.12
FULL,6024,0,0.0946,0.104747,12,200.00,10.67
FULL,6024,100,0.1078,155.548650,12,167.83,11.22
FULL,6024,200,0.1088,376.148700,12,167.50,11.49
FULL,6024,300,0.1095,6198.618075,12,167.30,11.44
FULL,6024,400,0.1095,6275.830103,12,167.11,11.38
FULL,6024,500,0.1095,6343.991775,12,166.91,11.44
FULL,6024,600,0.1095,6416.306157,12,166.72,11.49
FULL,6024,700,0.1095,6492.881325,12,166.52,11.62
FULL,6024,800,0.1096,10242.206752,12,166.40,11.73
FULL,6024,900,0.1108,10375.295266,12,166.28,10.74
FULL,6024,1000,0.1118,10693.694686,12,166.14,11.08
FULL,6024,1100,0.1066,163.902831,12,158.38,10.60
FULL,6024,1200,0.1060,369.139609,12,157.04,9.94
FULL,6024,1300,0.1049,1681.969069,12,156.29,9.37
FULL,6024,1400,0.1051,6723.958727,12,156.03,9.18
FULL,6024,1500,0.1051,8265.574280,12,155.92,9.11
FULL,6024,1600,0.1052,8323.485670,12,155.80,9.08
FULL,6024,1700,0.1053,8374.095132,12,155.69,9.07
FULL,6024,1800,0.1053,8428.305393,12,155.57,9.07
FULL,6024,1900,0.1054,8485.819176,12,155.45,9.07
FULL,6024,2000,0.1055,8546.328903,12,155.34,9.07
FULL,6024,2100,0.1055,8609.517123,12,155.22,9.07
FULL,6024,2200,0.1056,8675.057183,12,155.10,9.07
FULL,6024,2300,0.1056,8742.614141,12,154.98,9.07
FULL,6024,2400,0.1057,8811.845950,12,154.86,9.07
FULL,6024,2500,0.1057,8882.404892,12,154.74,9.07
FULL,6024,2600,0.1058,8953.939299,12,154.62,9.07
FULL,6024,2700,0.1058,9026.095517,12,154.50,9.07
FULL,6024,2800,0.1059,9098.520126,12,154.38,9.07
FULL,6024,2900,0.1059,9170.862377,12,154.26,9.07
FULL,6024,3000,0.1059,9242.776829,12,154.14,9.07
FULL,6024,3100,0.1060,9313.926129,12,154.01,9.07
FULL,6024,3200,0.1060,9383.983907,12,153.89,9.07
FULL,6024,3300,0.1060,9452.637721,12,153.77,9.07
FULL,6024,3400,0.1061,9519.591987,12,153.65,9.07
FULL,6024,3500,0.1061,9584.570847,12,153.52,9.07
FULL,6024,3600,0.1061,9647.320891,12,153.40,9.07
FULL,6024,3700,0.1061,9707.613671,12,153.28,9.07
FULL,6024,3800,0.1061,9765.247947,12,153.15,9.07
FULL,6024,3900,0.1061,9820.051603,12,153.03,9.07
FULL,6024,4000,0.1062,9871.883170,12,152.90,9.07
FULL,6024,4100,0.1062,9920.632929,12,152.78,9.07
FULL,6024,4200,0.1062,9966.223547,12,152.66,9.07
FULL,6024,4300,0.1062,10008.610229,12,152.53,9.07
FULL,6024,4400,0.1062,10047.780265,12,152.41,9.07
FULL,6024,4500,0.1062,10083.752570,12,152.28,9.07
FULL,6024,4600,0.1062,10116.576046,12,152.16,9.07
FULL,6024,4700,0.1061,10146.327982,12,152.03,9.07
FULL,6024,4800,0.1061,10173.111947,12,151.91,9.07
FULL,6024,4900,0.1061,10197.055355,12,151.79,9.07
FULL,6024,5000,0.1061,10218.306738,12,151.66,9.07
FULL,6024,5100,0.1061,10237.032814,12,151.54,9.07
FULL,6024,5200,0.1061,10253.415399,12,151.42,9.07
FULL,6024,5300,0.1060,10267.648240,12,151.29,9.07
FULL,6024,5400,0.1060,10279.933816,12,151.17,9.07
FULL,6024,5500,0.1060,10290.480187,12,151.05,9.07
FULL,6024,5600,0.1060,10299.497927,12,150.92,9.07
FULL,6024,5700,0.1059,10307.197199,12,150.80,9.07
FULL,6024,5800,0.1059,10313.784995,12,150.68,9.07
FULL,6024,5900,0.1059,10319.462599,12,150.56,9.07
FULL,6024,6000,0.1058,10324.423267,12,150.44,9.07
FULL,6024,6100,0.1058,10328.850164,12,150.32,9.07
FULL,6024,6200,0.1057,10332.914549,12,150.20,9.07
FULL,6024,6300,0.1057,10336.774223,12,150.08,9.07
FULL,6024,6400,0.1056,10340.572237,12,149.96,9.07
FULL,6024,6500,0.1056,10344.435844,12,149.84,9.07
FULL,6024,6600,0.1055,10348.475699,12,149.72,9.07
FULL,6024,6700,0.1055,10352.785279,12,149.60,9.07
FULL,6024,6800,0.1054,10357.440523,12,149.49,9.07
FULL,6024,6900,0.1054,10362.499665,12,149.37,9.07
FULL,6024,7000,0.1053,10368.003259,12,149.25,9.07
FULL,6024,7100,0.1053,10373.974362,12,149.14,9.07
FULL,6024,7200,0.1052,10380.418873,12,149.02,9.07
FULL,6024,7300,0.1052,10387.326022,12,148.91,9.07
FULL,6024,7400,0.1051,10394.668971,12,148.79,9.07
FULL,6024,7500,0.1050,10402.405545,12,148.68,9.07
FULL,6024,7600,0.1050,10410.479065,12,148.57,9.07
FULL,6024,7700,0.1049,10418.819279,12,148.45,9.07
FULL,6024,7800,0.1049,10427.343392,12,148.34,9.07
FULL,6024,7900,0.1048,10435.957173,12,148.23,9.07
FULL,6024,8000,0.1047,10444.556152,12,148.12,9.07
FULL,6024,8100,0.1047,10453.026884,12,148.01,9.07
FULL,6024,8200,0.1046,10461.248292,12,147.90,9.07
FULL,6024,8300,0.1045,10469.093070,12,147.79,9.07
FULL,6024,8400,0.1045,10476.429151,12,147.68,9.07
FULL,6024,8500,0.1044,10483.121226,12,147.58,9.07
FULL,6024,8600,0.1043,10489.032316,12,147.47,9.07
FULL,6024,8700,0.1042,10494.025377,12,147.37,9.07
FULL,6024,8800,0.1042,10497.964938,12,147.26,9.07
FULL,6024,8900,0.1041,27098.606095,12,147.17,9.07
FULL,6024,9000,0.1041,26845.214392,12,147.14,9.07
FULL,6024,9100,0.1041,26572.175358,12,147.11,9.07
FULL,6024,9200,0.1041,26281.181161,12,147.08,9.07
FULL,6024,9300,0.1041,25973.929623,12,147.05,9.07
FULL,6024,9400,0.1040,25652.150821,12,147.03,9.07
FULL,6024,9500,0.1040,25317.589876,12,147.00,9.07
FULL,6024,9600,0.1040,24971.990670,12,146.97,9.07
FULL,6024,9700,0.1040,24617.080685,12,146.94,9.07
FULL,6024,9800,0.1040,24254.557149,12,146.92,9.07
FULL,6024,9900,0.1040,23886.074614,12,146.89,9.07
FREE,6024,0,0.0964,0.000000,12,1000.00,10.71
FREE,6024,100,0.1205,N/A,12,1000.00,10.71
FREE,6024,200,0.1205,N/A,12,1000.00,10.71
FREE,6024,300,0.1205,N/A,12,1000.00,10.71
FREE,6024,400,0.1205,N/A,12,1000.00,10.71
FREE,6024,500,0.1205,N/A,12,1000.00,10.71
FREE,6024,600,0.1205,N/A,12,1000.00,10.71
FREE,6024,700,0.1205,N/A,12,1000.00,10.71
FREE,6024,800,0.1205,N/A,12,1000.00,10.71
FREE,6024,900,0.1205,N/A,12,1000.00,10.71
FREE,6024,1000,0.1205,N/A,12,1000.00,10.71
FREE,6024,1100,0.1205,N/A,12,1000.00,10.71
FREE,6024,1200,0.1205,N/A,12,1000.00,10.71
FREE,6024,1300,0.1205,N/A,12,1000.00,10.71
FREE,6024,1400,0.1205,N/A,12,1000.00,10.71
FREE,6024,1500,0.1205,N/A,12,1000.00,10.71
FREE,6024,1600,0.1205,N/A,12,1000.00,10.71
FREE,6024,1700,0.1205,N/A,12,1000.00,10.71
FREE,6024,1800,0.1205,N/A,12,1000.00,10.71
FREE,6024,1900,0.1205,N/A,12,1000.00,10.71
FREE,6024,2000,0.1205,N/A,12,1000.00,10.71
FREE,6024,2100,0.1205,N/A,12,1000.00,10.71
FREE,6024,2200,0.1205,N/A,12,1000.00,10.71
FREE,6024,2300,0.1205,N/A,12,1000.00,10.71
FREE,6024,2400,0.1205,N/A,12,1000.00,10.71
FREE,6024,2500,0.1205,N/A,12,1000.00,10.71
FREE,6024,2600,0.1205,N/A,12,1000.00,10.71
FREE,6024,2700,0.1205,N/A,12,1000.00,10.71
FREE,6024,2800,0.1205,N/A,12,1000.00,10.71
FREE,6024,2900,0.1205,N/A,12,1000.00,10.71
FREE,6024,3000,0.1205,N/A,12,1000.00,10.71
FREE,6024,3100,0.1205,N/A,12,1000.00,10.71
FREE,6024,3200,0.1205,N/A,12,1000.00,10.71
FREE,6024,3300,0.1205,N/A,12,1000.00,10.71
FREE,6024,3400,0.1205,N/A,12,1000.00,10.71
FREE,6024,3500,0.1205,N/A,12,1000.00,10.71
FREE,6024,3600,0.1205,N/A,12,1000.00,10.71
FREE,6024,3700,0.1205,N/A,12,1000.00,10.71
FREE,6024,3800,0.1205,N/A,12,1000.00,10.71
FREE,6024,3900,0.1205,N/A,12,1000.00,10.71
FREE,6024,4000,0.1205,N/A,12,1000.00,10.71
FREE,6024,4100,0.1205,N/A,12,1000.00,10.71
FREE,6024,4200,0.1205,N/A,12,1000.00,10.71
FREE,6024,4300,0.1205,N/A,12,1000.00,10.71
FREE,6024,4400,0.1205,N/A,12,1000.00,10.71
FREE,6024,4500,0.1205,N/A,12,1000.00,10.71
FREE,6024,4600,0.1205,N/A,12,1000.00,10.71
FREE,6024,4700,0.1205,N/A,12,1000.00,10.71
FREE,6024,4800,0.1205,N/A,12,1000.00,10.71
FREE,6024,4900,0.1205,N/A,12,1000.00,10.71
FREE,6024,5000,0.1205,N/A,12,1000.00,10.71
FREE,6024,5100,0.1205,N/A,12,1000.00,10.71
FREE,6024,5200,0.1205,N/A,12,1000.00,10.71
FREE,6024,5300,0.1205,N/A,12,1000.00,10.71
FREE,6024,5400,0.1205,N/A,12,1000.00,10.71
FREE,6024,5500,0.1205,N/A,12,1000.00,10.71
FREE,6024,5600,0.1205,N/A,12,1000.00,10.71
FREE,6024,5700,0.1205,N/A,12,1000.00,10.71
FREE,6024,5800,0.1205,N/A,12,1000.00,10.71
FREE,6024,5900,0.1205,N/A,12,1000.00,10.71
FREE,6024,6000,0.1205,N/A,12,1000.00,10.71
FREE,6024,6100,0.1205,N/A,12,1000.00,10.71
FREE,6024,6200,0.1205,N/A,12,1000.00,10.71
FREE,6024,6300,0.1205,N/A,12,1000.00,10.71
FREE,6024,6400,0.1205,N/A,12,1000.00,10.71
FREE,6024,6500,0.1205,N/A,12,1000.00,10.71
FREE,6024,6600,0.1205,N/A,12,1000.00,10.71
FREE,6024,6700,0.1205,N/A,12,1000.00,10.71
FREE,6024,6800,0.1205,N/A,12,1000.00,10.71
FREE,6024,6900,0.1205,N/A,12,1000.00,10.71
FREE,6024,7000,0.1205,N/A,12,1000.00,10.71
FREE,6024,7100,0.1205,N/A,12,1000.00,10.71
FREE,6024,7200,0.1205,N/A,12,1000.00,10.71
FREE,6024,7300,0.1205,N/A,12,1000.00,10.71
FREE,6024,7400,0.1205,N/A,12,1000.00,10.71
FREE,6024,7500,0.1205,N/A,12,1000.00,10.71
FREE,6024,7600,0.1205,N/A,12,1000.00,10.71
FREE,6024,7700,0.1205,N/A,12,1000.00,10.71
FREE,6024,7800,0.1205,N/A,12,1000.00,10.71
FREE,6024,7900,0.1205,N/A,12,1000.00,10.71
FREE,6024,8000,0.1205,N/A,12,1000.00,10.71
FREE,6024,8100,0.1205,N/A,12,1000.00,10.71
FREE,6024,8200,0.1205,N/A,12,1000.00,10.71
FREE,6024,8300,0.1205,N/A,12,1000.00,10.71
FREE,6024,8400,0.1205,N/A,12,1000.00,10.71
FREE,6024,8500,0.1205,N/A,12,1000.00,10.71
FREE,6024,8600,0.1205,N/A,12,1000.00,10.71
FREE,6024,8700,0.1205,N/A,12,1000.00,10.71
FREE,6024,8800,0.1205,N/A,12,1000.00,10.71
FREE,6024,8900,0.1205,N/A,12,1000.00,10.71
FREE,6024,9000,0.1205,N/A,12,1000.00,10.71
FREE,6024,9100,0.1205,N/A,12,1000.00,10.71
FREE,6024,9200,0.1205,N/A,12,1000.00,10.71
FREE,6024,9300,0.1205,N/A,12,1000.00,10.71
FREE,6024,9400,0.1205,N/A,12,1000.00,10.71
FREE,6024,9500,0.1205,N/A,12,1000.00,10.71
FREE,6024,9600,0.1205,N/A,12,1000.00,10.71
FREE,6024,9700,0.1205,N/A,12,1000.00,10.71
FREE,6024,9800,0.1205,N/A,12,1000.00,10.71
FREE,6024,9900,0.1205,N/A,12,1000.00,10.71
ENERGY_ONLY,6024,0,0.0946,0.104747,12,199.87,10.71
ENERGY_ONLY,6024,100,0.1169,932.254751,12,187.05,10.71
ENERGY_ONLY,6024,200,0.1156,929.878078,12,174.22,10.71
ENERGY_ONLY,6024,300,0.1143,907.046738,12,161.41,10.71
ENERGY_ONLY,6024,400,0.1129,835.815696,12,148.61,10.71
ENERGY_ONLY,6024,500,0.1113,697.075196,12,135.82,10.71
ENERGY_ONLY,6024,600,0.1094,515.056155,12,123.05,10.71
ENERGY_ONLY,6024,700,0.1067,347.826013,12,110.30,10.71
ENERGY_ONLY,6024,800,0.1028,234.103256,12,97.58,10.71
ENERGY_ONLY,6024,900,0.0975,174.385979,12,84.90,10.71
ENERGY_ONLY,6024,1000,0.0931,994.912443,12,74.47,10.71
ENERGY_ONLY,6024,1100,0.0922,865.580096,12,68.62,10.71
ENERGY_ONLY,6024,1200,0.0913,732.331427,12,62.77,10.71
ENERGY_ONLY,6024,1300,0.0901,604.889208,12,56.94,10.71
ENERGY_ONLY,6024,1400,0.0888,490.509965,12,51.11,10.71
ENERGY_ONLY,6024,1500,0.0871,393.094390,12,45.31,10.71
ENERGY_ONLY,6024,1600,0.0851,313.517534,12,39.52,10.71
ENERGY_ONLY,6024,1700,0.0827,250.559977,12,33.75,10.71
ENERGY_ONLY,6024,1800,0.0798,201.904469,12,28.00,10.71
ENERGY_ONLY,6024,1900,0.0764,164.904093,12,22.29,10.71
ENERGY_ONLY,6024,2000,0.0725,137.053030,12,16.61,10.71
ENERGY_ONLY,6024,2100,0.0683,116.206593,12,10.96,10.71
ENERGY_ONLY,6024,2200,0.0638,100.637043,12,5.36,10.71
ENERGY_ONLY,6024,2300,0.0596,186.434417,12,0.31,10.71
ENERGY_ONLY,6024,2400,0.0594,N/A,12,0.08,10.71
ENERGY_ONLY,6024,2500,0.0594,N/A,12,0.08,10.71
ENERGY_ONLY,6024,2600,0.0594,N/A,12,0.08,10.71
ENERGY_ONLY,6024,2700,0.0594,N/A,12,0.08,10.71
ENERGY_ONLY,6024,2800,0.0594,N/A,12,0.08,10.71
ENERGY_ONLY,6024,2900,0.0594,N/A,12,0.08,10.71
ENERGY_ONLY,6024,3000,0.0594,N/A,12,0.08,10.71
ENERGY_ONLY,6024,3100,0.0594,N/A,12,0.08,10.71
ENERGY_ONLY,6024,3200,0.0594,N/A,12,0.08,10.71
ENERGY_ONLY,6024,3300,0.0594,N/A,12,0.08,10.71
ENERGY_ONLY,6024,3400,0.0594,N/A,12,0.08,10.71
ENERGY_ONLY,6024,3500,0.0594,N/A,12,0.08,10.71
ENERGY_ONLY,6024,3600,0.0594,N/A,12,0.08,10.71
ENERGY_ONLY,6024,3700,0.0594,N/A,12,0.08,10.71
ENERGY_ONLY,6024,3800,0.0594,N/A,12,0.08,10.71
ENERGY_ONLY,6024,3900,0.0594,N/A,12,0.08,10.71
ENERGY_ONLY,6024,4000,0.0594,N/A,12,0.08,10.71
ENERGY_ONLY,6024,4100,0.0594,N/A,12,0.08,10.71
ENERGY_ONLY,6024,4200,0.0594,N/A,12,0.08,10.71
ENERGY_ONLY,6024,4300,0.0594,N/A,12,0.08,10.71
ENERGY_ONLY,6024,4400,0.0594,N/A,12,0.08,10.71
ENERGY_ONLY,6024,4500,0.0594,N/A,12,0.08,10.71
ENERGY_ONLY,6024,4600,0.0594,N/A,12,0.08,10.71
ENERGY_ONLY,6024,4700,0.0594,N/A,12,0.08,10.71
ENERGY_ONLY,6024,4800,0.0594,N/A,12,0.08,10.71
ENERGY_ONLY,6024,4900,0.0594,N/A,12,0.08,10.71
ENERGY_ONLY,6024,5000,0.0594,N/A,12,0.03,10.71
ENERGY_ONLY,6024,5100,0.0594,N/A,12,0.03,10.71
ENERGY_ONLY,6024,5200,0.0594,N/A,12,0.03,10.71
ENERGY_ONLY,6024,5300,0.0594,N/A,12,0.03,10.71
ENERGY_ONLY,6024,5400,0.0594,N/A,12,0.03,10.71
ENERGY_ONLY,6024,5500,0.0594,N/A,12,0.03,10.71
ENERGY_ONLY,6024,5600,0.0594,N/A,12,0.03,10.71
ENERGY_ONLY,6024,5700,0.0594,N/A,12,0.03,10.71
ENERGY_ONLY,6024,5800,0.0594,N/A,12,0.03,10.71
ENERGY_ONLY,6024,5900,0.0594,N/A,12,0.03,10.71
ENERGY_ONLY,6024,6000,0.0594,N/A,12,0.03,10.71
ENERGY_ONLY,6024,6100,0.0594,N/A,12,0.03,10.71
ENERGY_ONLY,6024,6200,0.0594,N/A,12,0.03,10.71
ENERGY_ONLY,6024,6300,0.0594,N/A,12,0.03,10.71
ENERGY_ONLY,6024,6400,0.0594,N/A,12,0.03,10.71
ENERGY_ONLY,6024,6500,0.0594,N/A,12,0.03,10.71
ENERGY_ONLY,6024,6600,0.0594,N/A,12,0.03,10.71
ENERGY_ONLY,6024,6700,0.0594,N/A,12,0.03,10.71
ENERGY_ONLY,6024,6800,0.0594,N/A,12,0.03,10.71
ENERGY_ONLY,6024,6900,0.0594,N/A,12,0.03,10.71
ENERGY_ONLY,6024,7000,0.0594,N/A,12,0.03,10.71
ENERGY_ONLY,6024,7100,0.0594,N/A,12,0.03,10.71
ENERGY_ONLY,6024,7200,0.0594,N/A,12,0.03,10.71
ENERGY_ONLY,6024,7300,0.0594,N/A,12,0.03,10.71
ENERGY_ONLY,6024,7400,0.0594,N/A,12,0.03,10.71
ENERGY_ONLY,6024,7500,0.0594,N/A,12,0.03,10.71
ENERGY_ONLY,6024,7600,0.0594,N/A,12,0.03,10.71
ENERGY_ONLY,6024,7700,0.0594,N/A,12,0.03,10.71
ENERGY_ONLY,6024,7800,0.0594,N/A,12,0.03,10.71
ENERGY_ONLY,6024,7900,0.0594,N/A,12,0.03,10.71
ENERGY_ONLY,6024,8000,0.0594,N/A,12,0.03,10.71
ENERGY_ONLY,6024,8100,0.0594,N/A,12,0.03,10.71
ENERGY_ONLY,6024,8200,0.0594,N/A,12,0.03,10.71
ENERGY_ONLY,6024,8300,0.0594,N/A,12,0.03,10.71
ENERGY_ONLY,6024,8400,0.0593,N/A,12,0.00,10.71
ENERGY_ONLY,6024,8500,0.0593,N/A,12,0.00,10.71
ENERGY_ONLY,6024,8600,0.0593,N/A,12,0.00,10.71
ENERGY_ONLY,6024,8700,0.0593,N/A,12,0.00,10.71
ENERGY_ONLY,6024,8800,0.0593,N/A,12,0.00,10.71
ENERGY_ONLY,6024,8900,0.0593,N/A,12,0.00,10.71
ENERGY_ONLY,6024,9000,0.0593,N/A,12,0.00,10.71
ENERGY_ONLY,6024,9100,0.0593,N/A,12,0.00,10.71
ENERGY_ONLY,6024,9200,0.0593,N/A,12,0.00,10.71
ENERGY_ONLY,6024,9300,0.0593,N/A,12,0.00,10.71
ENERGY_ONLY,6024,9400,0.0593,N/A,12,0.00,10.71
ENERGY_ONLY,6024,9500,0.0593,N/A,12,0.00,10.71
ENERGY_ONLY,6024,9600,0.0593,N/A,12,0.00,10.71
ENERGY_ONLY,6024,9700,0.0593,N/A,12,0.00,10.71
ENERGY_ONLY,6024,9800,0.0593,N/A,12,0.00,10.71
ENERGY_ONLY,6024,9900,0.0593,N/A,12,0.00,10.71
FULL,7021,0,0.0944,0.104746,12,200.00,12.70
FULL,7021,100,0.0966,130.982472,12,167.09,16.22
FULL,7021,200,0.0978,6008.530726,12,167.71,15.04
FULL,7021,300,0.0979,6010.058378,12,167.64,14.40
FULL,7021,400,0.1005,5978.203970,12,167.48,14.28
FULL,7021,500,0.1003,6147.812567,12,167.31,14.24
FULL,7021,600,0.1003,6221.894659,12,167.14,14.16
FULL,7021,700,0.1003,6300.214038,12,166.98,14.06
FULL,7021,800,0.1004,10064.182887,12,166.86,14.01
FULL,7021,900,0.1005,10243.097961,12,166.77,14.00
FULL,7021,1000,0.1005,10430.570138,12,166.67,14.02
FULL,7021,1100,0.1006,10626.629936,12,166.58,14.66
FULL,7021,1200,0.1018,10348.862172,12,166.46,15.93
FULL,7021,1300,0.1025,10560.792118,12,166.33,14.98
FULL,7021,1400,0.1055,11039.277611,12,166.19,12.49
FULL,7021,1500,0.0926,560.825180,12,134.27,13.62
FULL,7021,1600,0.0977,1694.309589,12,134.38,11.89
FULL,7021,1700,0.0979,5510.201101,12,134.48,11.88
FULL,7021,1800,0.0981,5688.938327,12,134.58,11.88
FULL,7021,1900,0.0982,5795.661254,12,134.68,11.89
FULL,7021,2000,0.0984,5907.755556,12,134.77,11.89
FULL,7021,2100,0.0985,6025.314562,12,134.87,11.89
FULL,7021,2200,0.0987,6148.432418,12,134.96,11.89
FULL,7021,2300,0.0988,6277.203649,12,135.05,11.89
FULL,7021,2400,0.0989,6411.722693,12,135.14,11.89
FULL,7021,2500,0.0991,6552.083396,12,135.23,11.89
FULL,7021,2600,0.0992,6698.378488,12,135.31,11.89
FULL,7021,2700,0.0993,6850.699005,12,135.40,11.89
FULL,7021,2800,0.0995,7009.133675,12,135.49,11.89
FULL,7021,2900,0.0996,7173.768260,12,135.57,11.89
FULL,7021,3000,0.0997,7344.684842,12,135.65,11.89
FULL,7021,3100,0.0998,7521.961058,12,135.73,11.89
FULL,7021,3200,0.0999,7705.669275,12,135.81,11.89
FULL,7021,3300,0.1001,7895.875706,12,135.89,11.89
FULL,7021,3400,0.1002,8092.639454,12,135.97,11.89
FULL,7021,3500,0.1003,8296.011485,12,136.05,11.89
FULL,7021,3600,0.1004,8506.033534,12,136.12,11.89
FULL,7021,3700,0.1005,8722.736922,12,136.20,11.89
FULL,7021,3800,0.1006,8946.141298,12,136.27,11.89
FULL,7021,3900,0.1007,9176.253295,12,136.34,11.89
FULL,7021,4000,0.1008,9413.065100,12,136.41,11.89
FULL,7021,4100,0.1008,9656.552931,12,136.48,11.89
FULL,7021,4200,0.1009,9906.675433,12,136.55,11.89
FULL,7021,4300,0.1010,10163.371982,12,136.62,11.89
FULL,7021,4400,0.1011,10426.560905,12,136.69,11.89
FULL,7021,4500,0.1012,10696.137616,12,136.76,11.89
FULL,7021,4600,0.1012,10971.972682,12,136.83,11.89
FULL,7021,4700,0.1013,11253.909823,12,136.89,11.89
FULL,7021,4800,0.1014,11541.763849,12,136.96,11.89
FULL,7021,4900,0.1015,11835.318569,12,137.02,11.89
FULL,7021,5000,0.1015,12134.324671,12,137.09,11.89
FULL,7021,5100,0.1016,12438.497599,12,137.15,11.89
FULL,7021,5200,0.1017,12747.515464,12,137.21,11.89
FULL,7021,5300,0.1017,13061.017010,12,137.28,11.89
FULL,7021,5400,0.1018,13378.599664,12,137.34,11.89
FULL,7021,5500,0.1018,13699.817732,12,137.40,11.89
FULL,7021,5600,0.1019,14024.180760,12,137.46,11.89
FULL,7021,5700,0.1019,14351.152132,12,137.52,11.89
FULL,7021,5800,0.1020,14680.147944,12,137.58,11.89
FULL,7021,5900,0.1020,15010.536219,12,137.64,11.89
FULL,7021,6000,0.1021,15341.636528,12,137.70,11.89
FULL,7021,6100,0.1021,15672.720070,12,137.76,11.89
FULL,7021,6200,0.1022,16003.010290,12,137.81,11.89
FULL,7021,6300,0.1022,16331.684085,12,137.87,11.89
FULL,7021,6400,0.1022,16657.873667,12,137.93,11.89
FULL,7021,6500,0.1023,16980.669147,12,137.99,11.89
FULL,7021,6600,0.1023,17299.121872,12,138.04,11.89
FULL,7021,6700,0.1023,17612.248569,12,138.10,11.89
FULL,7021,6800,0.1024,17919.036324,12,138.15,11.89
FULL,7021,6900,0.1024,18218.448403,12,138.21,11.89
FULL,7021,7000,0.1024,18509.430910,12,138.26,11.89
FULL,7021,7100,0.1025,18790.920266,12,138.32,11.89
FULL,7021,7200,0.1025,19061.851448,12,138.37,11.89
FULL,7021,7300,0.1025,19321.166934,12,138.43,11.89
FULL,7021,7400,0.1026,19567.826246,12,138.48,11.89
FULL,7021,7500,0.1026,19800.815975,12,138.53,11.89
FULL,7021,7600,0.1026,20019.160153,12,138.59,11.89
FULL,7021,7700,0.1026,20221.930800,12,138.64,11.89
FULL,7021,7800,0.1026,20408.258466,12,138.69,11.89
FULL,7021,7900,0.1027,20577.342580,12,138.75,11.89
FULL,7021,8000,0.1027,20728.461391,12,138.80,11.89
FULL,7021,8100,0.1027,20860.981300,12,138.85,11.89
FULL,7021,8200,0.1027,20974.365383,12,138.90,11.89
FULL,7021,8300,0.1027,21068.180897,12,138.96,11.89
FULL,7021,8400,0.1027,21142.105611,12,139.01,11.89
FULL,7021,8500,0.1027,21195.932788,12,139.06,11.89
FULL,7021,8600,0.1027,21229.574714,12,139.11,11.89
FULL,7021,8700,0.1028,21243.064660,12,139.16,11.89
FULL,7021,8800,0.1028,21236.557238,12,139.22,11.89
FULL,7021,8900,0.1028,21210.327133,12,139.27,11.89
FULL,7021,9000,0.1028,21164.766226,12,139.32,11.89
FULL,7021,9100,0.1028,21100.379181,12,139.37,11.89
FULL,7021,9200,0.1028,21017.777595,12,139.42,11.89
FULL,7021,9300,0.1028,20917.672736,12,139.47,11.89
FULL,7021,9400,0.1028,20800.867071,12,139.53,11.89
FULL,7021,9500,0.1028,20668.246051,12,139.58,11.89
FULL,7021,9600,0.1028,20520.766799,12,139.63,11.89
FULL,7021,9700,0.1028,20359.447953,12,139.68,11.89
FULL,7021,9800,0.1028,20185.358701,12,139.73,11.89
FULL,7021,9900,0.1027,19999.607663,12,139.78,11.89
FREE,7021,0,0.0970,0.000000,12,1000.00,12.69
FREE,7021,100,0.1213,N/A,12,1000.00,12.69
FREE,7021,200,0.1213,N/A,12,1000.00,12.69
FREE,7021,300,0.1213,N/A,12,1000.00,12.69
FREE,7021,400,0.1213,N/A,12,1000.00,12.69
FREE,7021,500,0.1213,N/A,12,1000.00,12.69
FREE,7021,600,0.1213,N/A,12,1000.00,12.69
FREE,7021,700,0.1213,N/A,12,1000.00,12.69
FREE,7021,800,0.1213,N/A,12,1000.00,12.69
FREE,7021,900,0.1213,N/A,12,1000.00,12.69
FREE,7021,1000,0.1213,N/A,12,1000.00,12.69
FREE,7021,1100,0.1213,N/A,12,1000.00,12.69
FREE,7021,1200,0.1213,N/A,12,1000.00,12.69
FREE,7021,1300,0.1213,N/A,12,1000.00,12.69
FREE,7021,1400,0.1213,N/A,12,1000.00,12.69
FREE,7021,1500,0.1213,N/A,12,1000.00,12.69
FREE,7021,1600,0.1213,N/A,12,1000.00,12.69
FREE,7021,1700,0.1213,N/A,12,1000.00,12.69
FREE,7021,1800,0.1213,N/A,12,1000.00,12.69
FREE,7021,1900,0.1213,N/A,12,1000.00,12.69
FREE,7021,2000,0.1213,N/A,12,1000.00,12.69
FREE,7021,2100,0.1213,N/A,12,1000.00,12.69
FREE,7021,2200,0.1213,N/A,12,1000.00,12.69
FREE,7021,2300,0.1213,N/A,12,1000.00,12.69
FREE,7021,2400,0.1213,N/A,12,1000.00,12.69
FREE,7021,2500,0.1213,N/A,12,1000.00,12.69
FREE,7021,2600,0.1213,N/A,12,1000.00,12.69
FREE,7021,2700,0.1213,N/A,12,1000.00,12.69
FREE,7021,2800,0.1213,N/A,12,1000.00,12.69
FREE,7021,2900,0.1213,N/A,12,1000.00,12.69
FREE,7021,3000,0.1213,N/A,12,1000.00,12.69
FREE,7021,3100,0.1213,N/A,12,1000.00,12.69
FREE,7021,3200,0.1213,N/A,12,1000.00,12.69
FREE,7021,3300,0.1213,N/A,12,1000.00,12.69
FREE,7021,3400,0.1213,N/A,12,1000.00,12.69
FREE,7021,3500,0.1213,N/A,12,1000.00,12.69
FREE,7021,3600,0.1213,N/A,12,1000.00,12.69
FREE,7021,3700,0.1213,N/A,12,1000.00,12.69
FREE,7021,3800,0.1213,N/A,12,1000.00,12.69
FREE,7021,3900,0.1213,N/A,12,1000.00,12.69
FREE,7021,4000,0.1213,N/A,12,1000.00,12.69
FREE,7021,4100,0.1213,N/A,12,1000.00,12.69
FREE,7021,4200,0.1213,N/A,12,1000.00,12.69
FREE,7021,4300,0.1213,N/A,12,1000.00,12.69
FREE,7021,4400,0.1213,N/A,12,1000.00,12.69
FREE,7021,4500,0.1213,N/A,12,1000.00,12.69
FREE,7021,4600,0.1213,N/A,12,1000.00,12.69
FREE,7021,4700,0.1213,N/A,12,1000.00,12.69
FREE,7021,4800,0.1213,N/A,12,1000.00,12.69
FREE,7021,4900,0.1213,N/A,12,1000.00,12.69
FREE,7021,5000,0.1213,N/A,12,1000.00,12.69
FREE,7021,5100,0.1213,N/A,12,1000.00,12.69
FREE,7021,5200,0.1213,N/A,12,1000.00,12.69
FREE,7021,5300,0.1213,N/A,12,1000.00,12.69
FREE,7021,5400,0.1213,N/A,12,1000.00,12.69
FREE,7021,5500,0.1213,N/A,12,1000.00,12.69
FREE,7021,5600,0.1213,N/A,12,1000.00,12.69
FREE,7021,5700,0.1213,N/A,12,1000.00,12.69
FREE,7021,5800,0.1213,N/A,12,1000.00,12.69
FREE,7021,5900,0.1213,N/A,12,1000.00,12.69
FREE,7021,6000,0.1213,N/A,12,1000.00,12.69
FREE,7021,6100,0.1213,N/A,12,1000.00,12.69
FREE,7021,6200,0.1213,N/A,12,1000.00,12.69
FREE,7021,6300,0.1213,N/A,12,1000.00,12.69
FREE,7021,6400,0.1213,N/A,12,1000.00,12.69
FREE,7021,6500,0.1213,N/A,12,1000.00,12.69
FREE,7021,6600,0.1213,N/A,12,1000.00,12.69
FREE,7021,6700,0.1213,N/A,12,1000.00,12.69
FREE,7021,6800,0.1213,N/A,12,1000.00,12.69
FREE,7021,6900,0.1213,N/A,12,1000.00,12.69
FREE,7021,7000,0.1213,N/A,12,1000.00,12.69
FREE,7021,7100,0.1213,N/A,12,1000.00,12.69
FREE,7021,7200,0.1213,N/A,12,1000.00,12.69
FREE,7021,7300,0.1213,N/A,12,1000.00,12.69
FREE,7021,7400,0.1213,N/A,12,1000.00,12.69
FREE,7021,7500,0.1213,N/A,12,1000.00,12.69
FREE,7021,7600,0.1213,N/A,12,1000.00,12.69
FREE,7021,7700,0.1213,N/A,12,1000.00,12.69
FREE,7021,7800,0.1213,N/A,12,1000.00,12.69
FREE,7021,7900,0.1213,N/A,12,1000.00,12.69
FREE,7021,8000,0.1213,N/A,12,1000.00,12.69
FREE,7021,8100,0.1213,N/A,12,1000.00,12.69
FREE,7021,8200,0.1213,N/A,12,1000.00,12.69
FREE,7021,8300,0.1213,N/A,12,1000.00,12.69
FREE,7021,8400,0.1213,N/A,12,1000.00,12.69
FREE,7021,8500,0.1213,N/A,12,1000.00,12.69
FREE,7021,8600,0.1213,N/A,12,1000.00,12.69
FREE,7021,8700,0.1213,N/A,12,1000.00,12.69
FREE,7021,8800,0.1213,N/A,12,1000.00,12.69
FREE,7021,8900,0.1213,N/A,12,1000.00,12.69
FREE,7021,9000,0.1213,N/A,12,1000.00,12.69
FREE,7021,9100,0.1213,N/A,12,1000.00,12.69
FREE,7021,9200,0.1213,N/A,12,1000.00,12.69
FREE,7021,9300,0.1213,N/A,12,1000.00,12.69
FREE,7021,9400,0.1213,N/A,12,1000.00,12.69
FREE,7021,9500,0.1213,N/A,12,1000.00,12.69
FREE,7021,9600,0.1213,N/A,12,1000.00,12.69
FREE,7021,9700,0.1213,N/A,12,1000.00,12.69
FREE,7021,9800,0.1213,N/A,12,1000.00,12.69
FREE,7021,9900,0.1213,N/A,12,1000.00,12.69
ENERGY_ONLY,7021,0,0.0944,0.104746,12,199.86,12.69
ENERGY_ONLY,7021,100,0.1166,868.861764,12,186.04,12.69
ENERGY_ONLY,7021,200,0.1152,865.469753,12,172.22,12.69
ENERGY_ONLY,7021,300,0.1138,836.220355,12,158.41,12.69
ENERGY_ONLY,7021,400,0.1123,750.761973,12,144.61,12.69
ENERGY_ONLY,7021,500,0.1105,598.716859,12,130.83,12.69
ENERGY_ONLY,7021,600,0.1082,420.162812,12,117.07,12.69
ENERGY_ONLY,7021,700,0.1049,272.817414,12,103.33,12.69
ENERGY_ONLY,7021,800,0.1000,180.503040,12,89.63,12.69
ENERGY_ONLY,7021,900,0.0933,134.154215,12,75.99,12.69
ENERGY_ONLY,7021,1000,0.0881,1045.170647,12,65.28,12.69
ENERGY_ONLY,7021,1100,0.0874,912.831231,12,60.17,12.69
ENERGY_ONLY,7021,1200,0.0866,773.702135,12,55.07,12.69
ENERGY_ONLY,7021,1300,0.0857,639.003843,12,49.97,12.69
ENERGY_ONLY,7021,1400,0.0846,517.384015,12,44.88,12.69
ENERGY_ONLY,7021,1500,0.0832,413.624921,12,39.81,12.69
ENERGY_ONLY,7021,1600,0.0816,328.944193,12,34.74,12.69
ENERGY_ONLY,7021,1700,0.0796,262.102262,12,29.70,12.69
ENERGY_ONLY,7021,1800,0.0772,210.582940,12,24.68,12.69
ENERGY_ONLY,7021,1900,0.0743,171.493379,12,19.68,12.69
ENERGY_ONLY,7021,2000,0.0711,142.102852,12,14.71,12.69
ENERGY_ONLY,7021,2100,0.0675,120.091243,12,9.78,12.69
ENERGY_ONLY,7021,2200,0.0637,103.610718,12,4.88,12.69
ENERGY_ONLY,7021,2300,0.0600,518.530379,12,0.38,12.69
ENERGY_ONLY,7021,2400,0.0598,N/A,12,0.07,12.69
ENERGY_ONLY,7021,2500,0.0598,N/A,12,0.07,12.69
ENERGY_ONLY,7021,2600,0.0598,N/A,12,0.07,12.69
ENERGY_ONLY,7021,2700,0.0598,N/A,12,0.07,12.69
ENERGY_ONLY,7021,2800,0.0598,N/A,12,0.07,12.69
ENERGY_ONLY,7021,2900,0.0598,N/A,12,0.07,12.69
ENERGY_ONLY,7021,3000,0.0598,N/A,12,0.07,12.69
ENERGY_ONLY,7021,3100,0.0598,N/A,12,0.07,12.69
ENERGY_ONLY,7021,3200,0.0598,N/A,12,0.07,12.69
ENERGY_ONLY,7021,3300,0.0598,N/A,12,0.07,12.69
ENERGY_ONLY,7021,3400,0.0598,N/A,12,0.07,12.69
ENERGY_ONLY,7021,3500,0.0598,N/A,12,0.07,12.69
ENERGY_ONLY,7021,3600,0.0598,N/A,12,0.07,12.69
ENERGY_ONLY,7021,3700,0.0598,N/A,12,0.07,12.69
ENERGY_ONLY,7021,3800,0.0598,N/A,12,0.07,12.69
ENERGY_ONLY,7021,3900,0.0598,N/A,12,0.07,12.69
ENERGY_ONLY,7021,4000,0.0598,N/A,12,0.07,12.69
ENERGY_ONLY,7021,4100,0.0598,N/A,12,0.07,12.69
ENERGY_ONLY,7021,4200,0.0598,N/A,12,0.07,12.69
ENERGY_ONLY,7021,4300,0.0598,N/A,12,0.07,12.69
ENERGY_ONLY,7021,4400,0.0598,N/A,12,0.07,12.69
ENERGY_ONLY,7021,4500,0.0598,N/A,12,0.07,12.69
ENERGY_ONLY,7021,4600,0.0598,N/A,12,0.07,12.69
ENERGY_ONLY,7021,4700,0.0598,N/A,12,0.07,12.69
ENERGY_ONLY,7021,4800,0.0598,N/A,12,0.07,12.69
ENERGY_ONLY,7021,4900,0.0598,N/A,12,0.07,12.69
ENERGY_ONLY,7021,5000,0.0598,N/A,12,0.02,12.69
ENERGY_ONLY,7021,5100,0.0598,N/A,12,0.02,12.69
ENERGY_ONLY,7021,5200,0.0598,N/A,12,0.02,12.69
ENERGY_ONLY,7021,5300,0.0598,N/A,12,0.02,12.69
ENERGY_ONLY,7021,5400,0.0598,N/A,12,0.02,12.69
ENERGY_ONLY,7021,5500,0.0598,N/A,12,0.02,12.69
ENERGY_ONLY,7021,5600,0.0598,N/A,12,0.02,12.69
ENERGY_ONLY,7021,5700,0.0598,N/A,12,0.02,12.69
ENERGY_ONLY,7021,5800,0.0598,N/A,12,0.02,12.69
ENERGY_ONLY,7021,5900,0.0598,N/A,12,0.02,12.69
ENERGY_ONLY,7021,6000,0.0598,N/A,12,0.02,12.69
ENERGY_ONLY,7021,6100,0.0598,N/A,12,0.02,12.69
ENERGY_ONLY,7021,6200,0.0598,N/A,12,0.02,12.69
ENERGY_ONLY,7021,6300,0.0598,N/A,12,0.02,12.69
ENERGY_ONLY,7021,6400,0.0598,N/A,12,0.02,12.69
ENERGY_ONLY,7021,6500,0.0598,N/A,12,0.02,12.69
ENERGY_ONLY,7021,6600,0.0598,N/A,12,0.02,12.69
ENERGY_ONLY,7021,6700,0.0598,N/A,12,0.02,12.69
ENERGY_ONLY,7021,6800,0.0598,N/A,12,0.02,12.69
ENERGY_ONLY,7021,6900,0.0598,N/A,12,0.02,12.69
ENERGY_ONLY,7021,7000,0.0598,N/A,12,0.02,12.69
ENERGY_ONLY,7021,7100,0.0598,N/A,12,0.02,12.69
ENERGY_ONLY,7021,7200,0.0598,N/A,12,0.02,12.69
ENERGY_ONLY,7021,7300,0.0598,N/A,12,0.02,12.69
ENERGY_ONLY,7021,7400,0.0598,N/A,12,0.02,12.69
ENERGY_ONLY,7021,7500,0.0598,N/A,12,0.02,12.69
ENERGY_ONLY,7021,7600,0.0598,N/A,12,0.02,12.69
ENERGY_ONLY,7021,7700,0.0598,N/A,12,0.02,12.69
ENERGY_ONLY,7021,7800,0.0598,N/A,12,0.02,12.69
ENERGY_ONLY,7021,7900,0.0598,N/A,12,0.02,12.69
ENERGY_ONLY,7021,8000,0.0598,N/A,12,0.02,12.69
ENERGY_ONLY,7021,8100,0.0598,N/A,12,0.02,12.69
ENERGY_ONLY,7021,8200,0.0598,N/A,12,0.02,12.69
ENERGY_ONLY,7021,8300,0.0598,N/A,12,0.02,12.69
ENERGY_ONLY,7021,8400,0.0598,N/A,12,0.02,12.69
ENERGY_ONLY,7021,8500,0.0598,N/A,12,0.02,12.69
ENERGY_ONLY,7021,8600,0.0598,N/A,12,0.02,12.69
ENERGY_ONLY,7021,8700,0.0598,N/A,12,0.02,12.69
ENERGY_ONLY,7021,8800,0.0598,N/A,12,0.02,12.69
ENERGY_ONLY,7021,8900,0.0598,N/A,12,0.02,12.69
ENERGY_ONLY,7021,9000,0.0598,N/A,12,0.02,12.69
ENERGY_ONLY,7021,9100,0.0598,N/A,12,0.02,12.69
ENERGY_ONLY,7021,9200,0.0598,N/A,12,0.02,12.69
ENERGY_ONLY,7021,9300,0.0598,N/A,12,0.02,12.69
ENERGY_ONLY,7021,9400,0.0598,N/A,12,0.02,12.69
ENERGY_ONLY,7021,9500,0.0598,N/A,12,0.02,12.69
ENERGY_ONLY,7021,9600,0.0598,N/A,12,0.02,12.69
ENERGY_ONLY,7021,9700,0.0598,N/A,12,0.02,12.69
ENERGY_ONLY,7021,9800,0.0598,N/A,12,0.02,12.69
ENERGY_ONLY,7021,9900,0.0598,N/A,12,0.02,12.69
FULL,8018,0,0.0964,0.104830,12,200.00,12.46
FULL,8018,100,0.1007,433.278689,12,167.72,11.12
FULL,8018,200,0.1070,680.568905,12,170.80,10.43
FULL,8018,300,0.1082,1179.218106,12,172.37,10.56
FULL,8018,400,0.1089,1774.812935,12,173.92,10.47
FULL,8018,500,0.1094,2529.889651,12,175.47,10.40
FULL,8018,600,0.1097,3227.841500,12,177.01,10.37
FULL,8018,700,0.1027,561.893812,12,146.52,11.41
FULL,8018,800,0.1048,754.002718,12,148.26,8.68
FULL,8018,900,0.1050,2356.269038,12,147.63,9.05
FULL,8018,1000,0.1053,4101.505353,12,149.37,9.06
FULL,8018,1100,0.1054,13368.344944,12,150.04,9.10
FULL,8018,1200,0.1055,13670.897229,12,150.03,9.10
FULL,8018,1300,0.1056,13984.176262,12,150.01,9.10
FULL,8018,1400,0.1056,14308.205103,12,149.99,9.10
FULL,8018,1500,0.1057,14642.992837,12,149.97,9.10
FULL,8018,1600,0.1057,14988.532726,12,149.95,9.10
FULL,8018,1700,0.1058,15344.800241,12,149.93,9.10
FULL,8018,1800,0.1058,15711.750971,12,149.91,9.10
FULL,8018,1900,0.1059,16089.318412,12,149.89,9.10
FULL,8018,2000,0.1059,16477.411612,12,149.87,9.10
FULL,8018,2100,0.1060,16875.912697,12,149.84,9.10
FULL,8018,2200,0.1060,17284.674248,12,149.82,9.10
FULL,8018,2300,0.1060,17703.516552,12,149.80,9.10
FULL,8018,2400,0.1061,18132.224710,12,149.77,9.10
FULL,8018,2500,0.1061,18570.545623,12,149.75,9.10
FULL,8018,2600,0.1062,19018.184854,12,149.73,9.10
FULL,8018,2700,0.1062,19474.803378,12,149.70,9.10
FULL,8018,2800,0.1062,19940.014247,12,149.68,9.10
FULL,8018,2900,0.1063,20413.379172,12,149.65,9.10
FULL,8018,3000,0.1063,20894.405079,12,149.63,9.10
FULL,8018,3100,0.1063,21382.540636,12,149.60,9.10
FULL,8018,3200,0.1064,21877.172831,12,149.57,9.10
FULL,8018,3300,0.1064,22377.623624,12,149.55,9.10
FULL,8018,3400,0.1064,22883.146743,12,149.52,9.10
FULL,8018,3500,0.1064,23392.924692,12,149.49,9.10
FULL,8018,3600,0.1065,23906.066046,12,149.47,9.10
FULL,8018,3700,0.1065,24421.603118,12,149.44,9.10
FULL,8018,3800,0.1065,24938.490104,12,149.41,9.10
FULL,8018,3900,0.1065,25455.601801,12,149.38,9.10
FULL,8018,4000,0.1065,25971.733010,12,149.36,9.10
FULL,8018,4100,0.1066,26485.598751,12,149.33,9.10
FULL,8018,4200,0.1066,26995.835405,12,149.30,9.10
FULL,8018,4300,0.1066,27501.002906,12,149.27,9.10
FULL,8018,4400,0.1066,27999.588101,12,149.24,9.10
FULL,8018,4500,0.1066,28490.009403,12,149.21,9.10
FULL,8018,4600,0.1067,28970.622809,12,149.18,9.10
FULL,8018,4700,0.1067,29439.729405,12,149.15,9.10
FULL,8018,4800,0.1067,29895.584385,12,149.12,9.10
FULL,8018,4900,0.1067,30336.407630,12,149.09,9.10
FULL,8018,5000,0.1067,30760.395857,12,149.06,9.10
FULL,8018,5100,0.1067,31165.736264,12,149.04,9.10
FULL,8018,5200,0.1067,31550.621618,12,149.01,9.10
FULL,8018,5300,0.1067,31913.266625,12,148.98,9.10
FULL,8018,5400,0.1067,32251.925418,12,148.94,9.10
FULL,8018,5500,0.1067,32564.909906,12,148.91,9.10
FULL,8018,5600,0.1068,32850.608716,12,148.88,9.10
FULL,8018,5700,0.1068,33107.506391,12,148.85,9.10
FULL,8018,5800,0.1068,33334.202476,12,148.82,9.10
FULL,8018,5900,0.1068,33529.430111,12,148.79,9.10
FULL,8018,6000,0.1068,33692.073687,12,148.76,9.10
FULL,8018,6100,0.1068,33821.185191,12,148.73,9.10
FULL,8018,6200,0.1068,33915.998795,12,148.70,9.10
FULL,8018,6300,0.1068,33975.943336,12,148.67,9.10
FULL,8018,6400,0.1068,34000.652335,12,148.64,9.10
FULL,8018,6500,0.1068,33989.970780,12,148.61,9.10
FULL,8018,6600,0.1068,33943.960576,12,148.58,9.10
FULL,8018,6700,0.1068,33862.901367,12,148.55,9.10
FULL,8018,6800,0.1068,33747.288015,12,148.52,9.10
FULL,8018,6900,0.1068,33597.825912,12,148.49,9.10
FULL,8018,7000,0.1068,33415.422916,12,148.46,9.10
FULL,8018,7100,0.1068,33201.178481,12,148.43,9.10
FULL,8018,7200,0.1068,32956.370238,12,148.40,9.10
FULL,8018,7300,0.1068,32682.438362,12,148.37,9.10
FULL,8018,7400,0.1067,32380.968100,12,148.34,9.10
FULL,8018,7500,0.1067,32053.670869,12,148.31,9.10
FULL,8018,7600,0.1067,31702.364351,12,148.28,9.10
FULL,8018,7700,0.1067,31328.952018,12,148.25,9.10
FULL,8018,7800,0.1067,30935.402489,12,148.22,9.10
FULL,8018,7900,0.1067,30523.729134,12,148.19,9.10
FULL,8018,8000,0.1067,30095.970262,12,148.16,9.10
FULL,8018,8100,0.1067,29654.170217,12,148.13,9.10
FULL,8018,8200,0.1067,29200.361642,12,148.10,9.10
FULL,8018,8300,0.1066,28736.549130,12,148.07,9.10
FULL,8018,8400,0.1066,28264.694411,12,148.04,9.10
FULL,8018,8500,0.1066,27786.703206,12,148.01,9.10
FULL,8018,8600,0.1066,27304.413777,12,147.98,9.10
FULL,8018,8700,0.1066,26819.587227,12,147.95,9.10
FULL,8018,8800,0.1065,26333.899499,12,147.92,9.10
FULL,8018,8900,0.1065,25848.935038,12,147.90,9.10
FULL,8018,9000,0.1065,25366.182027,12,147.87,9.10
FULL,8018,9100,0.1065,24887.029105,12,147.84,9.10
FULL,8018,9200,0.1064,24412.763439,12,147.81,9.10
FULL,8018,9300,0.1064,23944.570029,12,147.79,9.10
FULL,8018,9400,0.1064,23483.532121,12,147.76,9.10
FULL,8018,9500,0.1064,23030.632575,12,147.73,9.10
FULL,8018,9600,0.1063,22586.756086,12,147.71,9.10
FULL,8018,9700,0.1063,22152.692096,12,147.68,9.10
FULL,8018,9800,0.1063,21729.138304,12,147.66,9.10
FULL,8018,9900,0.1062,21316.704640,12,147.63,9.10
FREE,8018,0,0.0982,0.000000,12,1000.00,12.51
FREE,8018,100,0.1228,N/A,12,1000.00,12.51
FREE,8018,200,0.1228,N/A,12,1000.00,12.51
FREE,8018,300,0.1228,N/A,12,1000.00,12.51
FREE,8018,400,0.1228,N/A,12,1000.00,12.51
FREE,8018,500,0.1228,N/A,12,1000.00,12.51
FREE,8018,600,0.1228,N/A,12,1000.00,12.51
FREE,8018,700,0.1228,N/A,12,1000.00,12.51
FREE,8018,800,0.1228,N/A,12,1000.00,12.51
FREE,8018,900,0.1228,N/A,12,1000.00,12.51
FREE,8018,1000,0.1228,N/A,12,1000.00,12.51
FREE,8018,1100,0.1228,N/A,12,1000.00,12.51
FREE,8018,1200,0.1228,N/A,12,1000.00,12.51
FREE,8018,1300,0.1228,N/A,12,1000.00,12.51
FREE,8018,1400,0.1228,N/A,12,1000.00,12.51
FREE,8018,1500,0.1228,N/A,12,1000.00,12.51
FREE,8018,1600,0.1228,N/A,12,1000.00,12.51
FREE,8018,1700,0.1228,N/A,12,1000.00,12.51
FREE,8018,1800,0.1228,N/A,12,1000.00,12.51
FREE,8018,1900,0.1228,N/A,12,1000.00,12.51
FREE,8018,2000,0.1228,N/A,12,1000.00,12.51
FREE,8018,2100,0.1228,N/A,12,1000.00,12.51
FREE,8018,2200,0.1228,N/A,12,1000.00,12.51
FREE,8018,2300,0.1228,N/A,12,1000.00,12.51
FREE,8018,2400,0.1228,N/A,12,1000.00,12.51
FREE,8018,2500,0.1228,N/A,12,1000.00,12.51
FREE,8018,2600,0.1228,N/A,12,1000.00,12.51
FREE,8018,2700,0.1228,N/A,12,1000.00,12.51
FREE,8018,2800,0.1228,N/A,12,1000.00,12.51
FREE,8018,2900,0.1228,N/A,12,1000.00,12.51
FREE,8018,3000,0.1228,N/A,12,1000.00,12.51
FREE,8018,3100,0.1228,N/A,12,1000.00,12.51
FREE,8018,3200,0.1228,N/A,12,1000.00,12.51
FREE,8018,3300,0.1228,N/A,12,1000.00,12.51
FREE,8018,3400,0.1228,N/A,12,1000.00,12.51
FREE,8018,3500,0.1228,N/A,12,1000.00,12.51
FREE,8018,3600,0.1228,N/A,12,1000.00,12.51
FREE,8018,3700,0.1228,N/A,12,1000.00,12.51
FREE,8018,3800,0.1228,N/A,12,1000.00,12.51
FREE,8018,3900,0.1228,N/A,12,1000.00,12.51
FREE,8018,4000,0.1228,N/A,12,1000.00,12.51
FREE,8018,4100,0.1228,N/A,12,1000.00,12.51
FREE,8018,4200,0.1228,N/A,12,1000.00,12.51
FREE,8018,4300,0.1228,N/A,12,1000.00,12.51
FREE,8018,4400,0.1228,N/A,12,1000.00,12.51
FREE,8018,4500,0.1228,N/A,12,1000.00,12.51
FREE,8018,4600,0.1228,N/A,12,1000.00,12.51
FREE,8018,4700,0.1228,N/A,12,1000.00,12.51
FREE,8018,4800,0.1228,N/A,12,1000.00,12.51
FREE,8018,4900,0.1228,N/A,12,1000.00,12.51
FREE,8018,5000,0.1228,N/A,12,1000.00,12.51
FREE,8018,5100,0.1228,N/A,12,1000.00,12.51
FREE,8018,5200,0.1228,N/A,12,1000.00,12.51
FREE,8018,5300,0.1228,N/A,12,1000.00,12.51
FREE,8018,5400,0.1228,N/A,12,1000.00,12.51
FREE,8018,5500,0.1228,N/A,12,1000.00,12.51
FREE,8018,5600,0.1228,N/A,12,1000.00,12.51
FREE,8018,5700,0.1228,N/A,12,1000.00,12.51
FREE,8018,5800,0.1228,N/A,12,1000.00,12.51
FREE,8018,5900,0.1228,N/A,12,1000.00,12.51
FREE,8018,6000,0.1228,N/A,12,1000.00,12.51
FREE,8018,6100,0.1228,N/A,12,1000.00,12.51
FREE,8018,6200,0.1228,N/A,12,1000.00,12.51
FREE,8018,6300,0.1228,N/A,12,1000.00,12.51
FREE,8018,6400,0.1228,N/A,12,1000.00,12.51
FREE,8018,6500,0.1228,N/A,12,1000.00,12.51
FREE,8018,6600,0.1228,N/A,12,1000.00,12.51
FREE,8018,6700,0.1228,N/A,12,1000.00,12.51
FREE,8018,6800,0.1228,N/A,12,1000.00,12.51
FREE,8018,6900,0.1228,N/A,12,1000.00,12.51
FREE,8018,7000,0.1228,N/A,12,1000.00,12.51
FREE,8018,7100,0.1228,N/A,12,1000.00,12.51
FREE,8018,7200,0.1228,N/A,12,1000.00,12.51
FREE,8018,7300,0.1228,N/A,12,1000.00,12.51
FREE,8018,7400,0.1228,N/A,12,1000.00,12.51
FREE,8018,7500,0.1228,N/A,12,1000.00,12.51
FREE,8018,7600,0.1228,N/A,12,1000.00,12.51
FREE,8018,7700,0.1228,N/A,12,1000.00,12.51
FREE,8018,7800,0.1228,N/A,12,1000.00,12.51
FREE,8018,7900,0.1228,N/A,12,1000.00,12.51
FREE,8018,8000,0.1228,N/A,12,1000.00,12.51
FREE,8018,8100,0.1228,N/A,12,1000.00,12.51
FREE,8018,8200,0.1228,N/A,12,1000.00,12.51
FREE,8018,8300,0.1228,N/A,12,1000.00,12.51
FREE,8018,8400,0.1228,N/A,12,1000.00,12.51
FREE,8018,8500,0.1228,N/A,12,1000.00,12.51
FREE,8018,8600,0.1228,N/A,12,1000.00,12.51
FREE,8018,8700,0.1228,N/A,12,1000.00,12.51
FREE,8018,8800,0.1228,N/A,12,1000.00,12.51
FREE,8018,8900,0.1228,N/A,12,1000.00,12.51
FREE,8018,9000,0.1228,N/A,12,1000.00,12.51
FREE,8018,9100,0.1228,N/A,12,1000.00,12.51
FREE,8018,9200,0.1228,N/A,12,1000.00,12.51
FREE,8018,9300,0.1228,N/A,12,1000.00,12.51
FREE,8018,9400,0.1228,N/A,12,1000.00,12.51
FREE,8018,9500,0.1228,N/A,12,1000.00,12.51
FREE,8018,9600,0.1228,N/A,12,1000.00,12.51
FREE,8018,9700,0.1228,N/A,12,1000.00,12.51
FREE,8018,9800,0.1228,N/A,12,1000.00,12.51
FREE,8018,9900,0.1228,N/A,12,1000.00,12.51
ENERGY_ONLY,8018,0,0.0964,0.104830,12,199.84,12.51
ENERGY_ONLY,8018,100,0.1188,766.291268,12,184.00,12.51
ENERGY_ONLY,8018,200,0.1172,757.246448,12,168.15,12.51
ENERGY_ONLY,8018,300,0.1155,717.295194,12,152.33,12.51
ENERGY_ONLY,8018,400,0.1137,619.000185,12,136.52,12.51
ENERGY_ONLY,8018,500,0.1115,466.416719,12,120.72,12.51
ENERGY_ONLY,8018,600,0.1085,308.983539,12,104.96,12.51
ENERGY_ONLY,8018,700,0.1039,192.220181,12,89.22,12.51
ENERGY_ONLY,8018,800,0.0969,124.029750,12,73.54,12.51
ENERGY_ONLY,8018,900,0.0876,90.563946,12,57.94,12.51
ENERGY_ONLY,8018,1000,0.0807,1026.726039,12,46.59,12.51
ENERGY_ONLY,8018,1100,0.0801,896.400480,12,42.93,12.51
ENERGY_ONLY,8018,1200,0.0796,760.257527,12,39.28,12.51
ENERGY_ONLY,8018,1300,0.0789,628.819548,12,35.64,12.51
ENERGY_ONLY,8018,1400,0.0781,510.100807,12,32.00,12.51
ENERGY_ONLY,8018,1500,0.0771,408.523940,12,28.37,12.51
ENERGY_ONLY,8018,1600,0.0759,325.254731,12,24.75,12.51
ENERGY_ONLY,8018,1700,0.0744,259.211584,12,21.14,12.51
ENERGY_ONLY,8018,1800,0.0726,208.117554,12,17.55,12.51
ENERGY_ONLY,8018,1900,0.0706,169.294943,12,13.98,12.51
ENERGY_ONLY,8018,2000,0.0682,140.157828,12,10.43,12.51
ENERGY_ONLY,8018,2100,0.0656,118.456154,12,6.90,12.51
ENERGY_ONLY,8018,2200,0.0628,102.354929,12,3.40,12.51
ENERGY_ONLY,8018,2300,0.0601,179.360406,12,0.18,12.51
ENERGY_ONLY,8018,2400,0.0600,N/A,12,0.05,12.51
ENERGY_ONLY,8018,2500,0.0600,N/A,12,0.05,12.51
ENERGY_ONLY,8018,2600,0.0600,N/A,12,0.05,12.51
ENERGY_ONLY,8018,2700,0.0600,N/A,12,0.05,12.51
ENERGY_ONLY,8018,2800,0.0600,N/A,12,0.05,12.51
ENERGY_ONLY,8018,2900,0.0600,N/A,12,0.05,12.51
ENERGY_ONLY,8018,3000,0.0600,N/A,12,0.05,12.51
ENERGY_ONLY,8018,3100,0.0600,N/A,12,0.05,12.51
ENERGY_ONLY,8018,3200,0.0600,N/A,12,0.05,12.51
ENERGY_ONLY,8018,3300,0.0600,N/A,12,0.05,12.51
ENERGY_ONLY,8018,3400,0.0600,N/A,12,0.05,12.51
ENERGY_ONLY,8018,3500,0.0600,N/A,12,0.05,12.51
ENERGY_ONLY,8018,3600,0.0600,N/A,12,0.05,12.51
ENERGY_ONLY,8018,3700,0.0600,N/A,12,0.05,12.51
ENERGY_ONLY,8018,3800,0.0600,N/A,12,0.05,12.51
ENERGY_ONLY,8018,3900,0.0600,N/A,12,0.05,12.51
ENERGY_ONLY,8018,4000,0.0600,N/A,12,0.05,12.51
ENERGY_ONLY,8018,4100,0.0600,N/A,12,0.05,12.51
ENERGY_ONLY,8018,4200,0.0600,N/A,12,0.05,12.51
ENERGY_ONLY,8018,4300,0.0600,N/A,12,0.05,12.51
ENERGY_ONLY,8018,4400,0.0600,N/A,12,0.05,12.51
ENERGY_ONLY,8018,4500,0.0600,N/A,12,0.05,12.51
ENERGY_ONLY,8018,4600,0.0600,N/A,12,0.05,12.51
ENERGY_ONLY,8018,4700,0.0600,N/A,12,0.05,12.51
ENERGY_ONLY,8018,4800,0.0600,N/A,12,0.05,12.51
ENERGY_ONLY,8018,4900,0.0600,N/A,12,0.05,12.51
ENERGY_ONLY,8018,5000,0.0600,N/A,12,0.05,12.51
ENERGY_ONLY,8018,5100,0.0600,N/A,12,0.05,12.51
ENERGY_ONLY,8018,5200,0.0600,N/A,12,0.05,12.51
ENERGY_ONLY,8018,5300,0.0600,N/A,12,0.05,12.51
ENERGY_ONLY,8018,5400,0.0600,N/A,12,0.05,12.51
ENERGY_ONLY,8018,5500,0.0600,N/A,12,0.05,12.51
ENERGY_ONLY,8018,5600,0.0600,N/A,12,0.05,12.51
ENERGY_ONLY,8018,5700,0.0600,N/A,12,0.05,12.51
ENERGY_ONLY,8018,5800,0.0600,N/A,12,0.05,12.51
ENERGY_ONLY,8018,5900,0.0600,N/A,12,0.05,12.51
ENERGY_ONLY,8018,6000,0.0600,N/A,12,0.05,12.51
ENERGY_ONLY,8018,6100,0.0600,N/A,12,0.05,12.51
ENERGY_ONLY,8018,6200,0.0600,N/A,12,0.05,12.51
ENERGY_ONLY,8018,6300,0.0600,N/A,12,0.05,12.51
ENERGY_ONLY,8018,6400,0.0600,N/A,12,0.05,12.51
ENERGY_ONLY,8018,6500,0.0600,N/A,12,0.05,12.51
ENERGY_ONLY,8018,6600,0.0600,N/A,12,0.05,12.51
ENERGY_ONLY,8018,6700,0.0600,N/A,12,0.05,12.51
ENERGY_ONLY,8018,6800,0.0600,N/A,12,0.05,12.51
ENERGY_ONLY,8018,6900,0.0600,N/A,12,0.05,12.51
ENERGY_ONLY,8018,7000,0.0600,N/A,12,0.05,12.51
ENERGY_ONLY,8018,7100,0.0600,N/A,12,0.05,12.51
ENERGY_ONLY,8018,7200,0.0600,N/A,12,0.05,12.51
ENERGY_ONLY,8018,7300,0.0600,N/A,12,0.05,12.51
ENERGY_ONLY,8018,7400,0.0600,N/A,12,0.05,12.51
ENERGY_ONLY,8018,7500,0.0600,N/A,12,0.05,12.51
ENERGY_ONLY,8018,7600,0.0600,N/A,12,0.05,12.51
ENERGY_ONLY,8018,7700,0.0600,N/A,12,0.05,12.51
ENERGY_ONLY,8018,7800,0.0600,N/A,12,0.05,12.51
ENERGY_ONLY,8018,7900,0.0600,N/A,12,0.05,12.51
ENERGY_ONLY,8018,8000,0.0600,N/A,12,0.05,12.51
ENERGY_ONLY,8018,8100,0.0600,N/A,12,0.05,12.51
ENERGY_ONLY,8018,8200,0.0600,N/A,12,0.05,12.51
ENERGY_ONLY,8018,8300,0.0600,N/A,12,0.05,12.51
ENERGY_ONLY,8018,8400,0.0600,N/A,12,0.02,12.51
ENERGY_ONLY,8018,8500,0.0600,N/A,12,0.02,12.51
ENERGY_ONLY,8018,8600,0.0600,N/A,12,0.02,12.51
ENERGY_ONLY,8018,8700,0.0600,N/A,12,0.02,12.51
ENERGY_ONLY,8018,8800,0.0600,N/A,12,0.02,12.51
ENERGY_ONLY,8018,8900,0.0600,N/A,12,0.02,12.51
ENERGY_ONLY,8018,9000,0.0600,N/A,12,0.02,12.51
ENERGY_ONLY,8018,9100,0.0600,N/A,12,0.02,12.51
ENERGY_ONLY,8018,9200,0.0600,N/A,12,0.02,12.51
ENERGY_ONLY,8018,9300,0.0600,N/A,12,0.02,12.51
ENERGY_ONLY,8018,9400,0.0600,N/A,12,0.02,12.51
ENERGY_ONLY,8018,9500,0.0600,N/A,12,0.02,12.51
ENERGY_ONLY,8018,9600,0.0600,N/A,12,0.02,12.51
ENERGY_ONLY,8018,9700,0.0600,N/A,12,0.02,12.51
ENERGY_ONLY,8018,9800,0.0600,N/A,12,0.02,12.51
ENERGY_ONLY,8018,9900,0.0600,N/A,12,0.02,12.51
FULL,9015,0,0.0946,0.104741,12,200.00,10.81
FULL,9015,100,0.0910,30.243069,12,133.99,15.93
FULL,9015,200,0.0896,75.109369,12,132.53,16.43
FULL,9015,300,0.0795,1.651872,12,132.49,18.27
FULL,9015,400,0.0929,338.990627,12,135.56,15.71
FULL,9015,500,0.0952,472.084066,12,138.24,15.70
FULL,9015,600,0.0971,598.629601,12,140.91,15.68
FULL,9015,700,0.0986,743.682390,12,143.55,15.57
FULL,9015,800,0.0998,883.974759,12,146.19,15.50
FULL,9015,900,0.1002,1006.855994,12,148.81,15.45
FULL,9015,1000,0.0826,2.238739,11,117.40,14.27
FULL,9015,1100,0.0770,1.705244,10,104.90,15.23
FULL,9015,1200,0.0755,88.635303,11,99.59,16.62
FULL,9015,1300,0.0759,89.822266,11,100.08,14.95
FULL,9015,1400,0.0746,1.053124,12,99.35,13.60
FULL,9015,1500,0.0720,83.642116,12,99.52,12.79
FULL,9015,1600,0.0650,0.939615,12,83.67,13.06
FULL,9015,1700,0.0531,0.598101,12,83.54,15.93
FULL,9015,1800,0.0663,27.808333,9,83.78,13.67
FULL,9015,1900,0.0566,0.393378,12,83.52,12.66
FULL,9015,2000,0.0608,1.420575,12,84.04,12.61
FULL,9015,2100,0.0598,1.708831,10,83.76,12.79
FULL,9015,2200,0.0638,0.635117,10,83.65,14.62
FULL,9015,2300,0.0639,0.975735,12,83.71,13.54
FULL,9015,2400,0.0632,0.863731,10,83.78,14.00
FULL,9015,2500,0.0655,0.892798,12,83.57,12.76
FULL,9015,2600,0.0583,0.695234,12,84.26,12.30
FULL,9015,2700,0.0646,0.950592,12,83.94,14.33
FULL,9015,2800,0.0644,20.647182,12,84.01,12.97
FULL,9015,2900,0.0647,44.865458,12,84.31,13.19
FULL,9015,3000,0.0597,1.524788,12,83.80,13.24
FULL,9015,3100,0.0472,0.460946,12,84.35,17.01
FULL,9015,3200,0.0667,60.136907,12,84.45,12.16
FULL,9015,3300,0.0661,106.442050,12,84.35,13.11
FULL,9015,3400,0.0644,107.678705,12,84.07,12.63
FULL,9015,3500,0.0636,28.816743,12,83.75,13.97
FULL,9015,3600,0.0562,0.822214,12,83.99,12.72
FULL,9015,3700,0.0675,23.484041,12,84.12,12.83
FULL,9015,3800,0.0652,0.935720,10,83.84,13.04
FULL,9015,3900,0.0654,75.703676,12,84.01,13.35
FULL,9015,4000,0.0636,0.977248,12,83.69,15.00
FULL,9015,4100,0.0661,34.988165,12,84.05,13.99
FULL,9015,4200,0.0559,0.798308,12,83.59,15.36
FULL,9015,4300,0.0593,1.691173,12,83.71,14.08
FULL,9015,4400,0.0659,68.179696,12,83.61,14.75
FULL,9015,4500,0.0647,67.540970,12,83.77,13.00
FULL,9015,4600,0.0661,17.380475,12,84.00,13.54
FULL,9015,4700,0.0661,0.788586,12,83.82,12.73
FULL,9015,4800,0.0658,67.952560,12,83.70,13.27
FULL,9015,4900,0.0636,92.902047,12,83.92,14.55
FULL,9015,5000,0.0648,43.098075,12,83.95,14.52
FULL,9015,5100,0.0537,0.475743,12,84.11,13.35
FULL,9015,5200,0.0642,24.296704,12,83.61,14.11
FULL,9015,5300,0.0574,0.397264,12,83.55,11.95
FULL,9015,5400,0.0661,61.494673,12,84.20,12.20
FULL,9015,5500,0.0638,0.833299,12,83.83,13.75
FULL,9015,5600,0.0578,0.729711,10,83.49,13.59
FULL,9015,5700,0.0648,77.888769,12,83.67,12.92
FULL,9015,5800,0.0636,0.930597,12,83.90,13.11
FULL,9015,5900,0.0640,0.824160,12,83.94,13.42
FULL,9015,6000,0.0534,1.525459,9,83.86,11.90
FULL,9015,6100,0.0639,81.023046,12,83.98,14.75
FULL,9015,6200,0.0659,24.168893,12,83.55,13.98
FULL,9015,6300,0.0647,16.193957,12,84.00,13.17
FULL,9015,6400,0.0600,1.729714,10,83.43,14.34
FULL,9015,6500,0.0565,0.639232,12,83.89,14.19
FULL,9015,6600,0.0626,110.312049,12,83.79,15.60
FULL,9015,6700,0.0653,24.835883,11,83.75,14.45
FULL,9015,6800,0.0646,0.761723,10,83.65,12.06
FULL,9015,6900,0.0530,0.445654,12,83.77,14.09
FULL,9015,7000,0.0600,1.669158,10,83.50,13.87
FULL,9015,7100,0.0672,32.387083,12,83.89,12.77
FULL,9015,7200,0.0520,0.471917,10,83.48,13.61
FULL,9015,7300,0.0647,22.665046,12,83.71,14.28
FULL,9015,7400,0.0578,0.814564,12,83.89,14.26
FULL,9015,7500,0.0633,0.967265,12,84.15,15.18
FULL,9015,7600,0.0644,33.395660,12,84.15,13.03
FULL,9015,7700,0.0624,0.463032,12,83.65,13.20
FULL,9015,7800,0.0665,14.970327,12,83.80,12.69
FULL,9015,7900,0.0625,1.377796,10,83.71,13.28
FULL,9015,8000,0.0641,26.267548,12,83.60,12.67
FULL,9015,8100,0.0639,32.059357,9,83.76,13.48
FULL,9015,8200,0.0637,21.826160,12,83.61,13.97
FULL,9015,8300,0.0624,112.899904,12,83.96,14.05
FULL,9015,8400,0.0638,21.884418,10,83.66,12.12
FULL,9015,8500,0.0658,20.869115,10,83.59,12.68
FULL,9015,8600,0.0643,17.268215,11,83.58,14.32
FULL,9015,8700,0.0642,77.403294,12,83.83,14.63
FULL,9015,8800,0.0625,115.713232,12,83.75,12.41
FULL,9015,8900,0.0620,0.955569,12,83.68,14.04
FULL,9015,9000,0.0537,0.693487,12,83.61,12.47
FULL,9015,9100,0.0633,24.806523,12,83.72,13.54
FULL,9015,9200,0.0626,31.699432,12,83.59,14.49
FULL,9015,9300,0.0624,1.696183,10,84.41,12.26
FULL,9015,9400,0.0625,36.816421,12,83.80,14.46
FULL,9015,9500,0.0630,63.123729,12,83.85,13.17
FULL,9015,9600,0.0553,0.394598,12,83.73,12.97
FULL,9015,9700,0.0607,1.389252,9,83.96,12.56
FULL,9015,9800,0.0633,0.630395,10,83.68,13.10
FULL,9015,9900,0.0654,36.403856,12,83.71,13.53
FREE,9015,0,0.0985,0.000000,12,1000.00,10.84
FREE,9015,100,0.1231,N/A,12,1000.00,10.84
FREE,9015,200,0.1231,N/A,12,1000.00,10.84
FREE,9015,300,0.1231,N/A,12,1000.00,10.84
FREE,9015,400,0.1231,N/A,12,1000.00,10.84
FREE,9015,500,0.1231,N/A,12,1000.00,10.84
FREE,9015,600,0.1231,N/A,12,1000.00,10.84
FREE,9015,700,0.1231,N/A,12,1000.00,10.84
FREE,9015,800,0.1231,N/A,12,1000.00,10.84
FREE,9015,900,0.1231,N/A,12,1000.00,10.84
FREE,9015,1000,0.1231,N/A,12,1000.00,10.84
FREE,9015,1100,0.1231,N/A,12,1000.00,10.84
FREE,9015,1200,0.1231,N/A,12,1000.00,10.84
FREE,9015,1300,0.1231,N/A,12,1000.00,10.84
FREE,9015,1400,0.1231,N/A,12,1000.00,10.84
FREE,9015,1500,0.1231,N/A,12,1000.00,10.84
FREE,9015,1600,0.1231,N/A,12,1000.00,10.84
FREE,9015,1700,0.1231,N/A,12,1000.00,10.84
FREE,9015,1800,0.1231,N/A,12,1000.00,10.84
FREE,9015,1900,0.1231,N/A,12,1000.00,10.84
FREE,9015,2000,0.1231,N/A,12,1000.00,10.84
FREE,9015,2100,0.1231,N/A,12,1000.00,10.84
FREE,9015,2200,0.1231,N/A,12,1000.00,10.84
FREE,9015,2300,0.1231,N/A,12,1000.00,10.84
FREE,9015,2400,0.1231,N/A,12,1000.00,10.84
FREE,9015,2500,0.1231,N/A,12,1000.00,10.84
FREE,9015,2600,0.1231,N/A,12,1000.00,10.84
FREE,9015,2700,0.1231,N/A,12,1000.00,10.84
FREE,9015,2800,0.1231,N/A,12,1000.00,10.84
FREE,9015,2900,0.1231,N/A,12,1000.00,10.84
FREE,9015,3000,0.1231,N/A,12,1000.00,10.84
FREE,9015,3100,0.1231,N/A,12,1000.00,10.84
FREE,9015,3200,0.1231,N/A,12,1000.00,10.84
FREE,9015,3300,0.1231,N/A,12,1000.00,10.84
FREE,9015,3400,0.1231,N/A,12,1000.00,10.84
FREE,9015,3500,0.1231,N/A,12,1000.00,10.84
FREE,9015,3600,0.1231,N/A,12,1000.00,10.84
FREE,9015,3700,0.1231,N/A,12,1000.00,10.84
FREE,9015,3800,0.1231,N/A,12,1000.00,10.84
FREE,9015,3900,0.1231,N/A,12,1000.00,10.84
FREE,9015,4000,0.1231,N/A,12,1000.00,10.84
FREE,9015,4100,0.1231,N/A,12,1000.00,10.84
FREE,9015,4200,0.1231,N/A,12,1000.00,10.84
FREE,9015,4300,0.1231,N/A,12,1000.00,10.84
FREE,9015,4400,0.1231,N/A,12,1000.00,10.84
FREE,9015,4500,0.1231,N/A,12,1000.00,10.84
FREE,9015,4600,0.1231,N/A,12,1000.00,10.84
FREE,9015,4700,0.1231,N/A,12,1000.00,10.84
FREE,9015,4800,0.1231,N/A,12,1000.00,10.84
FREE,9015,4900,0.1231,N/A,12,1000.00,10.84
FREE,9015,5000,0.1231,N/A,12,1000.00,10.84
FREE,9015,5100,0.1231,N/A,12,1000.00,10.84
FREE,9015,5200,0.1231,N/A,12,1000.00,10.84
FREE,9015,5300,0.1231,N/A,12,1000.00,10.84
FREE,9015,5400,0.1231,N/A,12,1000.00,10.84
FREE,9015,5500,0.1231,N/A,12,1000.00,10.84
FREE,9015,5600,0.1231,N/A,12,1000.00,10.84
FREE,9015,5700,0.1231,N/A,12,1000.00,10.84
FREE,9015,5800,0.1231,N/A,12,1000.00,10.84
FREE,9015,5900,0.1231,N/A,12,1000.00,10.84
FREE,9015,6000,0.1231,N/A,12,1000.00,10.84
FREE,9015,6100,0.1231,N/A,12,1000.00,10.84
FREE,9015,6200,0.1231,N/A,12,1000.00,10.84
FREE,9015,6300,0.1231,N/A,12,1000.00,10.84
FREE,9015,6400,0.1231,N/A,12,1000.00,10.84
FREE,9015,6500,0.1231,N/A,12,1000.00,10.84
FREE,9015,6600,0.1231,N/A,12,1000.00,10.84
FREE,9015,6700,0.1231,N/A,12,1000.00,10.84
FREE,9015,6800,0.1231,N/A,12,1000.00,10.84
FREE,9015,6900,0.1231,N/A,12,1000.00,10.84
FREE,9015,7000,0.1231,N/A,12,1000.00,10.84
FREE,9015,7100,0.1231,N/A,12,1000.00,10.84
FREE,9015,7200,0.1231,N/A,12,1000.00,10.84
FREE,9015,7300,0.1231,N/A,12,1000.00,10.84
FREE,9015,7400,0.1231,N/A,12,1000.00,10.84
FREE,9015,7500,0.1231,N/A,12,1000.00,10.84
FREE,9015,7600,0.1231,N/A,12,1000.00,10.84
FREE,9015,7700,0.1231,N/A,12,1000.00,10.84
FREE,9015,7800,0.1231,N/A,12,1000.00,10.84
FREE,9015,7900,0.1231,N/A,12,1000.00,10.84
FREE,9015,8000,0.1231,N/A,12,1000.00,10.84
FREE,9015,8100,0.1231,N/A,12,1000.00,10.84
FREE,9015,8200,0.1231,N/A,12,1000.00,10.84
FREE,9015,8300,0.1231,N/A,12,1000.00,10.84
FREE,9015,8400,0.1231,N/A,12,1000.00,10.84
FREE,9015,8500,0.1231,N/A,12,1000.00,10.84
FREE,9015,8600,0.1231,N/A,12,1000.00,10.84
FREE,9015,8700,0.1231,N/A,12,1000.00,10.84
FREE,9015,8800,0.1231,N/A,12,1000.00,10.84
FREE,9015,8900,0.1231,N/A,12,1000.00,10.84
FREE,9015,9000,0.1231,N/A,12,1000.00,10.84
FREE,9015,9100,0.1231,N/A,12,1000.00,10.84
FREE,9015,9200,0.1231,N/A,12,1000.00,10.84
FREE,9015,9300,0.1231,N/A,12,1000.00,10.84
FREE,9015,9400,0.1231,N/A,12,1000.00,10.84
FREE,9015,9500,0.1231,N/A,12,1000.00,10.84
FREE,9015,9600,0.1231,N/A,12,1000.00,10.84
FREE,9015,9700,0.1231,N/A,12,1000.00,10.84
FREE,9015,9800,0.1231,N/A,12,1000.00,10.84
FREE,9015,9900,0.1231,N/A,12,1000.00,10.84
ENERGY_ONLY,9015,0,0.0946,0.104741,12,199.90,10.84
ENERGY_ONLY,9015,100,0.1172,1206.963078,12,190.07,10.84
ENERGY_ONLY,9015,200,0.1162,1204.097529,12,180.24,10.84
ENERGY_ONLY,9015,300,0.1151,1191.681654,12,170.42,10.84
ENERGY_ONLY,9015,400,0.1141,1154.701960,12,160.61,10.84
ENERGY_ONLY,9015,500,0.1130,1073.654559,12,150.81,10.84
ENERGY_ONLY,9015,600,0.1119,937.336741,12,141.02,10.84
ENERGY_ONLY,9015,700,0.1105,762.562998,12,131.25,10.84
ENERGY_ONLY,9015,800,0.1088,598.998484,12,121.48,10.84
ENERGY_ONLY,9015,900,0.1066,492.035608,12,111.74,10.84
ENERGY_ONLY,9015,1000,0.1047,965.795724,12,102.55,10.84
ENERGY_ONLY,9015,1100,0.1035,844.138404,12,94.53,10.84
ENERGY_ONLY,9015,1200,0.1022,717.942263,12,86.51,10.84
ENERGY_ONLY,9015,1300,0.1006,596.022348,12,78.51,10.84
ENERGY_ONLY,9015,1400,0.0988,485.390255,12,70.53,10.84
ENERGY_ONLY,9015,1500,0.0965,390.215091,12,62.56,10.84
ENERGY_ONLY,9015,1600,0.0938,311.844811,12,54.62,10.84
ENERGY_ONLY,9015,1700,0.0905,249.495951,12,46.70,10.84
ENERGY_ONLY,9015,1800,0.0866,201.146999,12,38.82,10.84
ENERGY_ONLY,9015,1900,0.0820,164.312009,12,30.98,10.84
ENERGY_ONLY,9015,2000,0.0768,136.557590,12,23.19,10.84
ENERGY_ONLY,9015,2100,0.0711,115.766977,12,15.44,10.84
ENERGY_ONLY,9015,2200,0.0650,100.222987,12,7.75,10.84
ENERGY_ONLY,9015,2300,0.0590,121.140879,12,0.49,10.84
ENERGY_ONLY,9015,2400,0.0587,N/A,12,0.11,10.84
ENERGY_ONLY,9015,2500,0.0587,N/A,12,0.11,10.84
ENERGY_ONLY,9015,2600,0.0587,N/A,12,0.11,10.84
ENERGY_ONLY,9015,2700,0.0587,N/A,12,0.11,10.84
ENERGY_ONLY,9015,2800,0.0587,N/A,12,0.11,10.84
ENERGY_ONLY,9015,2900,0.0587,N/A,12,0.11,10.84
ENERGY_ONLY,9015,3000,0.0587,N/A,12,0.11,10.84
ENERGY_ONLY,9015,3100,0.0587,N/A,12,0.11,10.84
ENERGY_ONLY,9015,3200,0.0587,N/A,12,0.11,10.84
ENERGY_ONLY,9015,3300,0.0587,N/A,12,0.11,10.84
ENERGY_ONLY,9015,3400,0.0587,N/A,12,0.11,10.84
ENERGY_ONLY,9015,3500,0.0587,N/A,12,0.11,10.84
ENERGY_ONLY,9015,3600,0.0587,N/A,12,0.11,10.84
ENERGY_ONLY,9015,3700,0.0587,N/A,12,0.11,10.84
ENERGY_ONLY,9015,3800,0.0587,N/A,12,0.11,10.84
ENERGY_ONLY,9015,3900,0.0587,N/A,12,0.11,10.84
ENERGY_ONLY,9015,4000,0.0587,N/A,12,0.11,10.84
ENERGY_ONLY,9015,4100,0.0587,N/A,12,0.11,10.84
ENERGY_ONLY,9015,4200,0.0586,N/A,12,0.05,10.84
ENERGY_ONLY,9015,4300,0.0586,N/A,12,0.05,10.84
ENERGY_ONLY,9015,4400,0.0586,N/A,12,0.05,10.84
ENERGY_ONLY,9015,4500,0.0586,N/A,12,0.05,10.84
ENERGY_ONLY,9015,4600,0.0586,N/A,12,0.05,10.84
ENERGY_ONLY,9015,4700,0.0586,N/A,12,0.05,10.84
ENERGY_ONLY,9015,4800,0.0586,N/A,12,0.05,10.84
ENERGY_ONLY,9015,4900,0.0586,N/A,12,0.05,10.84
ENERGY_ONLY,9015,5000,0.0586,N/A,12,0.00,10.84
ENERGY_ONLY,9015,5100,0.0586,N/A,12,0.00,10.84
ENERGY_ONLY,9015,5200,0.0586,N/A,12,0.00,10.84
ENERGY_ONLY,9015,5300,0.0586,N/A,12,0.00,10.84
ENERGY_ONLY,9015,5400,0.0586,N/A,12,0.00,10.84
ENERGY_ONLY,9015,5500,0.0586,N/A,12,0.00,10.84
ENERGY_ONLY,9015,5600,0.0586,N/A,12,0.00,10.84
ENERGY_ONLY,9015,5700,0.0586,N/A,12,0.00,10.84
ENERGY_ONLY,9015,5800,0.0586,N/A,12,0.00,10.84
ENERGY_ONLY,9015,5900,0.0586,N/A,12,0.00,10.84
ENERGY_ONLY,9015,6000,0.0586,N/A,12,0.00,10.84
ENERGY_ONLY,9015,6100,0.0586,N/A,12,0.00,10.84
ENERGY_ONLY,9015,6200,0.0586,N/A,12,0.00,10.84
ENERGY_ONLY,9015,6300,0.0586,N/A,12,0.00,10.84
ENERGY_ONLY,9015,6400,0.0586,N/A,12,0.00,10.84
ENERGY_ONLY,9015,6500,0.0586,N/A,12,0.00,10.84
ENERGY_ONLY,9015,6600,0.0586,N/A,12,0.00,10.84
ENERGY_ONLY,9015,6700,0.0586,N/A,12,0.00,10.84
ENERGY_ONLY,9015,6800,0.0586,N/A,12,0.00,10.84
ENERGY_ONLY,9015,6900,0.0586,N/A,12,0.00,10.84
ENERGY_ONLY,9015,7000,0.0586,N/A,12,0.00,10.84
ENERGY_ONLY,9015,7100,0.0586,N/A,12,0.00,10.84
ENERGY_ONLY,9015,7200,0.0586,N/A,12,0.00,10.84
ENERGY_ONLY,9015,7300,0.0586,N/A,12,0.00,10.84
ENERGY_ONLY,9015,7400,0.0586,N/A,12,0.00,10.84
ENERGY_ONLY,9015,7500,0.0586,N/A,12,0.00,10.84
ENERGY_ONLY,9015,7600,0.0586,N/A,12,0.00,10.84
ENERGY_ONLY,9015,7700,0.0586,N/A,12,0.00,10.84
ENERGY_ONLY,9015,7800,0.0586,N/A,12,0.00,10.84
ENERGY_ONLY,9015,7900,0.0586,N/A,12,0.00,10.84
ENERGY_ONLY,9015,8000,0.0586,N/A,12,0.00,10.84
ENERGY_ONLY,9015,8100,0.0586,N/A,12,0.00,10.84
ENERGY_ONLY,9015,8200,0.0586,N/A,12,0.00,10.84
ENERGY_ONLY,9015,8300,0.0586,N/A,12,0.00,10.84
ENERGY_ONLY,9015,8400,0.0586,N/A,12,0.00,10.84
ENERGY_ONLY,9015,8500,0.0586,N/A,12,0.00,10.84
ENERGY_ONLY,9015,8600,0.0586,N/A,12,0.00,10.84
ENERGY_ONLY,9015,8700,0.0586,N/A,12,0.00,10.84
ENERGY_ONLY,9015,8800,0.0586,N/A,12,0.00,10.84
ENERGY_ONLY,9015,8900,0.0586,N/A,12,0.00,10.84
ENERGY_ONLY,9015,9000,0.0586,N/A,12,0.00,10.84
ENERGY_ONLY,9015,9100,0.0586,N/A,12,0.00,10.84
ENERGY_ONLY,9015,9200,0.0586,N/A,12,0.00,10.84
ENERGY_ONLY,9015,9300,0.0586,N/A,12,0.00,10.84
ENERGY_ONLY,9015,9400,0.0586,N/A,12,0.00,10.84
ENERGY_ONLY,9015,9500,0.0586,N/A,12,0.00,10.84
ENERGY_ONLY,9015,9600,0.0586,N/A,12,0.00,10.84
ENERGY_ONLY,9015,9700,0.0586,N/A,12,0.00,10.84
ENERGY_ONLY,9015,9800,0.0586,N/A,12,0.00,10.84
ENERGY_ONLY,9015,9900,0.0586,N/A,12,0.00,10.84
